,x,y,z,class
0,-0.4525252,-0.8907047,0.02300506,1
1,0.6528502,-0.8458747,0.02108445,1
2,0.3979041,0.9134504,-0.0013908,1
3,0.09523301,1.054986,0.00628025,1
4,0.5239898,-0.941104,0.03776228,1
5,-0.0262946,1.004394,0.02179162,1
6,0.4245459,0.9081925,-0.0285324,1
7,-0.9914314,-0.2748777,0.05108846,1
8,-1.012615,-0.0352555,0.0379796,1
9,-0.7304934,-0.6309835,-0.0312168,1
10,0.8791467,0.3461147,0.04394252,1
11,-0.8454329,-0.4586898,0.08494412,1
12,-0.3850727,0.9208952,0.00558477,1
13,0.2401671,0.8836523,0.04803932,1
14,1.030956,-0.2602377,0.07270965,1
15,0.8711563,0.5018122,-0.0402896,1
16,-1.017577,-0.0055609,0.02779346,1
17,0.5919266,0.7867122,0.03608653,1
18,0.2968938,0.9459822,0.00662452,1
19,-0.8315876,-0.403408,0.05416447,1
20,0.6072732,-0.7823157,-0.0182249,1
21,-0.7116698,-0.7390734,0.01252387,1
22,-0.5372357,0.8592843,0.00196889,1
23,-0.8932135,-0.4196326,-0.0108159,1
24,0.07238223,-0.9132109,0.04862236,1
25,0.579431,0.8187206,-0.0007589,1
26,0.8662957,-0.4956995,0.00595943,1
27,-0.3595167,1.03311,-0.0163078,1
28,-0.7784818,-0.6028631,-0.0865145,1
29,-0.0978664,-0.9878286,0.02240619,1
30,0.8867942,0.4013573,0.04856408,1
31,0.7541975,0.7424313,-0.0178712,1
32,1.05449,-0.077174,0.02381608,1
33,-0.2053988,-0.9561935,-0.0305776,1
34,0.7970704,0.5505686,0.03127124,1
35,0.8066438,0.6291378,-0.0021966,1
36,-0.0722066,1.009209,-0.0157249,1
37,-0.4150387,-0.97207,0.01993414,1
38,-0.0831856,1.085167,0.0359923,1
39,0.507577,-0.7941202,0.02209442,1
40,-0.2381655,0.9057287,-0.0305324,1
41,-0.6344385,0.6892956,-0.0257716,1
42,-0.8517859,-0.595751,0.00465477,1
43,-0.5734966,-0.8914041,0.06845987,1
44,-0.7232516,0.7123779,0.0318422,1
45,-0.67738,0.8037861,-0.0052112,1
46,-0.4641712,-0.9693576,-0.0344596,1
47,-0.7108782,-0.7607005,-0.0682099,1
48,0.6119706,0.8453011,-0.0168075,1
49,-0.5804743,-0.7458711,-0.0398432,1
50,0.1699191,-0.9753816,0.0132484,1
51,0.7689811,-0.622375,-0.0136208,1
52,-0.2929491,-0.9795689,0.01718237,1
53,-0.2086039,-1.001468,0.01579961,1
54,0.2997382,-0.9647487,0.00309421,1
55,-0.0316683,-1.044972,0.01082174,1
56,0.2230901,-0.9750819,0.01375148,1
57,0.9099784,-0.4843764,-0.0155284,1
58,0.3913913,0.8843374,-0.0275508,1
59,-0.9952396,-0.056835,0.03616623,1
60,-1.025552,0.02438884,0.0936955,1
61,-0.0574365,1.009172,0.00857179,1
62,0.7787806,0.6906266,-0.0371231,1
63,0.5150449,0.8358649,-0.0268056,1
64,-0.9675723,0.116985,-0.0816102,1
65,-0.8908005,-0.5022659,-0.034013,1
66,-1.052795,-0.1772752,-0.0103016,1
67,-0.1170348,1.059045,-0.0430465,1
68,-0.6519069,0.7238578,0.01769686,1
69,0.7757394,-0.6810511,-0.0009876,1
70,0.393839,0.9388235,-0.024617,1
71,0.4914811,0.8681676,0.00246011,1
72,-1.0298,-0.3099082,0.00173572,1
73,0.2242573,-0.939494,-0.031988,1
74,-0.8970434,0.4742951,0.02297543,1
75,-0.7381823,0.6463259,-0.0471291,1
76,0.04326408,1.024984,0.00162092,1
77,0.6332079,0.7825192,0.00723937,1
78,-0.9877009,-0.3346106,-0.0041075,1
79,-0.6260111,0.746164,0.0882138,1
80,0.9284858,0.5211704,0.06636477,1
81,0.9288368,0.3225315,0.04703509,1
82,0.5494481,-0.8704403,0.01046321,1
83,0.312492,-0.902157,-0.0208701,1
84,0.3788501,-0.9361303,0.02969211,1
85,-0.6153127,-0.9063245,-0.0177639,1
86,0.9138843,-0.5754019,0.01075579,1
87,-0.7303754,0.7034292,0.01048837,1
88,-1.067262,-0.054688,-0.042956,1
89,0.9489682,-0.244581,-0.0001919,1
90,-0.1713969,-0.9744681,0.01154753,1
91,-0.0589864,0.9295416,-0.0718201,1
92,0.4990586,0.8236492,0.05885493,1
93,0.3550708,-0.8948407,-0.0847769,1
94,0.4710227,0.8511497,-0.061292,1
95,-0.7010316,0.7238472,-0.0347031,1
96,-0.9865252,-0.1712758,-0.0009419,1
97,0.7607547,-0.5345846,-0.0158275,1
98,-0.5738816,-0.769618,-0.02144,1
99,0.9270662,0.1006509,0.03652247,1
100,0.578869,-0.7721276,0.00342795,1
101,-0.6539927,0.7634713,0.04445028,1
102,0.4269167,0.8369188,-0.0378636,1
103,1.041257,0.04925253,0.08134313,1
104,-0.9785518,-0.0505186,-0.0090153,1
105,0.3977546,0.8860607,-0.0107711,1
106,0.8899992,0.571628,0.06580374,1
107,0.8692806,-0.4194305,0.02704047,1
108,-0.2447104,0.9252068,-0.0189327,1
109,0.936101,0.1209278,0.004459,1
110,-0.8148593,0.5855374,-0.0573582,1
111,-0.9705409,0.2927853,-0.0095683,1
112,-0.2825028,-0.998089,-0.0374855,1
113,0.9065384,-0.4166981,-0.0003654,1
114,0.7279068,0.6828516,-0.0033689,1
115,-0.0941138,0.9885787,-0.0110291,1
116,0.4283836,-0.9445792,-0.0344655,1
117,-0.7962189,-0.5924116,0.0249398,1
118,0.2138914,-0.9747726,-0.0105008,1
119,-0.6636963,0.7707521,0.07392181,1
120,-0.3056799,0.8571669,0.00342565,1
121,1.030233,0.2237844,0.05934804,1
122,0.8969428,-0.2808418,0.05280012,1
123,0.8569028,0.392391,0.05079991,1
124,-0.8865306,0.4850658,-0.0629902,1
125,0.1169559,-0.9904328,0.00447791,1
126,-0.9426945,-0.3353657,-0.0035864,1
127,-0.8961589,-0.4528128,0.0003698,1
128,0.3445988,-0.9538531,0.0366014,1
129,-0.6866495,0.7026338,-0.0821461,1
130,0.2929296,-0.9727051,0.00899222,1
131,-1.010291,-0.0060054,-0.0289151,1
132,-0.184142,-0.9294694,-0.011086,1
133,1.035673,-0.0431184,0.08144413,1
134,0.6415739,-0.8476114,-0.076684,1
135,-0.0801708,-0.950155,-0.0021712,1
136,-0.3147873,0.9773532,0.05544071,1
137,0.9675598,0.2916836,0.08126896,1
138,-0.8922702,-0.3758196,0.01993218,1
139,0.4362592,-0.9196537,-0.0228195,1
140,-0.2017404,1.022412,0.05488388,1
141,-0.8861998,0.5755693,-0.0061842,1
142,-0.6067962,-0.7956248,-0.0095983,1
143,0.8978401,-0.3494042,-0.0155058,1
144,0.6368266,0.7571368,0.01472598,1
145,0.8540821,-0.4669925,0.06688469,1
146,0.8954814,0.2036137,-0.0394695,1
147,-0.7769882,0.6470632,0.03396865,1
148,0.8863655,-0.5043673,0.02329869,1
149,-0.5083488,-0.8598643,0.00059735,1
150,0.3925786,0.9340613,0.05509504,1
151,0.8106082,-0.4828015,-0.0442453,1
152,0.9269958,0.3424513,0.03581956,1
153,0.5689212,-0.7458152,-0.0729574,1
154,0.8718963,0.3148957,-0.0539321,1
155,0.204139,0.9767487,0.03075248,1
156,0.9148624,-0.4709952,-0.0891713,1
157,-0.449887,0.8899445,0.02069098,1
158,-0.9166571,-0.4619573,-0.0723668,1
159,0.407942,-0.9186377,0.01516105,1
160,0.8167041,0.512904,0.04933635,1
161,0.9243759,-0.4781375,0.00250526,1
162,-0.1106222,0.9905781,0.00816699,1
163,-0.9641203,0.1407473,0.04709103,1
164,0.6052268,-0.8887156,-0.033692,1
165,-0.8175051,-0.5529537,-0.0356378,1
166,0.8372463,0.5350288,0.0095613,1
167,-0.8061915,-0.6093717,0.02652331,1
168,0.3554443,-0.9437524,-0.0075581,1
169,0.2894003,0.9593199,-0.0007966,1
170,-0.7287544,-0.7325371,0.09232039,1
171,0.931007,0.03527424,0.03566583,1
172,0.9903189,-0.0061715,0.02731654,1
173,-0.4192207,0.8633407,0.01092947,1
174,-0.6395701,0.8382642,0.02392218,1
175,-1.003214,-0.0655931,0.0947401,1
176,-0.7168918,-0.708012,0.05961081,1
177,0.8855559,-0.4724666,-0.0726776,1
178,-0.037043,-1.000509,0.04464802,1
179,-0.7894323,-0.6127975,0.00378106,1
180,0.0872189,-1.00493,0.06913141,1
181,-0.839012,-0.5516946,0.00118192,1
182,0.7531964,-0.5299208,0.00339806,1
183,0.0310178,-1.020277,0.06031104,1
184,-0.7361953,0.6539974,-0.0985032,1
185,0.3812882,-0.9265354,-0.0488804,1
186,-0.903648,-0.3102941,-0.0607638,1
187,0.8903593,0.4020455,0.09175167,1
188,-0.9208362,-0.2806829,-0.0392001,1
189,0.6022197,-0.8775923,0.063673,1
190,-0.2716924,-0.9763059,0.05270111,1
191,-0.9883425,-0.039914,0.03734058,1
192,-0.4781066,0.8670873,-0.0058362,1
193,-0.9949707,-0.14876,-0.0182881,1
194,0.4715608,0.8294519,-0.074302,1
195,1.017783,-0.0731143,0.05623087,1
196,-0.1971963,-0.9408268,0.023012,1
197,-0.9467975,0.1147495,-0.0368247,1
198,0.9022108,0.5566423,0.00415021,1
199,-0.7755664,-0.7186656,-0.0401669,1
200,0.4772231,-0.873987,-0.026157,1
201,-1.015976,-0.1790994,0.074983,1
202,0.6925607,0.6321898,0.05827533,1
203,-0.4588836,0.9291012,0.03059828,1
204,0.1188605,-1.081263,0.03850651,1
205,0.8366917,0.5030215,0.0679673,1
206,-0.8106366,0.6715391,0.00052005,1
207,0.8829255,0.4701936,0.00041436,1
208,1.070633,-0.0124207,-0.0218114,1
209,-0.6517914,-0.7921946,0.04200751,1
210,-0.9906625,-0.0247946,-0.0954052,1
211,-0.3147039,-0.8824713,-0.0183492,1
212,-0.4445942,-0.9264207,0.06500786,1
213,0.7827529,-0.5730028,0.00830768,1
214,0.08604859,1.064891,-0.0704518,1
215,-0.1619818,-0.9867987,0.00072935,1
216,-1.004771,0.2411631,0.09013502,1
217,-0.9150786,-0.1338567,-0.0560842,1
218,0.5360972,0.876226,0.02449636,1
219,0.7688923,0.6917978,0.06084953,1
220,-0.0206958,-1.079193,0.02294882,1
221,0.8923934,-0.4637655,0.00766431,1
222,0.325866,0.9995852,0.01091944,1
223,0.07032383,1.003159,-0.0168789,1
224,-0.9525768,-0.0361829,-0.0317952,1
225,-1.062538,0.1041366,0.04840984,1
226,0.659086,-0.6818433,0.05616286,1
227,0.6263126,-0.8114909,-0.0224464,1
228,-0.9382713,-0.1759027,-0.038619,1
229,-0.6697871,-0.6517938,0.01582675,1
230,-0.6326931,0.8163546,0.02131273,1
231,0.3447057,-0.8768006,-0.0679305,1
232,-0.4586594,-0.8286213,0.06920815,1
233,0.8269269,-0.671244,-0.00386,1
234,-0.4040283,-0.907478,0.0615304,1
235,-0.9781378,-0.2400336,-0.0022544,1
236,-0.7022534,0.6901054,0.02824615,1
237,0.5198099,-0.9463645,-0.0123266,1
238,0.764376,0.6510917,-0.0081548,1
239,0.6882214,-0.7241117,0.0014499,1
240,0.5638542,-0.778839,0.08010265,1
241,0.5339786,0.8036512,-0.0159897,1
242,-0.9908342,-0.154363,0.00801654,1
243,0.5243855,0.9225736,0.01073216,1
244,0.9910372,0.06489239,0.04336176,1
245,-0.474273,-0.9496884,0.0350037,1
246,-0.8714417,0.4753995,0.00697509,1
247,-0.5319537,0.8524714,-0.0088547,1
248,0.04840486,0.9930742,0.04756977,1
249,0.4441854,-0.8285268,-0.0030011,1
250,0.1207484,-1.015028,-0.0715271,1
251,-0.048261,1.088856,0.02421852,1
252,0.8395584,0.3741749,0.01217289,1
253,-0.6897391,0.6056653,-0.0466038,1
254,-0.7521829,0.717376,0.00393661,1
255,-0.1305259,-1.008878,0.00984738,1
256,0.7911198,0.6020418,0.02836633,1
257,0.9746437,-0.4646365,0.03030835,1
258,-1.022576,-0.1555946,0.02602287,1
259,-0.6428477,0.6973578,-0.0603644,1
260,-0.9847493,0.2207362,0.0062195,1
261,0.1374871,-0.9539414,-0.065388,1
262,-0.9673659,-0.2536793,0.00074851,1
263,-0.0104301,-0.9800498,-0.0190178,1
264,0.8626225,-0.53062,-0.0401455,1
265,-0.6209439,-0.8690461,0.05610835,1
266,-0.9926412,0.1263938,-0.0038384,1
267,0.1367307,1.047366,-0.0266255,1
268,-0.7283993,0.6473217,-0.0143982,1
269,-0.2576569,-0.9726462,0.01504503,1
270,1.028364,-0.0981998,-0.0874245,1
271,0.6686232,0.6955695,-0.00736,1
272,-0.7070821,0.7087109,-0.0552347,1
273,0.9771789,0.2125544,-0.0001993,1
274,-0.8130558,-0.6139481,0.02417151,1
275,-0.4753768,0.803038,-0.038456,1
276,-0.806303,-0.5007842,-0.0765278,1
277,-0.2848641,0.9253212,0.02574071,1
278,0.8472576,0.5934311,-0.0577119,1
279,-0.8910161,-0.3054792,0.03517925,1
280,-0.1793676,-0.9995517,0.02513522,1
281,-0.8683963,0.4948038,0.00091929,1
282,-0.9136584,0.4597872,0.0621774,1
283,0.6273165,0.6505976,-0.0141044,1
284,-0.4137878,0.8764021,-0.0844099,1
285,-0.9644665,-0.2804922,-0.0118271,1
286,0.3906721,0.8836279,-0.0693115,1
287,-0.9383436,-0.2316994,0.01989358,1
288,0.8723151,0.6459165,0.05053456,1
289,0.5066649,-0.8766632,0.01941332,1
290,0.587122,-0.795142,0.06734414,1
291,0.6048069,-0.7704094,-0.0153574,1
292,-0.979517,-0.1377238,-0.0369443,1
293,0.5999944,0.7909441,0.07567131,1
294,1.045008,0.02896201,-0.0105682,1
295,0.9870383,-0.120875,0.02346962,1
296,-0.9714522,-0.2966203,0.02154563,1
297,-0.7002813,0.6142094,0.04706121,1
298,0.9751146,0.08868289,-0.0287046,1
299,0.3781866,0.9324337,-0.0461186,1
300,-1.028923,-0.0892018,0.04585254,1
301,-1.021487,-0.3196229,-8.77e-05,1
302,-0.0628322,1.000771,-0.0045386,1
303,-0.0489822,-0.9873964,-0.0005858,1
304,0.7753552,0.7179174,-0.0416284,1
305,1.027735,-0.113874,0.03406398,1
306,-0.2034898,-0.9999443,0.00452813,1
307,-0.6222862,-0.7841265,0.05248285,1
308,0.5306675,-0.8989927,-0.0422796,1
309,-0.6853828,-0.7247343,-0.0035785,1
310,0.8853562,0.6009532,0.03695871,1
311,-0.0216289,-0.9980656,0.00930954,1
312,0.370208,-0.9137681,0.01919605,1
313,-0.5038933,-0.9521391,-0.0378341,1
314,-0.4638711,0.8698467,0.01404433,1
315,-0.7818452,0.5569412,0.013682,1
316,-0.2020263,-0.9874226,-0.0042264,1
317,0.3141808,-0.8707005,-0.0037312,1
318,0.5845242,-0.8190702,-0.0171173,1
319,0.4488838,0.8531349,0.05499229,1
320,0.3807725,-0.8636985,0.06472421,1
321,0.2829422,-0.9996413,0.03886763,1
322,0.4471008,-0.9013238,0.08377616,1
323,0.9739737,0.2389127,0.03511878,1
324,0.5943418,0.7783659,-0.011092,1
325,0.3271417,0.9268873,0.00020136,1
326,-0.654164,0.7129183,0.0618597,1
327,0.7649579,0.696396,-0.0697744,1
328,0.9031123,-0.2749019,-0.0188495,1
329,-0.5954452,-0.8068998,-0.0042745,1
330,-0.6388702,0.763719,-0.0348771,1
331,0.190019,0.9074505,0.05651912,1
332,-0.4302326,-0.8987025,-0.063772,1
333,-0.9394996,0.484135,0.0480111,1
334,0.1814853,1.041184,-0.0609514,1
335,0.9045763,-0.2858052,0.06257848,1
336,0.4187305,-0.873171,-0.0267395,1
337,0.1283591,0.9471365,-0.0203656,1
338,-0.4103509,0.8997673,-0.0162787,1
339,-0.7750632,-0.5764402,0.09230034,1
340,-0.9282999,0.4223964,0.03504187,1
341,-0.8266302,-0.5028171,0.04981433,1
342,-0.0653824,-0.9237822,0.01893499,1
343,0.8362741,-0.3792653,0.03599987,1
344,-0.8537841,-0.6320683,0.06713023,1
345,-0.907271,0.3183608,0.02533812,1
346,0.8668723,0.5232049,-0.0034305,1
347,0.8561152,0.5547471,-0.0831559,1
348,0.1618725,1.028018,0.00244079,1
349,0.01920432,-1.006453,0.04896341,1
350,-0.1881123,0.9533449,0.01876253,1
351,0.7350579,0.7563646,0.03248878,1
352,-0.959704,-0.2746221,0.00742583,1
353,-1.003312,0.133622,0.02488879,1
354,0.653781,0.6882715,0.05437084,1
355,-0.635364,-0.7881152,-0.0847476,1
356,0.8831093,-0.3774562,0.05304127,1
357,-0.6980714,0.6710282,-0.0331419,1
358,0.5931825,0.8036723,-0.0019767,1
359,0.9836712,0.3117294,0.03426954,1
360,-0.3593031,-0.938418,0.00506378,1
361,0.7807006,-0.6805179,0.07686638,1
362,0.1699943,0.9675813,0.00997644,1
363,-0.7207605,0.6705828,-0.0168881,1
364,-0.5832765,0.8969366,0.04766827,1
365,-0.4875825,-0.902605,0.04775766,1
366,0.1766189,-0.9056071,0.00297448,1
367,0.1335253,-0.9803122,-0.0229648,1
368,0.1719811,-0.958918,0.01094949,1
369,-0.8494139,-0.6159416,0.02871863,1
370,0.8752379,-0.5877328,-0.0253598,1
371,0.9673475,-0.2303179,0.01809982,1
372,0.4266124,-0.9049126,-0.0004308,1
373,0.4290095,-0.8694549,-0.0709721,1
374,0.2710902,-0.9055278,-0.0225305,1
375,0.9342909,-0.036834,0.04399051,1
376,-0.9931876,-0.2635061,-0.0463652,1
377,0.3275542,-0.9212962,0.02789493,1
378,-0.7811092,0.6382873,0.00271784,1
379,0.8356076,-0.6225897,0.0152626,1
380,0.6571456,0.8089245,0.07674046,1
381,0.08579204,-1.057926,-0.0396685,1
382,-0.1831917,0.9833967,-0.001515,1
383,-0.0836083,0.9886315,-0.0057307,1
384,-0.5694537,0.8191934,-0.0029274,1
385,-0.4138802,0.9070453,-0.0288585,1
386,0.6745062,-0.8199627,-0.039464,1
387,0.5157426,-0.866104,-0.0295937,1
388,-0.6538373,-0.7931302,0.0253858,1
389,-0.4500564,-0.9254882,0.05828766,1
390,-0.1502021,0.9922529,-0.0398731,1
391,0.8353829,-0.5424508,-0.005775,1
392,-0.9948974,-0.0489718,-0.0044195,1
393,0.04739208,-1.001925,0.0145576,1
394,0.8546153,-0.4867345,-0.076585,1
395,-0.4058666,-0.9453131,0.08464938,1
396,-0.102327,0.9155017,-0.0342617,1
397,-0.6613162,-0.6292628,-0.0248906,1
398,-0.7131377,0.7631184,0.08381276,1
399,-0.4311313,-0.8796984,0.05754479,1
400,-0.4939487,-0.8595998,0.01404321,1
401,-0.7593114,0.6107029,0.03858129,1
402,0.5393595,0.8621294,-0.0491462,1
403,-0.1898598,0.968556,-0.0117561,1
404,0.056922,-0.9658502,-0.00828,1
405,0.8617468,-0.6088903,-0.0237,1
406,0.3742041,0.8920184,-0.0445048,1
407,0.9585823,-0.1898142,0.05162155,1
408,1.008526,0.155931,0.0692575,1
409,-0.9246476,0.3540306,0.01724411,1
410,-0.961075,-0.2604183,-0.0032284,1
411,-0.6528546,0.7454947,0.0066264,1
412,-0.7582203,0.72731,-0.083639,1
413,-0.1789486,-0.9124298,-0.0128175,1
414,-0.4638592,0.8302957,0.06252226,1
415,0.8745804,-0.4296634,-0.0427644,1
416,-0.3305441,-0.9373864,-0.0079442,1
417,-0.9214508,-0.3039164,0.01008867,1
418,-0.9999515,-0.0899752,-0.0252851,1
419,-0.4285452,-0.9049601,-0.0560655,1
420,0.4249652,0.8380494,0.02833627,1
421,-0.1863029,0.9083556,-0.034248,1
422,-0.8099526,-0.6109953,-0.0010083,1
423,-0.826739,-0.3871457,0.00096875,1
424,0.01857138,1.014057,0.01282275,1
425,-0.9976097,-0.3273395,0.00631525,1
426,0.8780651,0.4850383,-0.0228309,1
427,-0.6094364,-0.8091761,0.02233334,1
428,-0.7762018,-0.5026478,-0.0487364,1
429,0.8452594,0.5690139,-0.0196323,1
430,-0.7732667,0.6524213,0.00586853,1
431,0.6880402,-0.802751,0.00820284,1
432,-0.8954662,-0.4836152,-0.0627244,1
433,0.9612674,0.303109,0.0465116,1
434,1.014707,0.1743652,0.02129771,1
435,0.9401378,-0.3378108,0.00052612,1
436,0.9787306,-0.0109791,0.00361292,1
437,-0.4423006,-0.8966079,0.02919219,1
438,0.6026584,-0.6892415,0.00673352,1
439,-0.8599545,-0.4964583,0.04658121,1
440,-0.5730262,-0.9171162,0.02619681,1
441,-0.7045418,-0.6662868,-0.0204442,1
442,-1.006784,-0.1064744,-0.0038992,1
443,0.8507126,0.4155105,0.05605586,1
444,0.9049369,0.02916136,0.00935326,1
445,-0.6327459,0.7916795,0.03194033,1
446,0.5189393,-0.7560755,0.01078267,1
447,0.876781,0.4482044,0.00903995,1
448,0.4478437,-0.9236386,0.09450646,1
449,-0.3943983,-0.93213,0.01312809,1
450,0.766618,-0.5742793,-0.0175346,1
451,-0.9236989,-0.3909355,0.01732905,1
452,-0.5417322,0.7451195,-0.0326514,1
453,0.7419369,-0.5552355,0.04160316,1
454,0.8005416,-0.5208094,-0.0059127,1
455,-0.7673031,-0.6648368,0.04535802,1
456,-0.4777605,-0.7667706,0.02411976,1
457,0.385698,-0.9311573,-0.0006669,1
458,0.5792892,0.8017762,-0.049598,1
459,-0.4065857,-0.9027204,0.02639582,1
460,0.7706226,-0.6305811,0.02670809,1
461,-0.9541288,-0.2372477,-0.0457122,1
462,-0.6613729,0.6997489,-0.0115919,1
463,-0.8212435,-0.5490791,0.07297991,1
464,0.4120974,-0.9345094,0.04200029,1
465,0.5001322,-0.8661264,0.00687389,1
466,0.4499522,-0.9327662,0.05432994,1
467,0.5719372,0.8179045,-0.076342,1
468,-0.6039243,-0.7648971,0.00165026,1
469,-0.5788876,0.8152977,-0.0006438,1
470,0.8038564,-0.5419265,-0.0022021,1
471,0.4968556,-0.7856203,-0.0005539,1
472,0.130931,-0.9925586,-0.0219636,1
473,-0.4340088,-0.9169521,0.01398099,1
474,-0.9679144,0.3251167,-0.0966757,1
475,-0.8712097,-0.5318809,-0.0260991,1
476,1.006477,0.0,-0.0514201,1
477,-0.0174598,0.9950479,-0.0282513,1
478,-0.0881361,1.045753,-0.06956,1
479,-0.1195819,-1.03743,-0.080505,1
480,-0.9368315,-0.3271204,0.04311838,1
481,-0.6362522,0.7742154,0.00802788,1
482,0.9234107,0.445221,-0.0255321,1
483,0.04156622,1.049213,-0.0086079,1
484,0.7476099,-0.7484705,-0.0092859,1
485,-0.9295615,-0.4273888,-0.0793076,1
486,0.2492389,0.9394129,0.01945196,1
487,0.4223878,-0.9676289,0.05642568,1
488,-0.8991846,-0.3606917,0.08395426,1
489,-0.6687812,0.7700636,-0.0088432,1
490,0.2635624,-1.012568,-0.0479518,1
491,-0.8785264,0.3572054,-0.0289224,1
492,-0.9014443,-0.3508068,-0.073147,1
493,0.5721842,-0.8164231,0.00322968,1
494,0.9101414,0.1756924,-0.0561283,1
495,-0.3608714,-0.9468612,0.0151535,1
496,0.8748581,-0.3085895,0.05155301,1
497,-0.9469665,0.3920336,-0.0051061,1
498,0.8805531,-0.2861277,-0.0670674,1
499,-0.7297577,-0.5719893,-0.0577211,1
500,0.02300506,0.1092953,-0.4525252,2
501,0.02108445,0.1541253,0.6528502,2
502,-0.0013908,1.91345,0.3979041,2
503,0.00628025,2.054986,0.09523301,2
504,0.03776228,0.05889603,0.5239898,2
505,0.02179162,2.004394,-0.0262946,2
506,-0.0285324,1.908193,0.4245459,2
507,0.05108846,0.7251223,-0.9914314,2
508,0.0379796,0.9647445,-1.012615,2
509,-0.0312168,0.3690165,-0.7304934,2
510,0.04394252,1.346115,0.8791467,2
511,0.08494412,0.5413102,-0.8454329,2
512,0.00558477,1.920895,-0.3850727,2
513,0.04803932,1.883652,0.2401671,2
514,0.07270965,0.7397624,1.030956,2
515,-0.0402896,1.501812,0.8711563,2
516,0.02779346,0.9944391,-1.017577,2
517,0.03608653,1.786712,0.5919266,2
518,0.00662452,1.945982,0.2968938,2
519,0.05416447,0.596592,-0.8315876,2
520,-0.0182249,0.2176843,0.6072732,2
521,0.01252387,0.2609265,-0.7116698,2
522,0.00196889,1.859284,-0.5372357,2
523,-0.0108159,0.5803674,-0.8932135,2
524,0.04862236,0.08678909,0.07238223,2
525,-0.0007589,1.818721,0.579431,2
526,0.00595943,0.5043005,0.8662957,2
527,-0.0163078,2.03311,-0.3595167,2
528,-0.0865145,0.3971368,-0.7784818,2
529,0.02240619,0.01217144,-0.0978664,2
530,0.04856408,1.401357,0.8867942,2
531,-0.0178712,1.742431,0.7541975,2
532,0.02381608,0.922826,1.05449,2
533,-0.0305776,0.04380652,-0.2053988,2
534,0.03127124,1.550569,0.7970704,2
535,-0.0021966,1.629138,0.8066438,2
536,-0.0157249,2.009209,-0.0722066,2
537,0.01993414,0.02793003,-0.4150387,2
538,0.0359923,2.085167,-0.0831856,2
539,0.02209442,0.2058798,0.507577,2
540,-0.0305324,1.905729,-0.2381655,2
541,-0.0257716,1.689296,-0.6344385,2
542,0.00465477,0.404249,-0.8517859,2
543,0.06845987,0.1085959,-0.5734966,2
544,0.0318422,1.712378,-0.7232516,2
545,-0.0052112,1.803786,-0.67738,2
546,-0.0344596,0.03064241,-0.4641712,2
547,-0.0682099,0.2392995,-0.7108782,2
548,-0.0168075,1.845301,0.6119706,2
549,-0.0398432,0.2541289,-0.5804743,2
550,0.0132484,0.02461845,0.1699191,2
551,-0.0136208,0.377625,0.7689811,2
552,0.01718237,0.02043111,-0.2929491,2
553,0.01579961,-0.0014676,-0.2086039,2
554,0.00309421,0.03525131,0.2997382,2
555,0.01082174,-0.0449721,-0.0316683,2
556,0.01375148,0.0249181,0.2230901,2
557,-0.0155284,0.5156236,0.9099784,2
558,-0.0275508,1.884337,0.3913913,2
559,0.03616623,0.943165,-0.9952396,2
560,0.0936955,1.024389,-1.025552,2
561,0.00857179,2.009172,-0.0574365,2
562,-0.0371231,1.690627,0.7787806,2
563,-0.0268056,1.835865,0.5150449,2
564,-0.0816102,1.116985,-0.9675723,2
565,-0.034013,0.4977341,-0.8908005,2
566,-0.0103016,0.8227248,-1.052795,2
567,-0.0430465,2.059045,-0.1170348,2
568,0.01769686,1.723858,-0.6519069,2
569,-0.0009876,0.3189489,0.7757394,2
570,-0.024617,1.938824,0.393839,2
571,0.00246011,1.868168,0.4914811,2
572,0.00173572,0.6900918,-1.0298,2
573,-0.031988,0.06050603,0.2242573,2
574,0.02297543,1.474295,-0.8970434,2
575,-0.0471291,1.646326,-0.7381823,2
576,0.00162092,2.024984,0.04326408,2
577,0.00723937,1.782519,0.6332079,2
578,-0.0041075,0.6653894,-0.9877009,2
579,0.0882138,1.746164,-0.6260111,2
580,0.06636477,1.52117,0.9284858,2
581,0.04703509,1.322532,0.9288368,2
582,0.01046321,0.1295597,0.5494481,2
583,-0.0208701,0.09784296,0.312492,2
584,0.02969211,0.06386972,0.3788501,2
585,-0.0177639,0.09367551,-0.6153127,2
586,0.01075579,0.4245981,0.9138843,2
587,0.01048837,1.703429,-0.7303754,2
588,-0.042956,0.945312,-1.067262,2
589,-0.0001919,0.755419,0.9489682,2
590,0.01154753,0.02553193,-0.1713969,2
591,-0.0718201,1.929542,-0.0589864,2
592,0.05885493,1.823649,0.4990586,2
593,-0.0847769,0.1051593,0.3550708,2
594,-0.061292,1.85115,0.4710227,2
595,-0.0347031,1.723847,-0.7010316,2
596,-0.0009419,0.8287242,-0.9865252,2
597,-0.0158275,0.4654154,0.7607547,2
598,-0.02144,0.230382,-0.5738816,2
599,0.03652247,1.100651,0.9270662,2
600,0.00342795,0.2278724,0.578869,2
601,0.04445028,1.763471,-0.6539927,2
602,-0.0378636,1.836919,0.4269167,2
603,0.08134313,1.049253,1.041257,2
604,-0.0090153,0.9494814,-0.9785518,2
605,-0.0107711,1.886061,0.3977546,2
606,0.06580374,1.571628,0.8899992,2
607,0.02704047,0.5805695,0.8692806,2
608,-0.0189327,1.925207,-0.2447104,2
609,0.004459,1.120928,0.936101,2
610,-0.0573582,1.585537,-0.8148593,2
611,-0.0095683,1.292785,-0.9705409,2
612,-0.0374855,0.00191105,-0.2825028,2
613,-0.0003654,0.5833019,0.9065384,2
614,-0.0033689,1.682852,0.7279068,2
615,-0.0110291,1.988579,-0.0941138,2
616,-0.0344655,0.05542081,0.4283836,2
617,0.0249398,0.4075884,-0.7962189,2
618,-0.0105008,0.02522736,0.2138914,2
619,0.07392181,1.770752,-0.6636963,2
620,0.00342565,1.857167,-0.3056799,2
621,0.05934804,1.223784,1.030233,2
622,0.05280012,0.7191582,0.8969428,2
623,0.05079991,1.392391,0.8569028,2
624,-0.0629902,1.485066,-0.8865306,2
625,0.00447791,0.0095672,0.1169559,2
626,-0.0035864,0.6646343,-0.9426945,2
627,0.0003698,0.5471872,-0.8961589,2
628,0.0366014,0.0461469,0.3445988,2
629,-0.0821461,1.702634,-0.6866495,2
630,0.00899222,0.0272949,0.2929296,2
631,-0.0289151,0.9939946,-1.010291,2
632,-0.011086,0.07053061,-0.184142,2
633,0.08144413,0.9568816,1.035673,2
634,-0.076684,0.1523886,0.6415739,2
635,-0.0021712,0.04984504,-0.0801708,2
636,0.05544071,1.977353,-0.3147873,2
637,0.08126896,1.291684,0.9675598,2
638,0.01993218,0.6241804,-0.8922702,2
639,-0.0228195,0.08034634,0.4362592,2
640,0.05488388,2.022412,-0.2017404,2
641,-0.0061842,1.575569,-0.8861998,2
642,-0.0095983,0.2043752,-0.6067962,2
643,-0.0155058,0.6505958,0.8978401,2
644,0.01472598,1.757137,0.6368266,2
645,0.06688469,0.5330076,0.8540821,2
646,-0.0394695,1.203614,0.8954814,2
647,0.03396865,1.647063,-0.7769882,2
648,0.02329869,0.4956327,0.8863655,2
649,0.00059735,0.1401357,-0.5083488,2
650,0.05509504,1.934061,0.3925786,2
651,-0.0442453,0.5171985,0.8106082,2
652,0.03581956,1.342451,0.9269958,2
653,-0.0729574,0.2541848,0.5689212,2
654,-0.0539321,1.314896,0.8718963,2
655,0.03075248,1.976749,0.204139,2
656,-0.0891713,0.5290048,0.9148624,2
657,0.02069098,1.889945,-0.449887,2
658,-0.0723668,0.5380427,-0.9166571,2
659,0.01516105,0.08136231,0.407942,2
660,0.04933635,1.512904,0.8167041,2
661,0.00250526,0.5218625,0.9243759,2
662,0.00816699,1.990578,-0.1106222,2
663,0.04709103,1.140747,-0.9641203,2
664,-0.033692,0.1112844,0.6052268,2
665,-0.0356378,0.4470463,-0.8175051,2
666,0.0095613,1.535029,0.8372463,2
667,0.02652331,0.3906283,-0.8061915,2
668,-0.0075581,0.0562476,0.3554443,2
669,-0.0007966,1.95932,0.2894003,2
670,0.09232039,0.2674629,-0.7287544,2
671,0.03566583,1.035274,0.931007,2
672,0.02731654,0.9938284,0.9903189,2
673,0.01092947,1.863341,-0.4192207,2
674,0.02392218,1.838264,-0.6395701,2
675,0.0947401,0.9344069,-1.003214,2
676,0.05961081,0.291988,-0.7168918,2
677,-0.0726776,0.5275334,0.8855559,2
678,0.04464802,-0.0005091,-0.037043,2
679,0.00378106,0.3872025,-0.7894323,2
680,0.06913141,-0.0049305,0.0872189,2
681,0.00118192,0.4483054,-0.839012,2
682,0.00339806,0.4700792,0.7531964,2
683,0.06031104,-0.020277,0.0310178,2
684,-0.0985032,1.653997,-0.7361953,2
685,-0.0488804,0.07346462,0.3812882,2
686,-0.0607638,0.6897059,-0.903648,2
687,0.09175167,1.402046,0.8903593,2
688,-0.0392001,0.7193171,-0.9208362,2
689,0.063673,0.1224077,0.6022197,2
690,0.05270111,0.02369406,-0.2716924,2
691,0.03734058,0.960086,-0.9883425,2
692,-0.0058362,1.867087,-0.4781066,2
693,-0.0182881,0.8512399,-0.9949707,2
694,-0.074302,1.829452,0.4715608,2
695,0.05623087,0.9268857,1.017783,2
696,0.023012,0.0591732,-0.1971963,2
697,-0.0368247,1.114749,-0.9467975,2
698,0.00415021,1.556642,0.9022108,2
699,-0.0401669,0.2813344,-0.7755664,2
700,-0.026157,0.126013,0.4772231,2
701,0.074983,0.8209006,-1.015976,2
702,0.05827533,1.63219,0.6925607,2
703,0.03059828,1.929101,-0.4588836,2
704,0.03850651,-0.081263,0.1188605,2
705,0.0679673,1.503021,0.8366917,2
706,0.00052005,1.671539,-0.8106366,2
707,0.00041436,1.470194,0.8829255,2
708,-0.0218114,0.9875793,1.070633,2
709,0.04200751,0.2078054,-0.6517914,2
710,-0.0954052,0.9752054,-0.9906625,2
711,-0.0183492,0.1175287,-0.3147039,2
712,0.06500786,0.07357933,-0.4445942,2
713,0.00830768,0.4269972,0.7827529,2
714,-0.0704518,2.064891,0.08604859,2
715,0.00072935,0.01320129,-0.1619818,2
716,0.09013502,1.241163,-1.004771,2
717,-0.0560842,0.8661433,-0.9150786,2
718,0.02449636,1.876226,0.5360972,2
719,0.06084953,1.691798,0.7688923,2
720,0.02294882,-0.0791929,-0.0206958,2
721,0.00766431,0.5362345,0.8923934,2
722,0.01091944,1.999585,0.325866,2
723,-0.0168789,2.003159,0.07032383,2
724,-0.0317952,0.9638171,-0.9525768,2
725,0.04840984,1.104137,-1.062538,2
726,0.05616286,0.3181567,0.659086,2
727,-0.0224464,0.1885091,0.6263126,2
728,-0.038619,0.8240973,-0.9382713,2
729,0.01582675,0.3482061,-0.6697871,2
730,0.02131273,1.816355,-0.6326931,2
731,-0.0679305,0.1231994,0.3447057,2
732,0.06920815,0.1713786,-0.4586594,2
733,-0.00386,0.328756,0.8269269,2
734,0.0615304,0.09252201,-0.4040283,2
735,-0.0022544,0.7599664,-0.9781378,2
736,0.02824615,1.690105,-0.7022534,2
737,-0.0123266,0.05363554,0.5198099,2
738,-0.0081548,1.651092,0.764376,2
739,0.0014499,0.2758883,0.6882214,2
740,0.08010265,0.221161,0.5638542,2
741,-0.0159897,1.803651,0.5339786,2
742,0.00801654,0.845637,-0.9908342,2
743,0.01073216,1.922574,0.5243855,2
744,0.04336176,1.064892,0.9910372,2
745,0.0350037,0.05031162,-0.474273,2
746,0.00697509,1.4754,-0.8714417,2
747,-0.0088547,1.852471,-0.5319537,2
748,0.04756977,1.993074,0.04840486,2
749,-0.0030011,0.1714732,0.4441854,2
750,-0.0715271,-0.0150283,0.1207484,2
751,0.02421852,2.088856,-0.048261,2
752,0.01217289,1.374175,0.8395584,2
753,-0.0466038,1.605665,-0.6897391,2
754,0.00393661,1.717376,-0.7521829,2
755,0.00984738,-0.0088778,-0.1305259,2
756,0.02836633,1.602042,0.7911198,2
757,0.03030835,0.5353635,0.9746437,2
758,0.02602287,0.8444054,-1.022576,2
759,-0.0603644,1.697358,-0.6428477,2
760,0.0062195,1.220736,-0.9847493,2
761,-0.065388,0.04605857,0.1374871,2
762,0.00074851,0.7463207,-0.9673659,2
763,-0.0190178,0.01995018,-0.0104301,2
764,-0.0401455,0.46938,0.8626225,2
765,0.05610835,0.1309539,-0.6209439,2
766,-0.0038384,1.126394,-0.9926412,2
767,-0.0266255,2.047366,0.1367307,2
768,-0.0143982,1.647322,-0.7283993,2
769,0.01504503,0.02735377,-0.2576569,2
770,-0.0874245,0.9018002,1.028364,2
771,-0.00736,1.695569,0.6686232,2
772,-0.0552347,1.708711,-0.7070821,2
773,-0.0001993,1.212554,0.9771789,2
774,0.02417151,0.3860519,-0.8130558,2
775,-0.038456,1.803038,-0.4753768,2
776,-0.0765278,0.4992158,-0.806303,2
777,0.02574071,1.925321,-0.2848641,2
778,-0.0577119,1.593431,0.8472576,2
779,0.03517925,0.6945208,-0.8910161,2
780,0.02513522,0.00044827,-0.1793676,2
781,0.00091929,1.494804,-0.8683963,2
782,0.0621774,1.459787,-0.9136584,2
783,-0.0141044,1.650598,0.6273165,2
784,-0.0844099,1.876402,-0.4137878,2
785,-0.0118271,0.7195078,-0.9644665,2
786,-0.0693115,1.883628,0.3906721,2
787,0.01989358,0.7683006,-0.9383436,2
788,0.05053456,1.645916,0.8723151,2
789,0.01941332,0.1233368,0.5066649,2
790,0.06734414,0.204858,0.587122,2
791,-0.0153574,0.2295906,0.6048069,2
792,-0.0369443,0.8622762,-0.979517,2
793,0.07567131,1.790944,0.5999944,2
794,-0.0105682,1.028962,1.045008,2
795,0.02346962,0.879125,0.9870383,2
796,0.02154563,0.7033797,-0.9714522,2
797,0.04706121,1.614209,-0.7002813,2
798,-0.0287046,1.088683,0.9751146,2
799,-0.0461186,1.932434,0.3781866,2
800,0.04585254,0.9107982,-1.028923,2
801,-8.77e-05,0.6803771,-1.021487,2
802,-0.0045386,2.000771,-0.0628322,2
803,-0.0005858,0.01260356,-0.0489822,2
804,-0.0416284,1.717917,0.7753552,2
805,0.03406398,0.886126,1.027735,2
806,0.00452813,5.57e-05,-0.2034898,2
807,0.05248285,0.2158735,-0.6222862,2
808,-0.0422796,0.1010073,0.5306675,2
809,-0.0035785,0.2752657,-0.6853828,2
810,0.03695871,1.600953,0.8853562,2
811,0.00930954,0.00193441,-0.0216289,2
812,0.01919605,0.08623188,0.370208,2
813,-0.0378341,0.04786089,-0.5038933,2
814,0.01404433,1.869847,-0.4638711,2
815,0.013682,1.556941,-0.7818452,2
816,-0.0042264,0.01257737,-0.2020263,2
817,-0.0037312,0.1292995,0.3141808,2
818,-0.0171173,0.1809298,0.5845242,2
819,0.05499229,1.853135,0.4488838,2
820,0.06472421,0.1363015,0.3807725,2
821,0.03886763,0.00035875,0.2829422,2
822,0.08377616,0.09867615,0.4471008,2
823,0.03511878,1.238913,0.9739737,2
824,-0.011092,1.778366,0.5943418,2
825,0.00020136,1.926887,0.3271417,2
826,0.0618597,1.712918,-0.654164,2
827,-0.0697744,1.696396,0.7649579,2
828,-0.0188495,0.7250981,0.9031123,2
829,-0.0042745,0.1931002,-0.5954452,2
830,-0.0348771,1.763719,-0.6388702,2
831,0.05651912,1.907451,0.190019,2
832,-0.063772,0.1012975,-0.4302326,2
833,0.0480111,1.484135,-0.9394996,2
834,-0.0609514,2.041184,0.1814853,2
835,0.06257848,0.7141948,0.9045763,2
836,-0.0267395,0.126829,0.4187305,2
837,-0.0203656,1.947136,0.1283591,2
838,-0.0162787,1.899767,-0.4103509,2
839,0.09230034,0.4235598,-0.7750632,2
840,0.03504187,1.422396,-0.9282999,2
841,0.04981433,0.4971829,-0.8266302,2
842,0.01893499,0.0762178,-0.0653824,2
843,0.03599987,0.6207348,0.8362741,2
844,0.06713023,0.3679317,-0.8537841,2
845,0.02533812,1.318361,-0.907271,2
846,-0.0034305,1.523205,0.8668723,2
847,-0.0831559,1.554747,0.8561152,2
848,0.00244079,2.028018,0.1618725,2
849,0.04896341,-0.0064525,0.01920432,2
850,0.01876253,1.953345,-0.1881123,2
851,0.03248878,1.756365,0.7350579,2
852,0.00742583,0.7253779,-0.959704,2
853,0.02488879,1.133622,-1.003312,2
854,0.05437084,1.688272,0.653781,2
855,-0.0847476,0.2118848,-0.635364,2
856,0.05304127,0.6225438,0.8831093,2
857,-0.0331419,1.671028,-0.6980714,2
858,-0.0019767,1.803672,0.5931825,2
859,0.03426954,1.311729,0.9836712,2
860,0.00506378,0.061582,-0.3593031,2
861,0.07686638,0.3194821,0.7807006,2
862,0.00997644,1.967581,0.1699943,2
863,-0.0168881,1.670583,-0.7207605,2
864,0.04766827,1.896937,-0.5832765,2
865,0.04775766,0.09739501,-0.4875825,2
866,0.00297448,0.09439292,0.1766189,2
867,-0.0229648,0.0196878,0.1335253,2
868,0.01094949,0.04108204,0.1719811,2
869,0.02871863,0.3840584,-0.8494139,2
870,-0.0253598,0.4122672,0.8752379,2
871,0.01809982,0.7696821,0.9673475,2
872,-0.0004308,0.09508743,0.4266124,2
873,-0.0709721,0.1305452,0.4290095,2
874,-0.0225305,0.09447219,0.2710902,2
875,0.04399051,0.963166,0.9342909,2
876,-0.0463652,0.7364939,-0.9931876,2
877,0.02789493,0.0787038,0.3275542,2
878,0.00271784,1.638287,-0.7811092,2
879,0.0152626,0.3774103,0.8356076,2
880,0.07674046,1.808924,0.6571456,2
881,-0.0396685,-0.0579261,0.08579204,2
882,-0.001515,1.983397,-0.1831917,2
883,-0.0057307,1.988631,-0.0836083,2
884,-0.0029274,1.819193,-0.5694537,2
885,-0.0288585,1.907045,-0.4138802,2
886,-0.039464,0.1800373,0.6745062,2
887,-0.0295937,0.133896,0.5157426,2
888,0.0253858,0.2068698,-0.6538373,2
889,0.05828766,0.07451177,-0.4500564,2
890,-0.0398731,1.992253,-0.1502021,2
891,-0.005775,0.4575492,0.8353829,2
892,-0.0044195,0.9510282,-0.9948974,2
893,0.0145576,-0.0019252,0.04739208,2
894,-0.076585,0.5132655,0.8546153,2
895,0.08464938,0.05468692,-0.4058666,2
896,-0.0342617,1.915502,-0.102327,2
897,-0.0248906,0.3707372,-0.6613162,2
898,0.08381276,1.763118,-0.7131377,2
899,0.05754479,0.1203016,-0.4311313,2
900,0.01404321,0.1404002,-0.4939487,2
901,0.03858129,1.610703,-0.7593114,2
902,-0.0491462,1.862129,0.5393595,2
903,-0.0117561,1.968556,-0.1898598,2
904,-0.00828,0.03414978,0.056922,2
905,-0.0237,0.3911097,0.8617468,2
906,-0.0445048,1.892018,0.3742041,2
907,0.05162155,0.8101858,0.9585823,2
908,0.0692575,1.155931,1.008526,2
909,0.01724411,1.354031,-0.9246476,2
910,-0.0032284,0.7395817,-0.961075,2
911,0.0066264,1.745495,-0.6528546,2
912,-0.083639,1.72731,-0.7582203,2
913,-0.0128175,0.08757024,-0.1789486,2
914,0.06252226,1.830296,-0.4638592,2
915,-0.0427644,0.5703366,0.8745804,2
916,-0.0079442,0.06261363,-0.3305441,2
917,0.01008867,0.6960836,-0.9214508,2
918,-0.0252851,0.9100248,-0.9999515,2
919,-0.0560655,0.09503991,-0.4285452,2
920,0.02833627,1.838049,0.4249652,2
921,-0.034248,1.908356,-0.1863029,2
922,-0.0010083,0.3890047,-0.8099526,2
923,0.00096875,0.6128543,-0.826739,2
924,0.01282275,2.014057,0.01857138,2
925,0.00631525,0.6726605,-0.9976097,2
926,-0.0228309,1.485038,0.8780651,2
927,0.02233334,0.1908239,-0.6094364,2
928,-0.0487364,0.4973522,-0.7762018,2
929,-0.0196323,1.569014,0.8452594,2
930,0.00586853,1.652421,-0.7732667,2
931,0.00820284,0.197249,0.6880402,2
932,-0.0627244,0.5163848,-0.8954662,2
933,0.0465116,1.303109,0.9612674,2
934,0.02129771,1.174365,1.014707,2
935,0.00052612,0.6621892,0.9401378,2
936,0.00361292,0.9890209,0.9787306,2
937,0.02919219,0.1033921,-0.4423006,2
938,0.00673352,0.3107586,0.6026584,2
939,0.04658121,0.5035417,-0.8599545,2
940,0.02619681,0.08288383,-0.5730262,2
941,-0.0204442,0.3337132,-0.7045418,2
942,-0.0038992,0.8935256,-1.006784,2
943,0.05605586,1.415511,0.8507126,2
944,0.00935326,1.029161,0.9049369,2
945,0.03194033,1.791679,-0.6327459,2
946,0.01078267,0.2439245,0.5189393,2
947,0.00903995,1.448204,0.876781,2
948,0.09450646,0.07636139,0.4478437,2
949,0.01312809,0.06787002,-0.3943983,2
950,-0.0175346,0.4257207,0.766618,2
951,0.01732905,0.6090645,-0.9236989,2
952,-0.0326514,1.74512,-0.5417322,2
953,0.04160316,0.4447645,0.7419369,2
954,-0.0059127,0.4791906,0.8005416,2
955,0.04535802,0.3351632,-0.7673031,2
956,0.02411976,0.2332294,-0.4777605,2
957,-0.0006669,0.0688427,0.385698,2
958,-0.049598,1.801776,0.5792892,2
959,0.02639582,0.09727965,-0.4065857,2
960,0.02670809,0.3694189,0.7706226,2
961,-0.0457122,0.7627523,-0.9541288,2
962,-0.0115919,1.699749,-0.6613729,2
963,0.07297991,0.4509209,-0.8212435,2
964,0.04200029,0.06549059,0.4120974,2
965,0.00687389,0.1338736,0.5001322,2
966,0.05432994,0.06723384,0.4499522,2
967,-0.076342,1.817905,0.5719372,2
968,0.00165026,0.2351029,-0.6039243,2
969,-0.0006438,1.815298,-0.5788876,2
970,-0.0022021,0.4580735,0.8038564,2
971,-0.0005539,0.2143797,0.4968556,2
972,-0.0219636,0.00744137,0.130931,2
973,0.01398099,0.08304789,-0.4340088,2
974,-0.0966757,1.325117,-0.9679144,2
975,-0.0260991,0.4681191,-0.8712097,2
976,-0.0514201,1.0,1.006477,2
977,-0.0282513,1.995048,-0.0174598,2
978,-0.06956,2.045753,-0.0881361,2
979,-0.080505,-0.0374302,-0.1195819,2
980,0.04311838,0.6728796,-0.9368315,2
981,0.00802788,1.774215,-0.6362522,2
982,-0.0255321,1.445221,0.9234107,2
983,-0.0086079,2.049212,0.04156622,2
984,-0.0092859,0.2515295,0.7476099,2
985,-0.0793076,0.5726112,-0.9295615,2
986,0.01945196,1.939413,0.2492389,2
987,0.05642568,0.03237114,0.4223878,2
988,0.08395426,0.6393083,-0.8991846,2
989,-0.0088432,1.770064,-0.6687812,2
990,-0.0479518,-0.0125675,0.2635624,2
991,-0.0289224,1.357205,-0.8785264,2
992,-0.073147,0.6491932,-0.9014443,2
993,0.00322968,0.1835769,0.5721842,2
994,-0.0561283,1.175692,0.9101414,2
995,0.0151535,0.05313883,-0.3608714,2
996,0.05155301,0.6914105,0.8748581,2
997,-0.0051061,1.392034,-0.9469665,2
998,-0.0670674,0.7138723,0.8805531,2
999,-0.0577211,0.4280108,-0.7297577,2
