,attribute_1,attribute_2,attribute_3,attribute_4,attribute_5,attribute_6,attribute_7,attribute_8,attribute_9,attribute_10,attribute_11,attribute_12,attribute_13,attribute_14,attribute_15,attribute_16,attribute_17,attribute_18,attribute_19,attribute_20,attribute_21,attribute_22,attribute_23,attribute_24,attribute_25,attribute_26,attribute_27,attribute_28,attribute_29,attribute_30,attribute_31,attribute_32,attribute_33,attribute_34,attribute_35,attribute_36,attribute_37,attribute_38,attribute_39,attribute_40,attribute_41,attribute_42,attribute_43,attribute_44,attribute_45,attribute_46,attribute_47,attribute_48,attribute_49,attribute_50,attribute_51,attribute_52,attribute_53,attribute_54,attribute_55,attribute_56,attribute_57,attribute_58,attribute_59,attribute_60,class
0,65.0,108.0,115.0,27.0,138.0,103.0,144.0,139.0,183.0,122.0,66.0,64.0,76.0,4.0,11.0,73.0,101.0,82.0,113.0,89.0,96.0,71.0,44.0,56.0,86.0,73.0,97.0,124.0,103.0,43.0,3.0,47.0,137.0,186.0,194.0,192.0,176.0,178.0,161.0,101.0,5.0,124.0,138.0,173.0,159.0,107.0,102.0,162.0,83.0,125.0,120.0,4.0,41.0,96.0,51.0,108.0,106.0,65.0,68.0,22.0,1.0
1,146.0,137.0,170.0,133.0,158.0,190.0,179.0,193.0,188.0,163.0,191.0,204.0,195.0,198.0,196.0,199.0,201.0,188.0,166.0,141.0,78.0,51.0,35.0,30.0,26.0,22.0,18.0,11.0,43.0,10.0,62.0,59.0,33.0,59.0,31.0,120.0,120.0,19.0,58.0,59.0,55.0,12.0,46.0,82.0,21.0,7.0,37.0,89.0,89.0,12.0,64.0,43.0,58.0,25.0,69.0,113.0,98.0,39.0,38.0,33.0,1.0
2,94.0,143.0,176.0,159.0,141.0,186.0,187.0,195.0,200.0,204.0,200.0,205.0,188.0,185.0,185.0,175.0,155.0,164.0,187.0,169.0,145.0,106.0,43.0,26.0,52.0,10.0,50.0,136.0,91.0,180.0,191.0,132.0,29.0,69.0,126.0,97.0,169.0,186.0,165.0,165.0,172.0,108.0,96.0,127.0,145.0,5.0,138.0,90.0,16.0,35.0,15.0,121.0,101.0,59.0,108.0,117.0,119.0,106.0,71.0,61.0,1.0
3,24.0,50.0,148.0,25.0,17.0,18.0,98.0,116.0,20.0,64.0,20.0,80.0,0.0,78.0,58.0,66.0,4.0,47.0,92.0,62.0,26.0,40.0,67.0,40.0,22.0,46.0,51.0,9.0,10.0,33.0,151.0,182.0,165.0,101.0,121.0,95.0,157.0,199.0,203.0,204.0,194.0,187.0,151.0,161.0,179.0,181.0,187.0,179.0,143.0,120.0,122.0,71.0,17.0,90.0,63.0,57.0,35.0,34.0,28.0,87.0,1.0
4,167.0,154.0,125.0,80.0,90.0,45.0,110.0,182.0,192.0,195.0,183.0,177.0,170.0,160.0,150.0,147.0,169.0,142.0,23.0,85.0,56.0,55.0,71.0,51.0,24.0,9.0,92.0,193.0,116.0,68.0,109.0,146.0,62.0,12.0,61.0,119.0,138.0,107.0,98.0,84.0,72.0,103.0,74.0,23.0,34.0,30.0,14.0,4.0,40.0,5.0,84.0,7.0,32.0,65.0,81.0,7.0,52.0,38.0,78.0,71.0,1.0
5,102.0,127.0,74.0,18.0,50.0,104.0,109.0,157.0,145.0,170.0,148.0,183.0,194.0,200.0,202.0,202.0,196.0,192.0,150.0,95.0,13.0,49.0,78.0,20.0,10.0,60.0,54.0,24.0,26.0,77.0,125.0,119.0,81.0,54.0,36.0,92.0,118.0,147.0,144.0,128.0,108.0,112.0,15.0,46.0,72.0,84.0,47.0,58.0,49.0,21.0,53.0,18.0,2.0,18.0,3.0,68.0,41.0,18.0,37.0,48.0,1.0
6,115.0,169.0,182.0,170.0,179.0,170.0,42.0,126.0,143.0,179.0,76.0,13.0,4.0,144.0,171.0,155.0,134.0,119.0,21.0,69.0,136.0,194.0,185.0,57.0,51.0,84.0,63.0,54.0,11.0,12.0,133.0,163.0,69.0,38.0,97.0,143.0,170.0,150.0,167.0,193.0,175.0,99.0,83.0,93.0,80.0,37.0,117.0,134.0,111.0,59.0,102.0,111.0,125.0,81.0,50.0,99.0,68.0,98.0,25.0,79.0,1.0
7,152.0,139.0,169.0,61.0,156.0,96.0,92.0,27.0,99.0,162.0,136.0,141.0,100.0,147.0,175.0,128.0,80.0,6.0,141.0,193.0,139.0,76.0,98.0,173.0,111.0,123.0,145.0,70.0,16.0,2.0,4.0,2.0,6.0,117.0,116.0,28.0,67.0,139.0,150.0,89.0,28.0,88.0,78.0,65.0,147.0,161.0,118.0,18.0,54.0,70.0,25.0,41.0,77.0,23.0,87.0,75.0,62.0,37.0,34.0,41.0,1.0
8,78.0,109.0,126.0,97.0,103.0,39.0,45.0,2.0,23.0,82.0,43.0,67.0,156.0,140.0,56.0,13.0,0.0,105.0,155.0,201.0,194.0,177.0,96.0,34.0,27.0,95.0,171.0,105.0,62.0,4.0,40.0,97.0,79.0,93.0,107.0,73.0,85.0,94.0,45.0,104.0,98.0,59.0,95.0,39.0,53.0,99.0,142.0,147.0,157.0,140.0,30.0,85.0,82.0,89.0,41.0,36.0,47.0,72.0,44.0,12.0,1.0
9,51.0,52.0,95.0,4.0,15.0,48.0,96.0,41.0,49.0,3.0,15.0,38.0,30.0,10.0,3.0,11.0,90.0,91.0,61.0,75.0,102.0,128.0,179.0,190.0,172.0,101.0,121.0,150.0,118.0,137.0,134.0,126.0,73.0,1.0,1.0,29.0,49.0,28.0,8.0,7.0,10.0,44.0,55.0,57.0,10.0,48.0,78.0,61.0,4.0,81.0,60.0,48.0,120.0,104.0,62.0,52.0,20.0,26.0,41.0,29.0,1.0
10,3.0,12.0,35.0,65.0,37.0,12.0,12.0,9.0,5.0,10.0,4.0,37.0,33.0,27.0,9.0,9.0,11.0,15.0,8.0,4.0,9.0,42.0,49.0,60.0,82.0,98.0,108.0,139.0,192.0,195.0,172.0,176.0,193.0,158.0,134.0,126.0,123.0,149.0,152.0,144.0,71.0,10.0,21.0,49.0,106.0,49.0,20.0,66.0,39.0,18.0,31.0,29.0,77.0,28.0,39.0,71.0,29.0,0.0,39.0,25.0,1.0
11,33.0,92.0,40.0,60.0,47.0,0.0,3.0,25.0,62.0,28.0,8.0,25.0,66.0,83.0,67.0,55.0,23.0,71.0,123.0,140.0,140.0,162.0,63.0,27.0,63.0,126.0,189.0,145.0,95.0,64.0,71.0,46.0,58.0,68.0,87.0,89.0,124.0,161.0,143.0,88.0,63.0,41.0,5.0,2.0,44.0,67.0,79.0,49.0,17.0,90.0,99.0,80.0,128.0,113.0,53.0,87.0,14.0,71.0,5.0,33.0,1.0
12,12.0,19.0,8.0,46.0,42.0,35.0,19.0,71.0,54.0,61.0,36.0,48.0,59.0,135.0,114.0,89.0,116.0,147.0,151.0,172.0,191.0,197.0,188.0,135.0,89.0,40.0,17.0,2.0,35.0,13.0,10.0,12.0,25.0,60.0,79.0,108.0,111.0,41.0,16.0,18.0,22.0,21.0,45.0,22.0,31.0,43.0,126.0,84.0,20.0,109.0,94.0,103.0,81.0,56.0,72.0,10.0,43.0,48.0,44.0,22.0,1.0
13,17.0,11.0,65.0,101.0,159.0,164.0,129.0,75.0,48.0,109.0,80.0,107.0,167.0,115.0,104.0,147.0,120.0,18.0,53.0,56.0,42.0,58.0,86.0,37.0,65.0,141.0,124.0,112.0,68.0,65.0,115.0,142.0,101.0,103.0,180.0,186.0,122.0,6.0,132.0,191.0,141.0,95.0,97.0,157.0,131.0,115.0,30.0,67.0,19.0,16.0,98.0,27.0,62.0,108.0,58.0,103.0,102.0,43.0,102.0,78.0,1.0
14,34.0,120.0,145.0,91.0,92.0,17.0,20.0,12.0,58.0,124.0,68.0,77.0,126.0,69.0,6.0,78.0,113.0,107.0,125.0,116.0,97.0,61.0,50.0,28.0,77.0,153.0,149.0,43.0,24.0,14.0,7.0,85.0,119.0,84.0,98.0,117.0,160.0,145.0,168.0,175.0,127.0,121.0,107.0,135.0,68.0,53.0,46.0,29.0,96.0,61.0,39.0,42.0,35.0,101.0,111.0,40.0,85.0,112.0,94.0,48.0,1.0
15,106.0,148.0,153.0,154.0,178.0,187.0,180.0,166.0,97.0,31.0,114.0,168.0,107.0,104.0,117.0,126.0,141.0,122.0,101.0,118.0,51.0,13.0,29.0,171.0,178.0,34.0,12.0,84.0,135.0,55.0,112.0,173.0,157.0,200.0,187.0,174.0,186.0,153.0,107.0,120.0,113.0,130.0,6.0,106.0,108.0,117.0,130.0,92.0,97.0,13.0,82.0,7.0,95.0,42.0,118.0,60.0,101.0,39.0,106.0,57.0,1.0
16,124.0,29.0,49.0,96.0,114.0,128.0,155.0,137.0,100.0,164.0,104.0,88.0,94.0,45.0,125.0,106.0,65.0,40.0,37.0,66.0,31.0,91.0,76.0,25.0,19.0,53.0,117.0,93.0,107.0,188.0,142.0,84.0,177.0,193.0,185.0,184.0,165.0,163.0,26.0,190.0,200.0,196.0,159.0,102.0,154.0,177.0,181.0,83.0,36.0,142.0,155.0,135.0,97.0,93.0,80.0,35.0,69.0,7.0,57.0,52.0,1.0
17,62.0,146.0,98.0,140.0,171.0,78.0,23.0,7.0,56.0,56.0,46.0,66.0,146.0,169.0,131.0,160.0,150.0,153.0,149.0,102.0,84.0,95.0,125.0,128.0,59.0,38.0,32.0,7.0,2.0,0.0,9.0,109.0,160.0,106.0,80.0,156.0,200.0,198.0,125.0,118.0,193.0,198.0,132.0,62.0,77.0,101.0,69.0,106.0,115.0,89.0,150.0,133.0,84.0,74.0,79.0,15.0,31.0,28.0,82.0,59.0,1.0
18,98.0,20.0,33.0,50.0,57.0,62.0,91.0,103.0,36.0,85.0,69.0,53.0,32.0,36.0,80.0,150.0,158.0,131.0,55.0,41.0,61.0,78.0,72.0,78.0,131.0,184.0,179.0,162.0,119.0,164.0,190.0,183.0,174.0,159.0,158.0,160.0,164.0,172.0,105.0,43.0,74.0,79.0,100.0,98.0,87.0,106.0,61.0,55.0,67.0,71.0,20.0,43.0,1.0,4.0,48.0,27.0,88.0,94.0,54.0,67.0,1.0
19,36.0,43.0,151.0,178.0,190.0,189.0,190.0,196.0,197.0,201.0,198.0,198.0,186.0,184.0,157.0,176.0,185.0,171.0,171.0,189.0,199.0,182.0,124.0,55.0,37.0,62.0,55.0,27.0,3.0,15.0,13.0,1.0,50.0,44.0,4.0,51.0,29.0,86.0,112.0,122.0,124.0,20.0,39.0,56.0,65.0,27.0,1.0,23.0,81.0,43.0,81.0,50.0,16.0,61.0,87.0,1.0,107.0,73.0,86.0,49.0,1.0
20,149.0,135.0,167.0,168.0,185.0,194.0,191.0,179.0,194.0,185.0,151.0,130.0,83.0,39.0,50.0,81.0,127.0,139.0,142.0,149.0,159.0,133.0,156.0,111.0,34.0,12.0,20.0,25.0,45.0,113.0,171.0,180.0,192.0,188.0,156.0,158.0,174.0,190.0,185.0,180.0,157.0,66.0,58.0,142.0,130.0,118.0,43.0,11.0,93.0,67.0,54.0,109.0,76.0,38.0,26.0,40.0,34.0,64.0,17.0,17.0,1.0
21,161.0,142.0,169.0,73.0,72.0,65.0,47.0,101.0,153.0,104.0,138.0,182.0,148.0,68.0,102.0,121.0,143.0,154.0,128.0,90.0,34.0,15.0,15.0,7.0,17.0,15.0,16.0,39.0,108.0,157.0,181.0,191.0,176.0,181.0,181.0,189.0,201.0,205.0,199.0,201.0,197.0,195.0,190.0,164.0,102.0,97.0,133.0,151.0,127.0,99.0,71.0,83.0,110.0,21.0,21.0,17.0,12.0,105.0,80.0,62.0,1.0
22,23.0,133.0,81.0,56.0,104.0,116.0,185.0,180.0,0.0,108.0,55.0,76.0,135.0,35.0,81.0,82.0,78.0,68.0,28.0,0.0,6.0,4.0,9.0,8.0,16.0,11.0,3.0,51.0,113.0,114.0,97.0,155.0,186.0,167.0,152.0,183.0,198.0,202.0,202.0,205.0,203.0,205.0,199.0,152.0,183.0,192.0,200.0,201.0,192.0,152.0,154.0,102.0,92.0,72.0,115.0,100.0,17.0,103.0,77.0,94.0,1.0
23,29.0,44.0,30.0,5.0,18.0,115.0,89.0,16.0,44.0,19.0,11.0,11.0,19.0,25.0,57.0,86.0,103.0,109.0,97.0,68.0,62.0,52.0,24.0,31.0,36.0,42.0,104.0,173.0,196.0,190.0,188.0,186.0,187.0,162.0,151.0,155.0,155.0,128.0,43.0,13.0,11.0,69.0,130.0,154.0,153.0,121.0,98.0,149.0,146.0,61.0,54.0,49.0,4.0,53.0,46.0,17.0,17.0,28.0,54.0,30.0,1.0
24,104.0,151.0,105.0,17.0,75.0,79.0,82.0,10.0,28.0,32.0,3.0,6.0,11.0,13.0,46.0,5.0,12.0,37.0,70.0,45.0,15.0,18.0,25.0,33.0,38.0,13.0,1.0,13.0,82.0,174.0,187.0,178.0,198.0,203.0,204.0,194.0,161.0,99.0,79.0,80.0,134.0,154.0,53.0,128.0,113.0,110.0,154.0,145.0,126.0,47.0,91.0,10.0,31.0,52.0,56.0,59.0,77.0,103.0,71.0,2.0,1.0
25,66.0,4.0,32.0,2.0,8.0,3.0,22.0,6.0,15.0,50.0,16.0,32.0,25.0,2.0,0.0,0.0,2.0,35.0,73.0,55.0,48.0,65.0,83.0,117.0,149.0,145.0,113.0,127.0,191.0,199.0,199.0,200.0,203.0,205.0,188.0,147.0,95.0,61.0,29.0,117.0,150.0,163.0,154.0,155.0,162.0,148.0,101.0,51.0,70.0,44.0,37.0,61.0,44.0,37.0,15.0,4.0,1.0,16.0,42.0,33.0,1.0
26,45.0,96.0,144.0,158.0,157.0,172.0,154.0,99.0,42.0,59.0,18.0,59.0,84.0,100.0,124.0,131.0,162.0,187.0,194.0,137.0,111.0,115.0,145.0,127.0,93.0,76.0,49.0,42.0,65.0,52.0,8.0,0.0,2.0,79.0,112.0,63.0,3.0,37.0,83.0,60.0,129.0,100.0,68.0,77.0,110.0,20.0,32.0,56.0,37.0,11.0,44.0,28.0,3.0,53.0,92.0,40.0,3.0,11.0,12.0,48.0,1.0
27,53.0,90.0,77.0,80.0,99.0,32.0,37.0,29.0,22.0,16.0,70.0,163.0,174.0,182.0,182.0,178.0,135.0,110.0,39.0,47.0,66.0,103.0,112.0,175.0,197.0,107.0,57.0,75.0,161.0,130.0,99.0,128.0,83.0,83.0,91.0,74.0,13.0,3.0,20.0,8.0,45.0,26.0,60.0,108.0,60.0,139.0,143.0,37.0,75.0,112.0,89.0,57.0,79.0,22.0,54.0,91.0,73.0,47.0,21.0,9.0,1.0
28,24.0,82.0,48.0,72.0,58.0,5.0,6.0,33.0,135.0,152.0,168.0,154.0,91.0,31.0,38.0,129.0,156.0,159.0,164.0,192.0,195.0,148.0,73.0,82.0,96.0,86.0,27.0,4.0,9.0,44.0,63.0,29.0,43.0,97.0,123.0,140.0,162.0,112.0,94.0,78.0,75.0,74.0,23.0,26.0,90.0,143.0,127.0,107.0,129.0,104.0,60.0,46.0,70.0,17.0,66.0,34.0,87.0,12.0,69.0,46.0,1.0
29,59.0,91.0,51.0,127.0,3.0,72.0,135.0,130.0,126.0,144.0,124.0,171.0,158.0,95.0,96.0,123.0,163.0,133.0,27.0,29.0,128.0,118.0,27.0,18.0,66.0,61.0,45.0,142.0,146.0,50.0,19.0,22.0,1.0,28.0,99.0,40.0,52.0,69.0,11.0,1.0,52.0,51.0,73.0,107.0,55.0,43.0,3.0,39.0,10.0,52.0,47.0,12.0,63.0,87.0,112.0,101.0,73.0,71.0,38.0,59.0,1.0
30,87.0,67.0,86.0,118.0,39.0,31.0,65.0,42.0,17.0,8.0,82.0,99.0,115.0,90.0,132.0,138.0,96.0,100.0,143.0,133.0,72.0,59.0,101.0,137.0,119.0,154.0,148.0,151.0,159.0,168.0,123.0,39.0,89.0,29.0,77.0,153.0,142.0,17.0,35.0,9.0,135.0,152.0,129.0,38.0,92.0,122.0,60.0,79.0,18.0,95.0,30.0,95.0,90.0,58.0,83.0,72.0,38.0,11.0,50.0,13.0,1.0
31,13.0,46.0,79.0,86.0,137.0,60.0,13.0,8.0,25.0,96.0,83.0,44.0,51.0,7.0,83.0,144.0,167.0,168.0,132.0,50.0,45.0,23.0,33.0,110.0,148.0,124.0,112.0,117.0,84.0,35.0,54.0,90.0,84.0,31.0,84.0,101.0,40.0,18.0,46.0,55.0,31.0,24.0,25.0,32.0,54.0,73.0,22.0,41.0,9.0,71.0,28.0,123.0,75.0,83.0,85.0,45.0,42.0,22.0,56.0,34.0,1.0
32,63.0,64.0,10.0,21.0,38.0,37.0,83.0,37.0,24.0,2.0,10.0,12.0,123.0,149.0,155.0,133.0,102.0,118.0,135.0,202.0,166.0,72.0,22.0,67.0,114.0,63.0,34.0,55.0,55.0,110.0,66.0,18.0,102.0,146.0,108.0,125.0,126.0,170.0,189.0,182.0,142.0,77.0,79.0,24.0,82.0,116.0,39.0,76.0,72.0,133.0,133.0,93.0,48.0,125.0,116.0,68.0,69.0,74.0,10.0,41.0,1.0
33,144.0,131.0,6.0,120.0,35.0,49.0,152.0,134.0,51.0,65.0,39.0,95.0,65.0,75.0,27.0,56.0,73.0,150.0,175.0,157.0,149.0,178.0,194.0,149.0,81.0,23.0,7.0,57.0,85.0,73.0,174.0,188.0,140.0,121.0,148.0,154.0,37.0,136.0,156.0,158.0,97.0,46.0,162.0,145.0,50.0,105.0,137.0,43.0,148.0,150.0,112.0,112.0,119.0,82.0,38.0,57.0,58.0,81.0,44.0,80.0,1.0
34,113.0,134.0,158.0,147.0,2.0,4.0,79.0,82.0,142.0,22.0,75.0,108.0,111.0,98.0,114.0,109.0,139.0,173.0,192.0,173.0,133.0,27.0,37.0,73.0,25.0,26.0,73.0,122.0,93.0,75.0,135.0,167.0,111.0,17.0,78.0,133.0,156.0,103.0,72.0,51.0,57.0,96.0,29.0,14.0,20.0,59.0,62.0,108.0,130.0,16.0,46.0,45.0,14.0,80.0,111.0,78.0,115.0,110.0,32.0,27.0,1.0
35,69.0,37.0,136.0,118.0,103.0,151.0,124.0,167.0,106.0,88.0,103.0,72.0,40.0,61.0,77.0,75.0,68.0,9.0,86.0,107.0,64.0,69.0,198.0,154.0,39.0,47.0,74.0,100.0,81.0,37.0,24.0,27.0,10.0,95.0,92.0,102.0,89.0,66.0,81.0,31.0,13.0,4.0,14.0,35.0,40.0,28.0,34.0,16.0,38.0,53.0,141.0,138.0,91.0,4.0,74.0,74.0,56.0,109.0,80.0,55.0,1.0
36,20.0,49.0,108.0,70.0,109.0,55.0,87.0,60.0,7.0,68.0,50.0,3.0,8.0,6.0,34.0,3.0,13.0,49.0,82.0,59.0,69.0,174.0,190.0,159.0,90.0,87.0,61.0,82.0,128.0,159.0,137.0,162.0,200.0,202.0,198.0,165.0,125.0,82.0,91.0,139.0,133.0,89.0,145.0,126.0,69.0,39.0,27.0,46.0,27.0,65.0,70.0,83.0,111.0,89.0,47.0,94.0,113.0,68.0,59.0,88.0,1.0
37,119.0,69.0,71.0,99.0,108.0,102.0,53.0,105.0,33.0,40.0,57.0,10.0,21.0,15.0,30.0,37.0,29.0,7.0,0.0,16.0,40.0,88.0,178.0,182.0,150.0,144.0,129.0,149.0,196.0,171.0,160.0,148.0,155.0,178.0,172.0,142.0,97.0,27.0,34.0,95.0,73.0,68.0,135.0,84.0,17.0,51.0,41.0,52.0,1.0,16.0,16.0,2.0,14.0,35.0,37.0,48.0,100.0,94.0,37.0,30.0,1.0
38,33.0,3.0,50.0,26.0,12.0,30.0,0.0,14.0,35.0,12.0,42.0,9.0,23.0,64.0,64.0,61.0,46.0,19.0,7.0,3.0,5.0,31.0,54.0,65.0,88.0,119.0,131.0,164.0,148.0,152.0,152.0,137.0,124.0,145.0,138.0,114.0,33.0,1.0,13.0,23.0,38.0,62.0,126.0,113.0,27.0,35.0,9.0,26.0,51.0,19.0,78.0,75.0,85.0,11.0,23.0,9.0,84.0,48.0,33.0,56.0,1.0
39,18.0,64.0,54.0,103.0,105.0,74.0,78.0,57.0,30.0,29.0,63.0,27.0,2.0,56.0,109.0,55.0,16.0,21.0,14.0,24.0,21.0,60.0,92.0,101.0,112.0,122.0,95.0,109.0,120.0,120.0,101.0,76.0,145.0,197.0,195.0,166.0,112.0,103.0,93.0,91.0,109.0,145.0,185.0,137.0,37.0,6.0,71.0,92.0,78.0,58.0,139.0,63.0,74.0,63.0,12.0,75.0,72.0,33.0,55.0,82.0,1.0
40,9.0,71.0,134.0,89.0,29.0,44.0,14.0,101.0,136.0,143.0,65.0,31.0,88.0,123.0,143.0,87.0,3.0,16.0,32.0,28.0,24.0,47.0,85.0,136.0,95.0,85.0,93.0,140.0,196.0,200.0,197.0,187.0,182.0,151.0,128.0,128.0,101.0,40.0,46.0,11.0,30.0,61.0,133.0,89.0,3.0,9.0,13.0,45.0,5.0,84.0,104.0,102.0,100.0,31.0,29.0,52.0,28.0,42.0,105.0,80.0,1.0
41,19.0,55.0,9.0,3.0,33.0,24.0,16.0,1.0,8.0,17.0,21.0,65.0,42.0,99.0,82.0,92.0,109.0,69.0,36.0,36.0,59.0,63.0,51.0,44.0,71.0,77.0,84.0,103.0,156.0,201.0,189.0,164.0,167.0,165.0,174.0,159.0,150.0,129.0,70.0,38.0,79.0,45.0,48.0,45.0,66.0,61.0,15.0,9.0,3.0,42.0,5.0,33.0,40.0,79.0,84.0,40.0,66.0,40.0,43.0,15.0,1.0
42,74.0,95.0,111.0,52.0,6.0,22.0,119.0,123.0,26.0,15.0,19.0,78.0,38.0,57.0,72.0,105.0,160.0,135.0,38.0,19.0,38.0,79.0,91.0,104.0,129.0,149.0,136.0,118.0,166.0,198.0,196.0,185.0,180.0,187.0,199.0,204.0,202.0,191.0,179.0,150.0,123.0,97.0,141.0,135.0,156.0,138.0,112.0,25.0,25.0,135.0,26.0,48.0,23.0,92.0,78.0,11.0,77.0,39.0,54.0,63.0,1.0
43,19.0,80.0,56.0,66.0,36.0,126.0,136.0,30.0,29.0,71.0,89.0,173.0,153.0,96.0,89.0,151.0,170.0,166.0,134.0,76.0,60.0,56.0,66.0,109.0,146.0,156.0,165.0,169.0,187.0,183.0,168.0,169.0,189.0,199.0,203.0,203.0,204.0,197.0,191.0,169.0,117.0,63.0,33.0,13.0,112.0,140.0,113.0,85.0,28.0,85.0,142.0,115.0,59.0,32.0,64.0,70.0,50.0,88.0,45.0,83.0,1.0
44,90.0,126.0,104.0,41.0,168.0,142.0,149.0,174.0,41.0,14.0,22.0,26.0,41.0,42.0,66.0,95.0,48.0,66.0,111.0,25.0,70.0,75.0,32.0,61.0,49.0,57.0,25.0,22.0,100.0,187.0,183.0,96.0,85.0,138.0,171.0,178.0,168.0,188.0,201.0,203.0,202.0,204.0,204.0,195.0,201.0,188.0,190.0,187.0,169.0,86.0,109.0,54.0,95.0,60.0,94.0,115.0,13.0,113.0,115.0,102.0,1.0
45,136.0,153.0,107.0,124.0,78.0,178.0,106.0,84.0,19.0,129.0,112.0,157.0,130.0,91.0,115.0,113.0,121.0,129.0,148.0,156.0,171.0,153.0,118.0,121.0,137.0,150.0,107.0,62.0,19.0,1.0,34.0,177.0,197.0,190.0,184.0,182.0,172.0,49.0,103.0,174.0,181.0,184.0,175.0,169.0,116.0,21.0,53.0,44.0,102.0,99.0,33.0,29.0,83.0,105.0,49.0,115.0,110.0,79.0,54.0,43.0,1.0
46,111.0,100.0,52.0,152.0,177.0,173.0,69.0,120.0,108.0,160.0,166.0,133.0,47.0,132.0,158.0,182.0,172.0,181.0,185.0,198.0,199.0,170.0,89.0,70.0,133.0,108.0,71.0,31.0,18.0,3.0,23.0,151.0,152.0,183.0,178.0,172.0,158.0,33.0,160.0,198.0,164.0,137.0,108.0,150.0,88.0,90.0,100.0,82.0,91.0,40.0,35.0,99.0,81.0,85.0,67.0,38.0,17.0,90.0,41.0,10.0,1.0
47,130.0,86.0,60.0,32.0,11.0,56.0,52.0,86.0,53.0,26.0,61.0,109.0,98.0,24.0,7.0,33.0,61.0,98.0,16.0,44.0,103.0,110.0,150.0,150.0,113.0,67.0,64.0,33.0,36.0,59.0,110.0,153.0,188.0,171.0,153.0,149.0,151.0,144.0,147.0,187.0,199.0,201.0,202.0,171.0,168.0,165.0,144.0,128.0,65.0,111.0,33.0,0.0,25.0,9.0,0.0,57.0,70.0,44.0,65.0,47.0,1.0
48,60.0,6.0,152.0,93.0,40.0,52.0,66.0,131.0,29.0,6.0,56.0,162.0,136.0,103.0,2.0,2.0,59.0,123.0,87.0,104.0,106.0,116.0,139.0,158.0,197.0,135.0,82.0,46.0,60.0,63.0,91.0,110.0,149.0,147.0,144.0,145.0,130.0,85.0,24.0,147.0,158.0,188.0,178.0,140.0,114.0,89.0,51.0,102.0,67.0,17.0,9.0,51.0,76.0,69.0,69.0,101.0,52.0,14.0,40.0,88.0,1.0
49,32.0,143.0,148.0,123.0,172.0,180.0,132.0,129.0,12.0,33.0,91.0,172.0,101.0,73.0,26.0,13.0,45.0,117.0,66.0,114.0,127.0,129.0,128.0,138.0,197.0,175.0,103.0,67.0,74.0,84.0,126.0,136.0,163.0,150.0,155.0,161.0,152.0,96.0,3.0,106.0,138.0,190.0,184.0,139.0,120.0,104.0,74.0,95.0,59.0,19.0,34.0,3.0,69.0,44.0,88.0,53.0,55.0,60.0,19.0,95.0,1.0
50,125.0,158.0,88.0,49.0,49.0,73.0,97.0,40.0,4.0,36.0,35.0,35.0,78.0,102.0,78.0,21.0,32.0,4.0,4.0,11.0,4.0,30.0,8.0,12.0,57.0,112.0,98.0,66.0,80.0,115.0,176.0,201.0,201.0,177.0,191.0,204.0,205.0,195.0,171.0,133.0,100.0,94.0,142.0,162.0,167.0,152.0,134.0,139.0,122.0,2.0,51.0,96.0,124.0,21.0,115.0,81.0,24.0,75.0,70.0,41.0,1.0
51,39.0,14.0,83.0,59.0,4.0,64.0,47.0,31.0,27.0,39.0,12.0,24.0,26.0,48.0,88.0,96.0,111.0,101.0,60.0,38.0,53.0,54.0,55.0,68.0,92.0,129.0,146.0,79.0,23.0,30.0,104.0,113.0,71.0,126.0,139.0,141.0,144.0,168.0,155.0,163.0,159.0,127.0,104.0,31.0,2.0,29.0,18.0,6.0,10.0,20.0,56.0,29.0,12.0,19.0,54.0,27.0,37.0,6.0,38.0,13.0,1.0
52,15.0,9.0,15.0,37.0,89.0,51.0,82.0,43.0,18.0,27.0,51.0,75.0,109.0,87.0,85.0,84.0,93.0,81.0,90.0,87.0,92.0,98.0,97.0,120.0,155.0,170.0,189.0,141.0,102.0,90.0,76.0,58.0,34.0,5.0,27.0,72.0,75.0,95.0,78.0,35.0,44.0,60.0,70.0,64.0,46.0,4.0,28.0,57.0,23.0,4.0,2.0,22.0,19.0,48.0,84.0,37.0,18.0,54.0,43.0,20.0,1.0
53,104.0,110.0,67.0,2.0,7.0,40.0,64.0,96.0,50.0,21.0,7.0,47.0,55.0,70.0,98.0,76.0,82.0,75.0,69.0,92.0,86.0,92.0,99.0,118.0,142.0,152.0,183.0,161.0,111.0,117.0,149.0,116.0,57.0,32.0,45.0,87.0,96.0,106.0,95.0,53.0,46.0,106.0,95.0,101.0,100.0,46.0,111.0,115.0,87.0,28.0,38.0,31.0,46.0,67.0,34.0,79.0,28.0,45.0,36.0,66.0,1.0
54,40.0,18.0,47.0,15.0,66.0,47.0,27.0,5.0,43.0,41.0,54.0,58.0,69.0,84.0,93.0,52.0,70.0,85.0,94.0,79.0,68.0,81.0,81.0,91.0,135.0,148.0,156.0,152.0,121.0,134.0,156.0,130.0,94.0,58.0,34.0,69.0,82.0,93.0,102.0,63.0,54.0,110.0,119.0,88.0,99.0,100.0,87.0,86.0,67.0,106.0,72.0,17.0,12.0,7.0,10.0,35.0,97.0,96.0,17.0,50.0,1.0
55,66.0,29.0,26.0,44.0,87.0,6.0,62.0,54.0,83.0,58.0,73.0,56.0,67.0,88.0,94.0,63.0,75.0,89.0,99.0,88.0,82.0,86.0,95.0,115.0,159.0,168.0,189.0,182.0,152.0,160.0,162.0,129.0,96.0,53.0,37.0,88.0,91.0,102.0,122.0,66.0,29.0,113.0,99.0,75.0,98.0,79.0,128.0,91.0,105.0,93.0,14.0,38.0,25.0,32.0,54.0,25.0,31.0,20.0,4.0,8.0,1.0
56,46.0,24.0,20.0,48.0,5.0,20.0,55.0,65.0,46.0,83.0,81.0,84.0,77.0,85.0,55.0,54.0,76.0,95.0,91.0,81.0,88.0,85.0,76.0,106.0,184.0,187.0,189.0,175.0,162.0,146.0,140.0,104.0,64.0,35.0,11.0,79.0,84.0,101.0,117.0,74.0,19.0,82.0,72.0,80.0,62.0,65.0,116.0,120.0,90.0,42.0,23.0,21.0,22.0,17.0,3.0,33.0,24.0,5.0,23.0,23.0,1.0
57,75.0,35.0,43.0,16.0,93.0,109.0,103.0,58.0,66.0,34.0,61.0,17.0,14.0,12.0,12.0,12.0,35.0,56.0,68.0,57.0,87.0,87.0,103.0,122.0,126.0,159.0,139.0,119.0,133.0,149.0,154.0,161.0,158.0,163.0,164.0,167.0,172.0,171.0,139.0,127.0,95.0,49.0,42.0,85.0,74.0,76.0,26.0,22.0,30.0,27.0,3.0,22.0,28.0,60.0,96.0,90.0,32.0,10.0,3.0,13.0,1.0
58,79.0,2.0,12.0,9.0,69.0,94.0,61.0,34.0,113.0,79.0,53.0,34.0,6.0,49.0,17.0,6.0,79.0,61.0,56.0,86.0,100.0,117.0,164.0,176.0,174.0,189.0,189.0,156.0,157.0,153.0,158.0,157.0,154.0,155.0,160.0,151.0,146.0,142.0,71.0,47.0,64.0,15.0,16.0,6.0,8.0,12.0,6.0,35.0,15.0,18.0,24.0,9.0,83.0,62.0,28.0,43.0,18.0,26.0,10.0,17.0,1.0
59,35.0,45.0,57.0,19.0,48.0,53.0,56.0,28.0,78.0,67.0,21.0,7.0,7.0,33.0,20.0,4.0,51.0,79.0,57.0,82.0,101.0,114.0,138.0,143.0,165.0,183.0,189.0,147.0,122.0,131.0,132.0,135.0,128.0,135.0,141.0,139.0,137.0,120.0,59.0,54.0,68.0,30.0,8.0,7.0,22.0,25.0,7.0,12.0,8.0,6.0,4.0,14.0,48.0,13.0,33.0,35.0,7.0,31.0,66.0,46.0,1.0
60,38.0,0.0,16.0,94.0,83.0,67.0,70.0,67.0,120.0,81.0,59.0,40.0,12.0,28.0,33.0,15.0,56.0,70.0,78.0,101.0,110.0,140.0,181.0,166.0,171.0,193.0,177.0,159.0,139.0,139.0,141.0,145.0,138.0,148.0,147.0,148.0,148.0,134.0,57.0,48.0,57.0,17.0,11.0,3.0,14.0,11.0,2.0,7.0,2.0,39.0,48.0,40.0,22.0,2.0,1.0,32.0,26.0,14.0,12.0,6.0,1.0
61,42.0,8.0,7.0,53.0,88.0,98.0,93.0,59.0,110.0,110.0,62.0,43.0,24.0,23.0,42.0,69.0,81.0,63.0,88.0,105.0,113.0,172.0,198.0,163.0,138.0,163.0,161.0,154.0,141.0,143.0,136.0,125.0,122.0,141.0,150.0,146.0,154.0,131.0,76.0,26.0,25.0,5.0,31.0,8.0,1.0,23.0,21.0,24.0,33.0,29.0,8.0,11.0,56.0,63.0,70.0,15.0,24.0,19.0,19.0,20.0,1.0
62,14.0,65.0,63.0,90.0,107.0,65.0,17.0,62.0,72.0,55.0,13.0,41.0,18.0,9.0,5.0,23.0,83.0,78.0,80.0,93.0,104.0,147.0,180.0,155.0,127.0,143.0,189.0,187.0,188.0,169.0,164.0,171.0,171.0,182.0,177.0,164.0,166.0,167.0,123.0,79.0,60.0,27.0,18.0,24.0,4.0,15.0,4.0,28.0,7.0,30.0,22.0,35.0,32.0,8.0,6.0,19.0,42.0,40.0,13.0,20.0,1.0
63,8.0,22.0,1.0,0.0,16.0,42.0,15.0,69.0,38.0,54.0,31.0,30.0,9.0,3.0,21.0,22.0,50.0,108.0,105.0,97.0,99.0,101.0,82.0,72.0,42.0,55.0,88.0,134.0,196.0,193.0,177.0,158.0,151.0,149.0,146.0,152.0,136.0,118.0,120.0,107.0,94.0,54.0,56.0,71.0,84.0,47.0,42.0,71.0,61.0,57.0,12.0,20.0,7.0,6.0,25.0,10.0,22.0,25.0,37.0,21.0,1.0
64,10.0,25.0,29.0,102.0,31.0,76.0,38.0,44.0,1.0,38.0,0.0,62.0,35.0,19.0,43.0,18.0,7.0,33.0,2.0,14.0,29.0,9.0,2.0,4.0,1.0,3.0,21.0,41.0,70.0,87.0,147.0,154.0,178.0,201.0,204.0,199.0,197.0,189.0,192.0,197.0,177.0,165.0,137.0,89.0,93.0,75.0,80.0,112.0,74.0,98.0,129.0,16.0,27.0,45.0,89.0,80.0,38.0,23.0,57.0,49.0,1.0
65,52.0,51.0,130.0,51.0,34.0,16.0,9.0,22.0,3.0,11.0,6.0,74.0,17.0,14.0,23.0,38.0,26.0,0.0,10.0,23.0,10.0,2.0,12.0,3.0,2.0,6.0,38.0,80.0,97.0,104.0,165.0,143.0,159.0,191.0,200.0,201.0,189.0,182.0,176.0,194.0,184.0,183.0,157.0,109.0,64.0,40.0,85.0,126.0,123.0,74.0,45.0,15.0,104.0,99.0,57.0,37.0,83.0,108.0,116.0,49.0,1.0
66,96.0,123.0,31.0,8.0,36.0,22.0,7.0,48.0,40.0,23.0,1.0,82.0,61.0,22.0,45.0,71.0,53.0,5.0,3.0,6.0,17.0,1.0,14.0,14.0,5.0,7.0,67.0,132.0,151.0,161.0,184.0,159.0,170.0,198.0,202.0,196.0,179.0,174.0,178.0,199.0,186.0,192.0,165.0,115.0,104.0,26.0,88.0,127.0,116.0,75.0,52.0,12.0,108.0,94.0,48.0,75.0,53.0,63.0,66.0,72.0,1.0
67,129.0,115.0,85.0,55.0,127.0,145.0,105.0,35.0,2.0,13.0,25.0,106.0,36.0,32.0,35.0,36.0,21.0,8.0,18.0,5.0,12.0,0.0,17.0,15.0,0.0,4.0,41.0,96.0,104.0,123.0,166.0,141.0,172.0,195.0,201.0,200.0,188.0,187.0,188.0,200.0,192.0,191.0,172.0,134.0,105.0,64.0,72.0,94.0,125.0,67.0,29.0,49.0,99.0,97.0,59.0,54.0,95.0,56.0,60.0,53.0,1.0
68,63.0,41.0,46.0,82.0,52.0,8.0,63.0,74.0,39.0,57.0,58.0,50.0,34.0,29.0,10.0,7.0,14.0,27.0,89.0,52.0,20.0,22.0,38.0,64.0,55.0,50.0,42.0,92.0,193.0,201.0,203.0,199.0,191.0,172.0,145.0,131.0,141.0,63.0,9.0,41.0,59.0,55.0,124.0,168.0,171.0,163.0,107.0,14.0,22.0,74.0,64.0,5.0,42.0,74.0,2.0,13.0,42.0,32.0,51.0,3.0,1.0
69,75.0,65.0,72.0,14.0,46.0,70.0,67.0,64.0,65.0,43.0,45.0,42.0,23.0,53.0,90.0,67.0,44.0,26.0,1.0,8.0,11.0,8.0,20.0,50.0,139.0,193.0,132.0,87.0,77.0,66.0,57.0,31.0,18.0,47.0,102.0,82.0,22.0,0.0,4.0,30.0,81.0,72.0,54.0,29.0,42.0,44.0,12.0,53.0,76.0,49.0,42.0,82.0,24.0,28.0,52.0,12.0,32.0,16.0,5.0,7.0,1.0
70,7.0,33.0,11.0,10.0,21.0,12.0,18.0,23.0,59.0,51.0,26.0,19.0,13.0,11.0,47.0,35.0,17.0,12.0,5.0,9.0,16.0,26.0,41.0,77.0,132.0,177.0,120.0,59.0,53.0,32.0,30.0,17.0,30.0,51.0,73.0,56.0,7.0,5.0,60.0,85.0,121.0,135.0,103.0,70.0,59.0,93.0,44.0,30.0,53.0,33.0,6.0,33.0,9.0,12.0,35.0,24.0,14.0,27.0,3.0,24.0,1.0
71,2.0,17.0,18.0,79.0,85.0,130.0,112.0,85.0,75.0,37.0,26.0,49.0,46.0,44.0,65.0,40.0,24.0,24.0,12.0,17.0,19.0,12.0,26.0,63.0,143.0,193.0,126.0,86.0,78.0,46.0,46.0,30.0,31.0,55.0,104.0,76.0,14.0,8.0,23.0,58.0,103.0,105.0,87.0,30.0,49.0,74.0,17.0,48.0,69.0,8.0,40.0,69.0,33.0,16.0,21.0,0.0,8.0,39.0,13.0,6.0,1.0
72,71.0,56.0,28.0,29.0,94.0,41.0,29.0,21.0,52.0,49.0,34.0,45.0,31.0,46.0,53.0,48.0,27.0,20.0,11.0,12.0,23.0,24.0,42.0,84.0,164.0,193.0,115.0,71.0,72.0,36.0,31.0,7.0,9.0,27.0,62.0,58.0,2.0,20.0,49.0,86.0,128.0,131.0,81.0,12.0,37.0,68.0,25.0,17.0,50.0,30.0,75.0,37.0,39.0,50.0,65.0,31.0,16.0,11.0,35.0,13.0,1.0
73,44.0,70.0,17.0,10.0,20.0,2.0,32.0,70.0,34.0,46.0,49.0,20.0,3.0,8.0,48.0,25.0,9.0,30.0,52.0,43.0,47.0,80.0,114.0,156.0,163.0,99.0,86.0,97.0,90.0,39.0,18.0,48.0,54.0,76.0,63.0,78.0,105.0,98.0,104.0,105.0,107.0,86.0,49.0,100.0,126.0,127.0,83.0,80.0,94.0,37.0,7.0,29.0,46.0,70.0,2.0,13.0,13.0,49.0,27.0,36.0,1.0
74,27.0,21.0,25.0,76.0,108.0,88.0,83.0,36.0,45.0,47.0,30.0,8.0,44.0,136.0,156.0,165.0,179.0,170.0,168.0,155.0,158.0,163.0,167.0,162.0,161.0,179.0,189.0,161.0,101.0,67.0,36.0,61.0,26.0,48.0,82.0,77.0,73.0,42.0,0.0,0.0,3.0,1.0,10.0,5.0,9.0,1.0,11.0,19.0,31.0,36.0,63.0,39.0,7.0,73.0,36.0,61.0,55.0,46.0,40.0,28.0,1.0
75,67.0,26.0,87.0,41.0,126.0,160.0,104.0,26.0,81.0,73.0,17.0,2.0,29.0,117.0,173.0,191.0,186.0,178.0,180.0,177.0,188.0,188.0,186.0,200.0,191.0,165.0,162.0,102.0,42.0,25.0,77.0,114.0,108.0,80.0,76.0,39.0,86.0,76.0,37.0,40.0,16.0,11.0,24.0,47.0,67.0,33.0,22.0,47.0,42.0,1.0,99.0,76.0,54.0,39.0,27.0,50.0,34.0,44.0,57.0,42.0,1.0
76,86.0,57.0,122.0,87.0,105.0,58.0,128.0,94.0,90.0,75.0,27.0,1.0,39.0,106.0,176.0,194.0,190.0,180.0,191.0,185.0,199.0,199.0,197.0,192.0,162.0,181.0,173.0,111.0,44.0,41.0,94.0,93.0,86.0,88.0,68.0,13.0,93.0,58.0,10.0,16.0,14.0,2.0,27.0,68.0,86.0,18.0,38.0,53.0,34.0,30.0,83.0,49.0,93.0,49.0,7.0,62.0,31.0,17.0,25.0,14.0,1.0
77,121.0,88.0,124.0,110.0,124.0,75.0,102.0,114.0,73.0,30.0,2.0,15.0,52.0,125.0,152.0,163.0,171.0,172.0,165.0,158.0,199.0,195.0,191.0,188.0,169.0,158.0,114.0,61.0,27.0,56.0,93.0,80.0,60.0,72.0,49.0,8.0,28.0,21.0,12.0,50.0,36.0,18.0,4.0,48.0,63.0,25.0,91.0,81.0,47.0,63.0,15.0,89.0,73.0,15.0,20.0,109.0,96.0,7.0,53.0,39.0,1.0
78,82.0,103.0,3.0,58.0,41.0,87.0,157.0,119.0,60.0,5.0,9.0,55.0,80.0,156.0,166.0,174.0,177.0,167.0,159.0,170.0,199.0,176.0,133.0,157.0,166.0,171.0,143.0,81.0,17.0,16.0,39.0,34.0,44.0,24.0,22.0,4.0,24.0,29.0,27.0,36.0,27.0,6.0,17.0,56.0,41.0,41.0,76.0,73.0,108.0,122.0,82.0,60.0,64.0,8.0,35.0,56.0,40.0,29.0,29.0,20.0,1.0
79,26.0,19.0,10.0,95.0,118.0,92.0,85.0,20.0,11.0,9.0,38.0,57.0,74.0,112.0,138.0,136.0,138.0,144.0,147.0,146.0,189.0,202.0,193.0,184.0,147.0,113.0,78.0,36.0,57.0,106.0,105.0,69.0,97.0,96.0,23.0,11.0,1.0,2.0,47.0,71.0,56.0,14.0,1.0,16.0,26.0,8.0,35.0,36.0,48.0,34.0,86.0,6.0,52.0,71.0,61.0,44.0,0.0,15.0,15.0,17.0,1.0
80,81.0,106.0,4.0,74.0,70.0,153.0,181.0,108.0,31.0,90.0,132.0,158.0,168.0,168.0,172.0,179.0,183.0,195.0,205.0,194.0,180.0,185.0,115.0,46.0,33.0,25.0,91.0,146.0,178.0,167.0,87.0,15.0,23.0,65.0,100.0,80.0,38.0,68.0,85.0,103.0,51.0,0.0,3.0,43.0,85.0,10.0,63.0,78.0,62.0,101.0,59.0,30.0,6.0,75.0,100.0,42.0,14.0,20.0,75.0,100.0,1.0
81,24.0,60.0,36.0,101.0,130.0,106.0,151.0,170.0,168.0,169.0,162.0,166.0,162.0,183.0,192.0,196.0,201.0,198.0,178.0,150.0,153.0,175.0,111.0,75.0,100.0,132.0,76.0,40.0,94.0,148.0,144.0,100.0,110.0,115.0,48.0,67.0,80.0,26.0,36.0,119.0,69.0,81.0,40.0,41.0,132.0,153.0,169.0,173.0,156.0,80.0,62.0,77.0,47.0,46.0,54.0,45.0,58.0,11.0,39.0,9.0,1.0
82,137.0,118.0,140.0,13.0,13.0,107.0,95.0,88.0,151.0,134.0,109.0,156.0,155.0,174.0,191.0,187.0,197.0,202.0,186.0,159.0,130.0,149.0,100.0,85.0,92.0,116.0,69.0,68.0,170.0,182.0,124.0,54.0,92.0,131.0,95.0,18.0,69.0,46.0,1.0,29.0,48.0,87.0,65.0,34.0,149.0,169.0,166.0,136.0,142.0,137.0,58.0,5.0,17.0,65.0,86.0,67.0,45.0,51.0,19.0,61.0,1.0
83,76.0,101.0,106.0,39.0,151.0,123.0,130.0,81.0,64.0,98.0,182.0,181.0,163.0,180.0,186.0,192.0,200.0,203.0,198.0,164.0,152.0,160.0,80.0,62.0,115.0,121.0,58.0,14.0,66.0,132.0,130.0,94.0,98.0,100.0,42.0,44.0,72.0,57.0,18.0,81.0,81.0,78.0,13.0,79.0,117.0,124.0,164.0,169.0,110.0,93.0,50.0,7.0,69.0,47.0,55.0,72.0,19.0,21.0,7.0,54.0,1.0
84,132.0,94.0,114.0,68.0,186.0,166.0,60.0,52.0,125.0,116.0,158.0,147.0,151.0,150.0,177.0,189.0,198.0,203.0,203.0,168.0,164.0,179.0,75.0,32.0,62.0,82.0,77.0,44.0,79.0,70.0,95.0,75.0,107.0,110.0,71.0,25.0,36.0,11.0,89.0,121.0,105.0,116.0,67.0,9.0,75.0,154.0,179.0,138.0,92.0,60.0,49.0,19.0,24.0,47.0,75.0,50.0,45.0,52.0,29.0,41.0,1.0
85,127.0,180.0,186.0,171.0,155.0,141.0,176.0,176.0,177.0,183.0,152.0,5.0,102.0,187.0,181.0,181.0,187.0,157.0,104.0,60.0,90.0,124.0,143.0,200.0,152.0,89.0,94.0,45.0,34.0,62.0,73.0,3.0,12.0,2.0,111.0,168.0,181.0,124.0,6.0,115.0,153.0,156.0,109.0,121.0,151.0,125.0,153.0,185.0,173.0,54.0,118.0,62.0,45.0,111.0,103.0,48.0,57.0,73.0,81.0,53.0,1.0
86,58.0,107.0,173.0,146.0,29.0,28.0,133.0,163.0,133.0,101.0,90.0,61.0,64.0,175.0,194.0,188.0,180.0,140.0,96.0,32.0,76.0,125.0,153.0,200.0,140.0,83.0,90.0,60.0,58.0,78.0,79.0,19.0,21.0,4.0,122.0,175.0,182.0,121.0,5.0,96.0,160.0,157.0,113.0,116.0,152.0,136.0,172.0,181.0,186.0,136.0,76.0,51.0,15.0,70.0,15.0,43.0,67.0,47.0,52.0,14.0,1.0
87,169.0,128.0,101.0,24.0,51.0,33.0,178.0,190.0,172.0,158.0,131.0,33.0,15.0,170.0,189.0,170.0,165.0,132.0,85.0,31.0,81.0,130.0,157.0,179.0,179.0,68.0,68.0,89.0,67.0,96.0,96.0,37.0,56.0,43.0,143.0,181.0,190.0,155.0,31.0,136.0,168.0,166.0,146.0,131.0,158.0,171.0,183.0,190.0,185.0,132.0,65.0,101.0,88.0,48.0,22.0,38.0,118.0,79.0,26.0,26.0,1.0
88,100.0,73.0,146.0,114.0,154.0,101.0,164.0,155.0,95.0,102.0,108.0,29.0,54.0,155.0,163.0,183.0,194.0,197.0,156.0,78.0,74.0,109.0,122.0,140.0,104.0,72.0,65.0,30.0,28.0,60.0,26.0,28.0,32.0,6.0,118.0,157.0,149.0,81.0,17.0,124.0,154.0,133.0,63.0,95.0,119.0,54.0,125.0,158.0,151.0,15.0,131.0,64.0,71.0,54.0,31.0,58.0,76.0,104.0,109.0,101.0,1.0
89,84.0,87.0,165.0,106.0,23.0,83.0,35.0,164.0,173.0,182.0,147.0,22.0,62.0,178.0,183.0,173.0,176.0,149.0,107.0,33.0,52.0,107.0,141.0,200.0,134.0,90.0,110.0,72.0,63.0,91.0,103.0,24.0,28.0,14.0,131.0,163.0,175.0,73.0,65.0,172.0,173.0,162.0,111.0,60.0,123.0,142.0,159.0,177.0,165.0,71.0,123.0,42.0,18.0,59.0,77.0,20.0,93.0,57.0,79.0,68.0,1.0
90,36.0,136.0,146.0,105.0,149.0,191.0,184.0,169.0,190.0,192.0,150.0,46.0,140.0,190.0,193.0,201.0,201.0,199.0,130.0,84.0,71.0,70.0,105.0,142.0,130.0,104.0,116.0,77.0,12.0,20.0,153.0,170.0,65.0,127.0,193.0,177.0,147.0,175.0,162.0,108.0,9.0,35.0,134.0,151.0,142.0,42.0,31.0,31.0,26.0,118.0,10.0,113.0,27.0,109.0,90.0,13.0,24.0,25.0,84.0,60.0,1.0
91,89.0,160.0,133.0,43.0,182.0,195.0,194.0,194.0,191.0,130.0,128.0,151.0,190.0,195.0,198.0,177.0,110.0,32.0,40.0,73.0,80.0,36.0,8.0,54.0,73.0,106.0,85.0,120.0,136.0,172.0,180.0,133.0,11.0,71.0,137.0,137.0,39.0,78.0,97.0,146.0,118.0,34.0,66.0,50.0,47.0,63.0,40.0,10.0,12.0,54.0,43.0,104.0,47.0,48.0,23.0,85.0,21.0,30.0,62.0,41.0,1.0
92,92.0,59.0,66.0,1.0,45.0,54.0,115.0,91.0,102.0,89.0,33.0,86.0,43.0,93.0,105.0,98.0,5.0,14.0,51.0,58.0,43.0,21.0,39.0,58.0,67.0,70.0,81.0,113.0,196.0,178.0,120.0,106.0,139.0,125.0,52.0,15.0,5.0,59.0,88.0,70.0,111.0,125.0,69.0,20.0,6.0,72.0,99.0,28.0,35.0,123.0,68.0,68.0,77.0,27.0,50.0,7.0,23.0,2.0,30.0,60.0,1.0
93,148.0,122.0,95.0,94.0,0.0,93.0,163.0,154.0,111.0,76.0,130.0,152.0,173.0,191.0,147.0,70.0,59.0,88.0,47.0,70.0,63.0,19.0,87.0,164.0,157.0,100.0,85.0,130.0,196.0,176.0,117.0,112.0,199.0,184.0,120.0,52.0,50.0,72.0,164.0,167.0,86.0,146.0,136.0,103.0,7.0,23.0,10.0,42.0,24.0,25.0,61.0,32.0,14.0,68.0,103.0,102.0,50.0,66.0,87.0,44.0,1.0
94,1.0,92.0,42.0,35.0,65.0,133.0,168.0,144.0,86.0,77.0,32.0,89.0,92.0,124.0,111.0,80.0,1.0,22.0,54.0,64.0,44.0,14.0,53.0,96.0,103.0,92.0,96.0,135.0,196.0,162.0,100.0,87.0,164.0,139.0,83.0,19.0,16.0,77.0,124.0,64.0,65.0,132.0,101.0,74.0,36.0,38.0,56.0,50.0,73.0,22.0,55.0,88.0,51.0,17.0,84.0,66.0,74.0,8.0,17.0,4.0,1.0
95,103.0,114.0,166.0,143.0,82.0,113.0,2.0,39.0,80.0,53.0,28.0,18.0,1.0,26.0,24.0,58.0,25.0,62.0,84.0,63.0,39.0,7.0,6.0,19.0,7.0,14.0,35.0,107.0,180.0,165.0,98.0,42.0,148.0,169.0,114.0,129.0,173.0,184.0,170.0,126.0,83.0,16.0,0.0,0.0,0.0,0.0,0.0,0.0,0.0,0.0,0.0,25.0,123.0,110.0,33.0,98.0,103.0,63.0,92.0,84.0,1.0
96,56.0,42.0,2.0,15.0,61.0,26.0,8.0,45.0,91.0,48.0,24.0,14.0,14.0,21.0,4.0,19.0,28.0,99.0,65.0,35.0,14.0,16.0,16.0,13.0,3.0,5.0,28.0,78.0,131.0,158.0,121.0,32.0,126.0,130.0,70.0,103.0,133.0,173.0,190.0,181.0,93.0,92.0,71.0,25.0,15.0,17.0,94.0,122.0,65.0,51.0,38.0,120.0,126.0,89.0,119.0,29.0,8.0,38.0,67.0,64.0,1.0
97,150.0,85.0,143.0,169.0,183.0,181.0,182.0,46.0,77.0,114.0,29.0,104.0,75.0,122.0,121.0,107.0,87.0,80.0,48.0,18.0,35.0,45.0,28.0,52.0,50.0,31.0,52.0,50.0,33.0,31.0,75.0,117.0,153.0,152.0,161.0,185.0,177.0,179.0,166.0,185.0,196.0,181.0,167.0,149.0,136.0,164.0,161.0,182.0,152.0,100.0,134.0,41.0,83.0,98.0,45.0,88.0,109.0,96.0,117.0,108.0,0.0
98,175.0,181.0,189.0,180.0,192.0,174.0,165.0,0.0,137.0,132.0,142.0,91.0,133.0,127.0,129.0,119.0,124.0,126.0,116.0,54.0,18.0,11.0,47.0,87.0,45.0,16.0,31.0,64.0,71.0,53.0,59.0,36.0,5.0,21.0,93.0,130.0,117.0,114.0,137.0,153.0,143.0,115.0,61.0,112.0,163.0,157.0,168.0,175.0,142.0,78.0,84.0,136.0,117.0,93.0,108.0,6.0,78.0,91.0,101.0,107.0,0.0
99,66.0,119.0,139.0,141.0,98.0,90.0,109.0,187.0,70.0,4.0,100.0,114.0,56.0,142.0,151.0,158.0,128.0,106.0,74.0,30.0,22.0,3.0,19.0,47.0,31.0,30.0,53.0,47.0,49.0,57.0,68.0,91.0,125.0,113.0,67.0,61.0,21.0,70.0,116.0,140.0,116.0,134.0,120.0,111.0,140.0,128.0,75.0,131.0,138.0,56.0,41.0,108.0,107.0,97.0,125.0,69.0,117.0,117.0,103.0,73.0,0.0
100,158.0,170.0,185.0,166.0,175.0,129.0,59.0,63.0,146.0,181.0,196.0,193.0,180.0,186.0,187.0,197.0,199.0,200.0,162.0,134.0,115.0,46.0,3.0,2.0,20.0,17.0,9.0,6.0,1.0,18.0,12.0,26.0,48.0,41.0,85.0,37.0,24.0,64.0,52.0,2.0,39.0,64.0,50.0,81.0,35.0,3.0,70.0,96.0,14.0,12.0,132.0,47.0,127.0,67.0,97.0,112.0,116.0,47.0,83.0,92.0,0.0
101,120.0,38.0,159.0,163.0,43.0,127.0,169.0,141.0,178.0,193.0,197.0,203.0,196.0,197.0,195.0,185.0,189.0,201.0,183.0,145.0,95.0,28.0,0.0,0.0,18.0,38.0,48.0,33.0,15.0,8.0,56.0,81.0,82.0,86.0,113.0,14.0,65.0,55.0,54.0,45.0,8.0,25.0,32.0,18.0,39.0,24.0,24.0,72.0,80.0,73.0,140.0,125.0,122.0,58.0,102.0,114.0,20.0,122.0,89.0,98.0,0.0
102,156.0,174.0,180.0,175.0,174.0,36.0,51.0,38.0,89.0,139.0,161.0,184.0,182.0,176.0,179.0,180.0,193.0,193.0,181.0,139.0,123.0,73.0,21.0,22.0,13.0,2.0,6.0,5.0,8.0,6.0,33.0,63.0,87.0,128.0,135.0,91.0,56.0,92.0,113.0,56.0,21.0,7.0,20.0,15.0,12.0,31.0,109.0,146.0,154.0,108.0,115.0,133.0,73.0,56.0,101.0,90.0,25.0,78.0,111.0,89.0,0.0
103,49.0,75.0,68.0,78.0,101.0,25.0,96.0,122.0,20.0,69.0,146.0,188.0,191.0,189.0,184.0,186.0,192.0,203.0,199.0,184.0,134.0,112.0,93.0,69.0,30.0,0.0,0.0,3.0,5.0,7.0,47.0,115.0,106.0,137.0,132.0,106.0,78.0,143.0,131.0,42.0,15.0,43.0,51.0,4.0,24.0,22.0,8.0,13.0,32.0,20.0,73.0,34.0,55.0,116.0,114.0,58.0,23.0,77.0,34.0,9.0,0.0
104,110.0,137.0,154.0,107.0,95.0,38.0,34.0,36.0,98.0,159.0,178.0,189.0,179.0,177.0,174.0,184.0,184.0,194.0,204.0,199.0,157.0,99.0,79.0,41.0,23.0,1.0,2.0,0.0,4.0,21.0,28.0,56.0,66.0,116.0,115.0,100.0,139.0,152.0,56.0,130.0,195.0,173.0,75.0,63.0,18.0,34.0,54.0,20.0,46.0,76.0,32.0,132.0,109.0,84.0,123.0,103.0,36.0,89.0,88.0,43.0,0.0
105,30.0,54.0,120.0,161.0,187.0,97.0,46.0,92.0,32.0,45.0,117.0,179.0,154.0,173.0,180.0,164.0,181.0,196.0,202.0,197.0,167.0,156.0,140.0,134.0,68.0,37.0,33.0,32.0,41.0,42.0,41.0,62.0,80.0,56.0,64.0,83.0,106.0,157.0,130.0,98.0,61.0,65.0,98.0,37.0,16.0,14.0,5.0,54.0,8.0,10.0,13.0,96.0,66.0,53.0,121.0,119.0,71.0,44.0,95.0,69.0,0.0
106,118.0,119.0,123.0,145.0,129.0,61.0,10.0,72.0,16.0,1.0,23.0,69.0,63.0,101.0,118.0,140.0,149.0,160.0,173.0,176.0,150.0,123.0,116.0,108.0,69.0,39.0,36.0,28.0,48.0,51.0,44.0,68.0,95.0,105.0,130.0,136.0,143.0,162.0,140.0,156.0,156.0,151.0,173.0,148.0,79.0,88.0,132.0,101.0,93.0,93.0,69.0,40.0,103.0,102.0,23.0,94.0,48.0,34.0,91.0,69.0,0.0
107,142.0,140.0,161.0,126.0,160.0,159.0,145.0,13.0,21.0,0.0,48.0,102.0,125.0,143.0,149.0,152.0,152.0,161.0,158.0,171.0,163.0,139.0,149.0,180.0,144.0,66.0,29.0,17.0,20.0,19.0,51.0,108.0,134.0,140.0,140.0,132.0,129.0,151.0,149.0,160.0,146.0,140.0,121.0,142.0,146.0,131.0,96.0,64.0,98.0,41.0,1.0,84.0,106.0,48.0,43.0,95.0,66.0,65.0,83.0,37.0,0.0
108,157.0,130.0,129.0,79.0,145.0,66.0,54.0,18.0,61.0,7.0,64.0,81.0,79.0,105.0,133.0,135.0,154.0,185.0,197.0,190.0,181.0,181.0,183.0,151.0,106.0,59.0,30.0,29.0,37.0,24.0,37.0,67.0,77.0,122.0,124.0,121.0,135.0,154.0,159.0,131.0,130.0,143.0,115.0,144.0,122.0,71.0,37.0,3.0,71.0,50.0,11.0,1.0,0.0,115.0,117.0,64.0,87.0,86.0,82.0,76.0,0.0
109,95.0,16.0,92.0,142.0,146.0,69.0,131.0,106.0,9.0,42.0,41.0,23.0,10.0,67.0,95.0,124.0,133.0,151.0,163.0,161.0,169.0,189.0,198.0,199.0,187.0,138.0,100.0,58.0,64.0,74.0,74.0,38.0,27.0,64.0,109.0,111.0,100.0,80.0,111.0,138.0,149.0,172.0,153.0,114.0,43.0,123.0,175.0,153.0,135.0,124.0,130.0,116.0,127.0,103.0,22.0,52.0,89.0,61.0,60.0,51.0,0.0
110,73.0,32.0,53.0,157.0,180.0,21.0,41.0,53.0,14.0,18.0,40.0,70.0,105.0,118.0,128.0,139.0,146.0,148.0,167.0,182.0,173.0,184.0,198.0,169.0,141.0,111.0,109.0,115.0,92.0,58.0,15.0,11.0,20.0,67.0,119.0,115.0,108.0,79.0,115.0,149.0,163.0,160.0,155.0,141.0,144.0,94.0,120.0,69.0,58.0,72.0,53.0,67.0,68.0,36.0,16.0,77.0,58.0,82.0,100.0,93.0,0.0
111,155.0,165.0,188.0,179.0,191.0,185.0,30.0,177.0,47.0,20.0,67.0,87.0,104.0,134.0,141.0,122.0,142.0,158.0,179.0,188.0,183.0,202.0,189.0,168.0,136.0,88.0,80.0,35.0,13.0,9.0,6.0,6.0,15.0,61.0,129.0,138.0,132.0,160.0,141.0,109.0,137.0,186.0,164.0,58.0,124.0,103.0,36.0,105.0,101.0,38.0,138.0,125.0,113.0,122.0,60.0,102.0,104.0,100.0,91.0,44.0,0.0
112,147.0,129.0,160.0,156.0,172.0,155.0,140.0,47.0,68.0,92.0,135.0,156.0,164.0,162.0,168.0,154.0,161.0,177.0,195.0,186.0,199.0,198.0,174.0,132.0,85.0,45.0,22.0,8.0,21.0,40.0,43.0,21.0,67.0,143.0,154.0,150.0,134.0,115.0,114.0,72.0,55.0,111.0,143.0,118.0,68.0,69.0,81.0,15.0,82.0,51.0,73.0,70.0,23.0,119.0,93.0,65.0,114.0,121.0,97.0,41.0,0.0
113,101.0,145.0,155.0,36.0,130.0,168.0,104.0,93.0,88.0,97.0,85.0,127.0,139.0,146.0,139.0,141.0,147.0,176.0,196.0,191.0,185.0,190.0,144.0,129.0,94.0,65.0,66.0,34.0,29.0,22.0,17.0,20.0,91.0,111.0,90.0,85.0,114.0,111.0,134.0,166.0,155.0,149.0,105.0,67.0,56.0,87.0,52.0,21.0,45.0,71.0,56.0,87.0,102.0,95.0,30.0,57.0,38.0,24.0,31.0,62.0,0.0
114,28.0,70.0,70.0,77.0,161.0,183.0,142.0,66.0,84.0,100.0,116.0,135.0,149.0,166.0,167.0,172.0,173.0,182.0,190.0,195.0,199.0,200.0,168.0,116.0,75.0,79.0,99.0,90.0,76.0,69.0,69.0,44.0,7.0,18.0,81.0,104.0,98.0,71.0,75.0,68.0,87.0,126.0,123.0,110.0,76.0,78.0,92.0,152.0,149.0,66.0,113.0,128.0,94.0,122.0,71.0,29.0,35.0,99.0,74.0,15.0,0.0
115,140.0,121.0,119.0,150.0,59.0,132.0,170.0,136.0,37.0,112.0,102.0,137.0,160.0,179.0,178.0,168.0,174.0,175.0,177.0,148.0,170.0,158.0,127.0,146.0,107.0,74.0,56.0,21.0,22.0,27.0,14.0,8.0,78.0,119.0,127.0,127.0,116.0,130.0,138.0,135.0,165.0,167.0,139.0,150.0,157.0,16.0,73.0,68.0,29.0,14.0,117.0,18.0,87.0,70.0,36.0,106.0,99.0,61.0,114.0,104.0,0.0
116,20.0,99.0,82.0,75.0,166.0,175.0,166.0,148.0,132.0,94.0,98.0,144.0,169.0,181.0,170.0,143.0,151.0,162.0,169.0,179.0,196.0,202.0,163.0,152.0,167.0,139.0,111.0,83.0,83.0,49.0,22.0,10.0,8.0,3.0,9.0,66.0,71.0,108.0,145.0,110.0,66.0,57.0,28.0,73.0,94.0,86.0,122.0,125.0,145.0,116.0,116.0,90.0,74.0,121.0,103.0,41.0,57.0,45.0,69.0,52.0,0.0
117,80.0,27.0,27.0,149.0,152.0,156.0,159.0,79.0,94.0,131.0,125.0,146.0,112.0,130.0,130.0,130.0,130.0,143.0,152.0,174.0,187.0,192.0,177.0,185.0,197.0,172.0,141.0,107.0,110.0,98.0,67.0,43.0,40.0,10.0,32.0,38.0,77.0,109.0,142.0,145.0,132.0,148.0,144.0,99.0,107.0,95.0,93.0,97.0,140.0,122.0,96.0,55.0,105.0,46.0,53.0,73.0,39.0,35.0,48.0,28.0,0.0
118,126.0,132.0,80.0,28.0,173.0,182.0,125.0,142.0,118.0,78.0,84.0,85.0,113.0,139.0,136.0,127.0,136.0,146.0,146.0,135.0,161.0,168.0,171.0,184.0,186.0,193.0,169.0,180.0,174.0,151.0,119.0,65.0,49.0,42.0,66.0,50.0,10.0,38.0,48.0,77.0,40.0,32.0,85.0,86.0,129.0,92.0,67.0,59.0,106.0,79.0,128.0,65.0,110.0,31.0,70.0,37.0,48.0,86.0,57.0,23.0,0.0
119,93.0,78.0,59.0,137.0,170.0,157.0,120.0,143.0,130.0,113.0,139.0,169.0,145.0,138.0,144.0,153.0,148.0,156.0,154.0,154.0,162.0,166.0,162.0,189.0,190.0,160.0,130.0,148.0,126.0,93.0,80.0,53.0,74.0,46.0,26.0,1.0,34.0,88.0,39.0,19.0,78.0,80.0,80.0,55.0,89.0,14.0,16.0,74.0,88.0,62.0,71.0,119.0,104.0,78.0,10.0,91.0,38.0,13.0,17.0,13.0,0.0
120,123.0,135.0,13.0,42.0,64.0,57.0,71.0,102.0,71.0,84.0,79.0,97.0,118.0,108.0,137.0,146.0,140.0,136.0,127.0,120.0,119.0,135.0,182.0,193.0,192.0,193.0,175.0,191.0,142.0,100.0,113.0,123.0,90.0,26.0,18.0,54.0,99.0,116.0,108.0,111.0,120.0,114.0,91.0,122.0,115.0,97.0,97.0,90.0,84.0,7.0,77.0,13.0,79.0,66.0,83.0,79.0,36.0,16.0,61.0,21.0,0.0
121,49.0,7.0,62.0,88.0,99.0,95.0,127.0,90.0,103.0,99.0,92.0,110.0,131.0,148.0,146.0,148.0,145.0,152.0,153.0,151.0,175.0,193.0,198.0,198.0,180.0,157.0,155.0,160.0,129.0,99.0,60.0,74.0,45.0,0.0,25.0,59.0,81.0,97.0,74.0,98.0,136.0,107.0,76.0,125.0,78.0,58.0,106.0,119.0,137.0,96.0,65.0,102.0,86.0,71.0,44.0,104.0,65.0,27.0,39.0,20.0,0.0
122,88.0,30.0,74.0,138.0,162.0,161.0,108.0,115.0,147.0,146.0,137.0,134.0,142.0,161.0,165.0,161.0,168.0,165.0,160.0,153.0,179.0,183.0,184.0,196.0,193.0,193.0,181.0,157.0,117.0,95.0,89.0,88.0,38.0,9.0,7.0,43.0,87.0,67.0,38.0,75.0,62.0,93.0,118.0,69.0,30.0,74.0,146.0,144.0,100.0,78.0,75.0,4.0,43.0,90.0,2.0,97.0,33.0,119.0,59.0,58.0,0.0
123,98.0,47.0,91.0,45.0,128.0,136.0,121.0,138.0,141.0,125.0,96.0,98.0,120.0,158.0,162.0,156.0,153.0,155.0,138.0,121.0,138.0,157.0,169.0,197.0,197.0,167.0,147.0,125.0,105.0,88.0,81.0,78.0,35.0,7.0,14.0,49.0,90.0,87.0,67.0,83.0,90.0,70.0,93.0,96.0,61.0,59.0,137.0,123.0,132.0,128.0,103.0,107.0,115.0,54.0,27.0,70.0,97.0,73.0,76.0,70.0,0.0
124,133.0,98.0,157.0,153.0,163.0,158.0,177.0,184.0,171.0,156.0,174.0,176.0,157.0,171.0,169.0,137.0,132.0,137.0,157.0,125.0,116.0,167.0,175.0,181.0,124.0,136.0,159.0,98.0,87.0,81.0,90.0,64.0,13.0,13.0,53.0,48.0,20.0,35.0,68.0,61.0,112.0,128.0,43.0,42.0,81.0,110.0,48.0,5.0,6.0,46.0,80.0,126.0,45.0,124.0,57.0,83.0,79.0,57.0,72.0,52.0,0.0
125,80.0,164.0,175.0,85.0,152.0,167.0,147.0,171.0,186.0,180.0,165.0,167.0,165.0,172.0,164.0,166.0,188.0,183.0,174.0,165.0,147.0,164.0,192.0,200.0,177.0,169.0,151.0,99.0,96.0,92.0,53.0,40.0,22.0,92.0,117.0,81.0,83.0,90.0,63.0,57.0,125.0,120.0,2.0,46.0,127.0,129.0,108.0,88.0,44.0,77.0,85.0,101.0,111.0,123.0,98.0,92.0,86.0,72.0,6.0,25.0,0.0
126,164.0,163.0,142.0,31.0,131.0,177.0,167.0,159.0,175.0,191.0,190.0,195.0,192.0,194.0,200.0,200.0,191.0,186.0,188.0,200.0,178.0,146.0,147.0,119.0,61.0,51.0,59.0,53.0,59.0,61.0,58.0,45.0,14.0,34.0,29.0,53.0,63.0,34.0,42.0,92.0,80.0,39.0,26.0,123.0,103.0,45.0,84.0,117.0,141.0,24.0,116.0,90.0,78.0,60.0,113.0,30.0,48.0,76.0,64.0,89.0,0.0
127,72.0,77.0,24.0,139.0,147.0,169.0,192.0,191.0,187.0,190.0,180.0,51.0,177.0,201.0,201.0,195.0,164.0,169.0,184.0,166.0,174.0,191.0,198.0,165.0,120.0,127.0,79.0,37.0,56.0,29.0,32.0,5.0,0.0,19.0,54.0,71.0,32.0,60.0,121.0,132.0,89.0,37.0,128.0,143.0,91.0,82.0,139.0,160.0,176.0,126.0,144.0,26.0,98.0,54.0,126.0,78.0,92.0,120.0,90.0,13.0,0.0
128,131.0,144.0,149.0,109.0,32.0,148.0,174.0,188.0,181.0,150.0,171.0,180.0,175.0,193.0,197.0,193.0,182.0,191.0,201.0,180.0,172.0,186.0,176.0,133.0,87.0,69.0,43.0,18.0,61.0,41.0,42.0,13.0,3.0,23.0,58.0,62.0,58.0,15.0,99.0,114.0,50.0,48.0,140.0,119.0,58.0,108.0,105.0,63.0,86.0,72.0,148.0,68.0,39.0,118.0,17.0,67.0,90.0,85.0,73.0,90.0,0.0
129,176.0,175.0,183.0,172.0,184.0,150.0,158.0,175.0,114.0,118.0,186.0,199.0,197.0,196.0,190.0,190.0,195.0,190.0,193.0,142.0,143.0,141.0,120.0,88.0,41.0,52.0,39.0,56.0,46.0,28.0,27.0,35.0,72.0,82.0,86.0,27.0,59.0,104.0,126.0,100.0,37.0,104.0,156.0,94.0,32.0,81.0,50.0,65.0,117.0,113.0,92.0,68.0,83.0,132.0,47.0,51.0,11.0,62.0,93.0,39.0,0.0
130,145.0,125.0,61.0,155.0,188.0,192.0,173.0,145.0,127.0,171.0,176.0,197.0,193.0,199.0,199.0,198.0,201.0,189.0,182.0,143.0,120.0,126.0,84.0,24.0,11.0,8.0,19.0,12.0,7.0,5.0,2.0,16.0,42.0,15.0,47.0,26.0,88.0,91.0,73.0,25.0,26.0,123.0,110.0,1.0,134.0,113.0,23.0,77.0,113.0,143.0,126.0,129.0,116.0,86.0,109.0,41.0,31.0,87.0,96.0,76.0,0.0
131,174.0,173.0,171.0,69.0,25.0,139.0,186.0,185.0,196.0,198.0,177.0,36.0,5.0,54.0,135.0,112.0,98.0,52.0,92.0,162.0,192.0,62.0,1.0,11.0,6.0,19.0,5.0,10.0,51.0,126.0,35.0,73.0,147.0,174.0,197.0,193.0,191.0,200.0,200.0,189.0,114.0,23.0,35.0,146.0,192.0,184.0,182.0,189.0,178.0,147.0,119.0,56.0,41.0,54.0,104.0,82.0,108.0,97.0,52.0,65.0,0.0
132,170.0,161.0,150.0,125.0,97.0,131.0,73.0,197.0,202.0,196.0,172.0,68.0,68.0,118.0,140.0,145.0,71.0,29.0,19.0,160.0,199.0,53.0,4.0,10.0,15.0,28.0,13.0,20.0,30.0,80.0,21.0,77.0,129.0,161.0,169.0,179.0,184.0,194.0,194.0,179.0,110.0,50.0,90.0,130.0,176.0,173.0,136.0,163.0,175.0,146.0,109.0,36.0,54.0,129.0,112.0,116.0,91.0,114.0,108.0,30.0,0.0
133,168.0,156.0,96.0,177.0,169.0,7.0,47.0,186.0,201.0,205.0,192.0,112.0,49.0,165.0,148.0,132.0,106.0,115.0,118.0,183.0,198.0,39.0,5.0,1.0,14.0,29.0,10.0,49.0,106.0,173.0,83.0,89.0,156.0,189.0,189.0,176.0,180.0,196.0,197.0,188.0,170.0,180.0,187.0,167.0,186.0,182.0,65.0,170.0,157.0,142.0,101.0,130.0,133.0,128.0,107.0,118.0,99.0,60.0,14.0,77.0,0.0
134,172.0,171.0,67.0,148.0,117.0,121.0,193.0,200.0,199.0,203.0,195.0,90.0,89.0,97.0,188.0,169.0,31.0,2.0,100.0,175.0,146.0,41.0,10.0,6.0,12.0,18.0,8.0,73.0,89.0,138.0,64.0,103.0,195.0,194.0,204.0,195.0,203.0,203.0,196.0,168.0,77.0,75.0,62.0,153.0,182.0,174.0,152.0,70.0,68.0,87.0,93.0,105.0,72.0,117.0,122.0,22.0,61.0,90.0,63.0,96.0,0.0
135,20.0,147.0,178.0,164.0,55.0,134.0,188.0,199.0,203.0,197.0,167.0,21.0,124.0,154.0,131.0,116.0,15.0,11.0,41.0,187.0,193.0,32.0,11.0,9.0,4.0,25.0,15.0,63.0,50.0,154.0,11.0,51.0,166.0,192.0,196.0,198.0,195.0,204.0,193.0,161.0,179.0,153.0,52.0,66.0,160.0,133.0,157.0,197.0,179.0,83.0,157.0,122.0,104.0,133.0,101.0,120.0,111.0,107.0,113.0,97.0,0.0
136,173.0,178.0,172.0,167.0,164.0,171.0,169.0,198.0,204.0,199.0,188.0,93.0,16.0,109.0,153.0,134.0,20.0,3.0,63.0,181.0,186.0,68.0,7.0,5.0,21.0,54.0,23.0,74.0,75.0,179.0,128.0,144.0,136.0,168.0,192.0,191.0,196.0,201.0,198.0,171.0,148.0,176.0,188.0,177.0,195.0,186.0,90.0,103.0,52.0,57.0,75.0,141.0,118.0,51.0,89.0,108.0,75.0,115.0,101.0,103.0,0.0
137,143.0,167.0,168.0,144.0,9.0,11.0,24.0,168.0,195.0,206.0,202.0,190.0,122.0,65.0,100.0,114.0,74.0,55.0,67.0,91.0,108.0,159.0,196.0,200.0,83.0,44.0,26.0,19.0,39.0,54.0,88.0,9.0,118.0,173.0,157.0,124.0,128.0,127.0,154.0,159.0,119.0,168.0,176.0,104.0,101.0,4.0,121.0,192.0,176.0,82.0,110.0,103.0,112.0,112.0,99.0,36.0,15.0,105.0,44.0,11.0,0.0
138,166.0,176.0,187.0,173.0,176.0,193.0,189.0,151.0,10.0,52.0,72.0,149.0,138.0,76.0,74.0,85.0,39.0,51.0,77.0,21.0,25.0,102.0,195.0,191.0,128.0,75.0,44.0,52.0,125.0,82.0,108.0,99.0,113.0,40.0,0.0,122.0,159.0,89.0,69.0,99.0,115.0,175.0,149.0,17.0,72.0,150.0,193.0,202.0,188.0,88.0,151.0,140.0,121.0,127.0,99.0,105.0,105.0,111.0,107.0,45.0,0.0
139,51.0,150.0,164.0,125.0,26.0,112.0,123.0,32.0,101.0,24.0,77.0,119.0,58.0,20.0,71.0,104.0,115.0,57.0,81.0,51.0,91.0,74.0,64.0,102.0,74.0,80.0,127.0,121.0,99.0,185.0,161.0,139.0,76.0,104.0,88.0,17.0,109.0,148.0,53.0,143.0,171.0,53.0,116.0,161.0,150.0,91.0,29.0,118.0,159.0,64.0,125.0,127.0,89.0,114.0,110.0,111.0,82.0,73.0,60.0,85.0,0.0
140,139.0,172.0,135.0,38.0,102.0,120.0,161.0,181.0,167.0,117.0,60.0,118.0,134.0,109.0,127.0,142.0,129.0,28.0,106.0,65.0,85.0,66.0,45.0,76.0,46.0,33.0,101.0,153.0,169.0,194.0,182.0,156.0,39.0,74.0,125.0,90.0,103.0,123.0,87.0,34.0,189.0,199.0,200.0,174.0,189.0,195.0,199.0,198.0,191.0,151.0,158.0,137.0,89.0,126.0,91.0,107.0,69.0,118.0,73.0,64.0,0.0
141,162.0,177.0,184.0,176.0,181.0,84.0,40.0,68.0,107.0,62.0,105.0,71.0,82.0,120.0,154.0,157.0,137.0,104.0,109.0,109.0,126.0,127.0,70.0,79.0,84.0,91.0,105.0,123.0,153.0,196.0,202.0,192.0,120.0,120.0,133.0,55.0,115.0,133.0,100.0,6.0,183.0,202.0,180.0,158.0,198.0,194.0,186.0,150.0,171.0,134.0,137.0,92.0,112.0,82.0,91.0,99.0,94.0,93.0,97.0,106.0,0.0
142,154.0,141.0,179.0,165.0,28.0,108.0,21.0,15.0,150.0,91.0,122.0,125.0,125.0,133.0,110.0,74.0,92.0,10.0,6.0,49.0,89.0,97.0,90.0,113.0,79.0,49.0,87.0,104.0,127.0,170.0,193.0,202.0,175.0,160.0,182.0,135.0,54.0,132.0,136.0,65.0,190.0,194.0,122.0,189.0,202.0,190.0,195.0,174.0,119.0,112.0,153.0,134.0,92.0,131.0,127.0,110.0,93.0,80.0,118.0,105.0,0.0
143,151.0,168.0,147.0,84.0,144.0,188.0,160.0,165.0,165.0,66.0,126.0,123.0,172.0,141.0,75.0,90.0,104.0,17.0,44.0,51.0,77.0,113.0,109.0,95.0,47.0,43.0,72.0,129.0,179.0,186.0,205.0,203.0,183.0,179.0,179.0,118.0,47.0,54.0,30.0,112.0,198.0,207.0,197.0,176.0,203.0,197.0,189.0,167.0,77.0,130.0,156.0,139.0,129.0,91.0,86.0,94.0,9.0,84.0,58.0,61.0,0.0
144,107.0,155.0,174.0,156.0,125.0,43.0,1.0,51.0,123.0,44.0,5.0,28.0,99.0,119.0,126.0,118.0,118.0,54.0,30.0,37.0,30.0,64.0,65.0,36.0,35.0,35.0,37.0,95.0,124.0,145.0,170.0,184.0,196.0,142.0,122.0,96.0,35.0,84.0,51.0,46.0,187.0,200.0,179.0,181.0,197.0,191.0,194.0,157.0,144.0,129.0,146.0,142.0,130.0,100.0,65.0,33.0,112.0,92.0,85.0,5.0,0.0
145,165.0,179.0,177.0,160.0,106.0,176.0,100.0,189.0,92.0,25.0,121.0,175.0,143.0,47.0,70.0,106.0,62.0,36.0,17.0,96.0,83.0,93.0,151.0,92.0,60.0,64.0,140.0,128.0,32.0,76.0,118.0,101.0,16.0,133.0,175.0,173.0,163.0,166.0,169.0,160.0,182.0,197.0,196.0,54.0,177.0,187.0,178.0,114.0,180.0,149.0,121.0,131.0,81.0,51.0,124.0,86.0,68.0,101.0,98.0,91.0,0.0
146,171.0,162.0,141.0,129.0,100.0,143.0,80.0,156.0,69.0,72.0,119.0,116.0,110.0,113.0,134.0,102.0,117.0,34.0,58.0,47.0,33.0,25.0,30.0,16.0,33.0,32.0,40.0,101.0,123.0,128.0,173.0,168.0,131.0,154.0,165.0,116.0,27.0,110.0,109.0,32.0,178.0,206.0,203.0,191.0,199.0,198.0,201.0,203.0,190.0,144.0,159.0,143.0,131.0,130.0,120.0,67.0,105.0,116.0,110.0,81.0,0.0
147,160.0,152.0,163.0,162.0,189.0,137.0,162.0,76.0,158.0,176.0,88.0,54.0,166.0,188.0,91.0,125.0,144.0,134.0,170.0,178.0,79.0,96.0,148.0,89.0,117.0,142.0,122.0,91.0,25.0,121.0,167.0,194.0,173.0,144.0,96.0,12.0,19.0,140.0,181.0,137.0,152.0,182.0,189.0,172.0,194.0,193.0,192.0,196.0,184.0,153.0,124.0,114.0,132.0,120.0,128.0,121.0,120.0,123.0,112.0,74.0,0.0
148,163.0,166.0,181.0,174.0,165.0,124.0,116.0,146.0,128.0,126.0,140.0,178.0,176.0,192.0,160.0,49.0,77.0,87.0,42.0,113.0,176.0,121.0,60.0,17.0,8.0,78.0,106.0,48.0,54.0,86.0,85.0,14.0,4.0,8.0,3.0,24.0,62.0,39.0,106.0,73.0,41.0,129.0,150.0,61.0,23.0,55.0,73.0,75.0,124.0,117.0,82.0,91.0,96.0,30.0,15.0,35.0,64.0,78.0,71.0,53.0,0.0
149,70.0,138.0,90.0,145.0,115.0,13.0,68.0,88.0,104.0,60.0,78.0,73.0,28.0,86.0,123.0,120.0,30.0,46.0,59.0,99.0,155.0,202.0,160.0,98.0,72.0,58.0,62.0,65.0,40.0,11.0,1.0,33.0,46.0,114.0,105.0,57.0,41.0,74.0,66.0,67.0,145.0,76.0,19.0,27.0,155.0,176.0,185.0,142.0,163.0,141.0,92.0,8.0,29.0,107.0,76.0,89.0,29.0,69.0,54.0,75.0,0.0
150,72.0,84.0,21.0,90.0,62.0,63.0,137.0,128.0,134.0,106.0,74.0,63.0,37.0,37.0,92.0,115.0,131.0,128.0,129.0,144.0,184.0,202.0,173.0,114.0,54.0,21.0,4.0,1.0,14.0,34.0,49.0,122.0,105.0,37.0,5.0,86.0,121.0,122.0,90.0,49.0,49.0,22.0,9.0,19.0,13.0,19.0,33.0,33.0,13.0,41.0,69.0,54.0,2.0,26.0,24.0,19.0,57.0,37.0,10.0,2.0,0.0
151,82.0,93.0,41.0,33.0,56.0,1.0,4.0,50.0,155.0,141.0,99.0,60.0,53.0,119.0,145.0,159.0,157.0,141.0,144.0,163.0,197.0,202.0,131.0,53.0,32.0,41.0,60.0,16.0,6.0,47.0,20.0,82.0,114.0,62.0,55.0,110.0,131.0,125.0,86.0,52.0,23.0,98.0,89.0,40.0,33.0,13.0,55.0,100.0,99.0,103.0,79.0,75.0,17.0,76.0,27.0,84.0,36.0,70.0,4.0,69.0,0.0
152,39.0,62.0,5.0,30.0,24.0,27.0,43.0,11.0,87.0,120.0,101.0,79.0,22.0,59.0,106.0,149.0,159.0,174.0,172.0,132.0,124.0,136.0,133.0,43.0,9.0,20.0,75.0,137.0,175.0,166.0,111.0,121.0,109.0,99.0,89.0,84.0,94.0,156.0,151.0,129.0,33.0,56.0,166.0,159.0,51.0,114.0,140.0,98.0,134.0,97.0,57.0,100.0,57.0,23.0,44.0,50.0,18.0,55.0,18.0,41.0,0.0
153,83.0,113.0,112.0,111.0,143.0,158.0,153.0,135.0,121.0,119.0,47.0,0.0,57.0,120.0,159.0,171.0,178.0,184.0,200.0,202.0,199.0,201.0,172.0,93.0,48.0,36.0,47.0,76.0,114.0,116.0,55.0,54.0,117.0,107.0,75.0,21.0,0.0,10.0,2.0,22.0,76.0,73.0,22.0,72.0,118.0,80.0,114.0,109.0,131.0,83.0,36.0,58.0,38.0,11.0,11.0,46.0,25.0,78.0,60.0,0.0,0.0
154,31.0,15.0,75.0,121.0,135.0,139.0,146.0,162.0,154.0,128.0,44.0,16.0,108.0,145.0,161.0,167.0,166.0,163.0,176.0,167.0,190.0,196.0,161.0,83.0,44.0,48.0,89.0,133.0,140.0,97.0,38.0,49.0,63.0,39.0,39.0,22.0,15.0,9.0,14.0,44.0,84.0,90.0,30.0,90.0,139.0,130.0,115.0,38.0,60.0,23.0,17.0,23.0,13.0,6.0,3.0,19.0,9.0,52.0,15.0,40.0,0.0
155,74.0,36.0,0.0,92.0,111.0,162.0,143.0,109.0,115.0,70.0,14.0,4.0,27.0,92.0,142.0,162.0,175.0,179.0,189.0,196.0,182.0,180.0,126.0,45.0,28.0,24.0,11.0,23.0,86.0,107.0,92.0,83.0,121.0,109.0,101.0,70.0,25.0,31.0,33.0,14.0,53.0,71.0,41.0,97.0,137.0,57.0,59.0,93.0,95.0,48.0,94.0,67.0,7.0,24.0,32.0,21.0,12.0,30.0,37.0,5.0,0.0
156,4.0,10.0,14.0,113.0,132.0,140.0,153.0,121.0,174.0,177.0,163.0,153.0,83.0,30.0,79.0,79.0,43.0,23.0,9.0,2.0,7.0,33.0,62.0,90.0,125.0,152.0,164.0,172.0,181.0,192.0,194.0,193.0,184.0,176.0,163.0,170.0,171.0,169.0,146.0,154.0,169.0,170.0,182.0,186.0,187.0,175.0,180.0,186.0,172.0,105.0,66.0,53.0,80.0,40.0,24.0,52.0,44.0,35.0,1.0,19.0,0.0
157,66.0,53.0,73.0,38.0,113.0,82.0,111.0,117.0,144.0,157.0,93.0,139.0,119.0,71.0,22.0,34.0,40.0,38.0,22.0,13.0,1.0,17.0,46.0,66.0,91.0,102.0,138.0,155.0,155.0,191.0,206.0,204.0,194.0,175.0,167.0,171.0,178.0,176.0,177.0,195.0,188.0,178.0,194.0,193.0,190.0,183.0,191.0,193.0,177.0,138.0,130.0,78.0,28.0,64.0,75.0,70.0,60.0,12.0,34.0,25.0,0.0
158,25.0,127.0,78.0,136.0,150.0,107.0,148.0,172.0,180.0,166.0,156.0,161.0,93.0,58.0,31.0,62.0,85.0,92.0,29.0,7.0,2.0,5.0,23.0,35.0,56.0,109.0,158.0,167.0,186.0,201.0,201.0,196.0,190.0,185.0,183.0,188.0,187.0,177.0,158.0,170.0,162.0,159.0,193.0,190.0,184.0,168.0,149.0,164.0,167.0,107.0,40.0,97.0,77.0,70.0,9.0,75.0,52.0,50.0,9.0,25.0,0.0
159,84.0,68.0,38.0,104.0,116.0,119.0,114.0,152.0,182.0,175.0,145.0,103.0,96.0,55.0,41.0,100.0,112.0,112.0,49.0,26.0,8.0,6.0,13.0,29.0,58.0,101.0,125.0,138.0,180.0,201.0,204.0,190.0,168.0,156.0,173.0,187.0,193.0,192.0,186.0,186.0,166.0,142.0,170.0,187.0,181.0,162.0,119.0,180.0,166.0,94.0,114.0,118.0,94.0,52.0,41.0,14.0,41.0,42.0,16.0,11.0,0.0
160,91.0,120.0,138.0,131.0,122.0,135.0,118.0,153.0,169.0,168.0,118.0,113.0,77.0,74.0,37.0,16.0,38.0,39.0,13.0,1.0,3.0,20.0,57.0,81.0,110.0,155.0,184.0,192.0,185.0,197.0,195.0,189.0,181.0,170.0,162.0,162.0,167.0,159.0,110.0,152.0,161.0,161.0,177.0,180.0,172.0,172.0,177.0,178.0,161.0,108.0,61.0,49.0,38.0,5.0,29.0,63.0,19.0,53.0,34.0,38.0,0.0
161,109.0,105.0,55.0,34.0,71.0,46.0,72.0,73.0,161.0,172.0,94.0,115.0,90.0,77.0,28.0,20.0,6.0,25.0,15.0,15.0,0.0,10.0,36.0,59.0,80.0,97.0,128.0,158.0,163.0,189.0,198.0,197.0,185.0,164.0,159.0,169.0,183.0,181.0,174.0,192.0,185.0,185.0,195.0,194.0,200.0,189.0,197.0,200.0,187.0,139.0,135.0,110.0,44.0,41.0,64.0,68.0,54.0,32.0,40.0,11.0,0.0
162,76.0,45.0,94.0,67.0,76.0,32.0,48.0,56.0,96.0,121.0,106.0,83.0,48.0,50.0,52.0,51.0,94.0,102.0,98.0,67.0,75.0,100.0,121.0,147.0,168.0,151.0,118.0,88.0,73.0,79.0,129.0,152.0,143.0,124.0,106.0,81.0,43.0,44.0,92.0,141.0,167.0,164.0,168.0,156.0,141.0,132.0,156.0,161.0,155.0,92.0,108.0,73.0,42.0,1.0,12.0,36.0,17.0,14.0,11.0,22.0,0.0
163,11.0,5.0,17.0,1.0,60.0,89.0,107.0,80.0,139.0,138.0,113.0,128.0,72.0,5.0,32.0,93.0,122.0,127.0,124.0,111.0,112.0,134.0,170.0,194.0,197.0,133.0,70.0,15.0,0.0,17.0,84.0,124.0,150.0,153.0,142.0,112.0,79.0,48.0,61.0,125.0,99.0,102.0,131.0,136.0,121.0,111.0,123.0,113.0,85.0,46.0,48.0,40.0,45.0,50.0,19.0,49.0,24.0,27.0,6.0,26.0,0.0
164,50.0,61.0,52.0,78.0,118.0,152.0,140.0,133.0,157.0,161.0,175.0,174.0,159.0,128.0,25.0,14.0,108.0,130.0,136.0,131.0,141.0,151.0,159.0,131.0,98.0,56.0,14.0,38.0,98.0,155.0,185.0,195.0,204.0,204.0,170.0,113.0,31.0,126.0,187.0,202.0,201.0,193.0,125.0,91.0,164.0,170.0,174.0,176.0,181.0,145.0,10.0,39.0,10.0,14.0,61.0,11.0,61.0,83.0,64.0,23.0,0.0
165,77.0,13.0,37.0,100.0,81.0,86.0,50.0,157.0,149.0,103.0,123.0,136.0,98.0,60.0,13.0,88.0,123.0,145.0,161.0,139.0,151.0,161.0,187.0,186.0,189.0,117.0,46.0,26.0,31.0,89.0,169.0,198.0,202.0,196.0,168.0,134.0,44.0,53.0,128.0,178.0,180.0,150.0,102.0,21.0,11.0,60.0,103.0,130.0,153.0,89.0,88.0,47.0,30.0,3.0,54.0,44.0,6.0,59.0,58.0,27.0,0.0
166,138.0,83.0,145.0,108.0,77.0,19.0,28.0,98.0,74.0,137.0,52.0,52.0,73.0,43.0,19.0,17.0,8.0,1.0,25.0,34.0,28.0,35.0,31.0,23.0,29.0,27.0,24.0,85.0,184.0,201.0,192.0,160.0,143.0,118.0,94.0,68.0,110.0,165.0,183.0,196.0,174.0,144.0,127.0,160.0,178.0,185.0,196.0,195.0,182.0,127.0,95.0,117.0,19.0,5.0,47.0,96.0,80.0,40.0,65.0,33.0,0.0
167,43.0,89.0,22.0,7.0,27.0,10.0,5.0,4.0,13.0,35.0,37.0,39.0,20.0,18.0,8.0,8.0,18.0,67.0,79.0,98.0,98.0,90.0,77.0,38.0,53.0,96.0,152.0,193.0,144.0,85.0,50.0,4.0,17.0,123.0,166.0,180.0,192.0,193.0,195.0,164.0,88.0,58.0,133.0,170.0,174.0,178.0,188.0,184.0,164.0,115.0,90.0,41.0,21.0,10.0,21.0,44.0,49.0,26.0,29.0,23.0,0.0
168,0.0,56.0,78.0,23.0,80.0,80.0,84.0,3.0,67.0,80.0,87.0,111.0,86.0,34.0,1.0,50.0,114.0,125.0,119.0,115.0,125.0,150.0,155.0,141.0,160.0,190.0,189.0,178.0,167.0,112.0,16.0,57.0,93.0,136.0,186.0,197.0,194.0,180.0,153.0,113.0,106.0,91.0,148.0,166.0,166.0,156.0,77.0,32.0,56.0,44.0,20.0,61.0,49.0,57.0,21.0,19.0,4.0,4.0,21.0,35.0,0.0
169,38.0,31.0,117.0,128.0,63.0,15.0,11.0,17.0,82.0,74.0,86.0,96.0,71.0,40.0,18.0,31.0,99.0,116.0,121.0,108.0,109.0,119.0,108.0,105.0,118.0,161.0,185.0,193.0,171.0,129.0,29.0,23.0,55.0,132.0,176.0,190.0,185.0,185.0,157.0,134.0,140.0,138.0,163.0,165.0,165.0,126.0,57.0,27.0,57.0,39.0,7.0,43.0,67.0,4.0,20.0,44.0,3.0,3.0,22.0,16.0,0.0
170,41.0,51.0,44.0,71.0,68.0,59.0,49.0,19.0,6.0,63.0,110.0,92.0,97.0,41.0,14.0,10.0,67.0,93.0,103.0,96.0,107.0,132.0,130.0,130.0,145.0,166.0,167.0,143.0,115.0,72.0,5.0,60.0,127.0,157.0,190.0,202.0,199.0,183.0,148.0,97.0,104.0,141.0,183.0,179.0,173.0,166.0,110.0,34.0,55.0,32.0,21.0,52.0,27.0,24.0,6.0,3.0,29.0,16.0,16.0,30.0,0.0
171,54.0,39.0,109.0,130.0,91.0,77.0,175.0,192.0,198.0,202.0,199.0,187.0,152.0,107.0,51.0,1.0,37.0,120.0,145.0,152.0,165.0,171.0,154.0,174.0,151.0,118.0,134.0,131.0,88.0,38.0,52.0,117.0,169.0,180.0,149.0,144.0,153.0,138.0,133.0,142.0,101.0,52.0,77.0,133.0,111.0,96.0,82.0,110.0,74.0,91.0,44.0,73.0,37.0,106.0,82.0,93.0,59.0,102.0,99.0,64.0,0.0
172,55.0,124.0,124.0,134.0,178.0,92.0,26.0,89.0,185.0,165.0,164.0,138.0,127.0,89.0,54.0,24.0,88.0,121.0,140.0,138.0,117.0,57.0,18.0,21.0,43.0,120.0,189.0,165.0,154.0,163.0,131.0,138.0,179.0,166.0,136.0,107.0,119.0,135.0,119.0,102.0,144.0,155.0,160.0,124.0,57.0,62.0,58.0,62.0,43.0,40.0,62.0,72.0,75.0,61.0,13.0,16.0,14.0,40.0,57.0,12.0,0.0
173,117.0,66.0,103.0,129.0,156.0,154.0,172.0,140.0,160.0,153.0,153.0,150.0,85.0,72.0,63.0,93.0,126.0,138.0,139.0,106.0,65.0,67.0,68.0,49.0,97.0,193.0,170.0,69.0,69.0,48.0,0.0,25.0,41.0,20.0,50.0,45.0,53.0,100.0,129.0,162.0,151.0,122.0,38.0,33.0,73.0,66.0,45.0,8.0,10.0,45.0,53.0,53.0,93.0,34.0,5.0,39.0,6.0,32.0,39.0,58.0,0.0
174,61.0,52.0,79.0,57.0,74.0,52.0,25.0,95.0,156.0,173.0,189.0,194.0,171.0,137.0,103.0,117.0,125.0,113.0,95.0,94.0,122.0,187.0,198.0,195.0,196.0,162.0,119.0,94.0,47.0,26.0,25.0,92.0,112.0,94.0,38.0,65.0,107.0,113.0,172.0,183.0,131.0,8.0,147.0,163.0,175.0,180.0,176.0,111.0,133.0,110.0,64.0,13.0,87.0,84.0,106.0,96.0,82.0,90.0,84.0,53.0,0.0
175,105.0,34.0,23.0,11.0,79.0,105.0,122.0,98.0,176.0,178.0,185.0,191.0,183.0,167.0,116.0,97.0,105.0,90.0,108.0,117.0,118.0,154.0,152.0,148.0,170.0,191.0,189.0,108.0,52.0,45.0,65.0,118.0,116.0,85.0,10.0,93.0,127.0,105.0,101.0,94.0,6.0,67.0,161.0,182.0,180.0,167.0,135.0,60.0,11.0,11.0,18.0,25.0,70.0,48.0,4.0,40.0,5.0,1.0,62.0,32.0,0.0
176,159.0,157.0,121.0,64.0,14.0,138.0,85.0,161.0,189.0,186.0,187.0,201.0,187.0,164.0,112.0,110.0,119.0,111.0,117.0,127.0,135.0,165.0,158.0,177.0,197.0,178.0,178.0,106.0,38.0,23.0,48.0,86.0,88.0,73.0,16.0,109.0,140.0,119.0,55.0,24.0,35.0,109.0,186.0,183.0,169.0,109.0,19.0,40.0,64.0,24.0,82.0,20.0,9.0,55.0,51.0,73.0,63.0,66.0,28.0,39.0,0.0
177,66.0,48.0,93.0,63.0,54.0,23.0,36.0,61.0,122.0,149.0,143.0,145.0,147.0,116.0,97.0,53.0,41.0,43.0,75.0,103.0,121.0,155.0,166.0,187.0,188.0,193.0,172.0,144.0,130.0,118.0,114.0,95.0,51.0,75.0,110.0,123.0,145.0,158.0,135.0,116.0,67.0,36.0,88.0,78.0,28.0,102.0,71.0,2.0,41.0,55.0,64.0,24.0,35.0,84.0,80.0,23.0,40.0,81.0,63.0,25.0,0.0
178,64.0,113.0,102.0,5.0,30.0,43.0,44.0,24.0,85.0,93.0,71.0,101.0,134.0,126.0,99.0,60.0,10.0,29.0,72.0,61.0,58.0,77.0,88.0,107.0,122.0,114.0,144.0,176.0,177.0,135.0,148.0,147.0,135.0,129.0,74.0,42.0,61.0,51.0,118.0,148.0,122.0,83.0,37.0,1.0,5.0,50.0,68.0,99.0,79.0,10.0,47.0,81.0,64.0,20.0,41.0,56.0,28.0,35.0,33.0,42.0,0.0
179,135.0,117.0,118.0,112.0,92.0,147.0,75.0,49.0,112.0,148.0,154.0,159.0,144.0,153.0,122.0,72.0,54.0,44.0,71.0,83.0,105.0,105.0,102.0,124.0,115.0,81.0,102.0,116.0,190.0,201.0,186.0,150.0,150.0,134.0,103.0,94.0,76.0,16.0,77.0,123.0,139.0,158.0,152.0,28.0,70.0,32.0,64.0,124.0,128.0,7.0,60.0,86.0,21.0,71.0,17.0,47.0,74.0,57.0,39.0,66.0,0.0
180,112.0,69.0,116.0,22.0,140.0,179.0,99.0,150.0,170.0,194.0,193.0,200.0,184.0,157.0,86.0,43.0,63.0,65.0,114.0,123.0,156.0,173.0,117.0,123.0,99.0,94.0,133.0,174.0,147.0,94.0,86.0,102.0,115.0,87.0,30.0,47.0,70.0,83.0,163.0,176.0,43.0,101.0,158.0,178.0,185.0,146.0,66.0,154.0,158.0,26.0,127.0,112.0,36.0,29.0,57.0,25.0,5.0,46.0,51.0,42.0,0.0
181,141.0,97.0,162.0,10.0,148.0,101.0,77.0,118.0,159.0,155.0,169.0,185.0,150.0,152.0,108.0,103.0,89.0,83.0,33.0,100.0,114.0,94.0,74.0,94.0,64.0,131.0,182.0,163.0,134.0,133.0,127.0,181.0,162.0,66.0,6.0,60.0,102.0,164.0,175.0,155.0,176.0,203.0,201.0,192.0,196.0,179.0,184.0,194.0,183.0,131.0,152.0,103.0,16.0,58.0,87.0,59.0,40.0,13.0,29.0,7.0,0.0
182,21.0,91.0,137.0,83.0,96.0,111.0,86.0,124.0,163.0,184.0,184.0,186.0,185.0,163.0,120.0,111.0,107.0,72.0,93.0,122.0,132.0,104.0,69.0,71.0,78.0,137.0,176.0,168.0,149.0,103.0,116.0,172.0,161.0,90.0,8.0,99.0,113.0,137.0,173.0,157.0,124.0,171.0,181.0,185.0,191.0,144.0,148.0,191.0,174.0,105.0,149.0,106.0,5.0,63.0,95.0,28.0,29.0,21.0,20.0,23.0,0.0
183,22.0,116.0,156.0,132.0,133.0,99.0,74.0,173.0,162.0,167.0,181.0,192.0,178.0,159.0,128.0,108.0,100.0,77.0,102.0,129.0,154.0,143.0,94.0,103.0,116.0,140.0,189.0,189.0,168.0,125.0,139.0,165.0,133.0,70.0,2.0,105.0,104.0,146.0,184.0,173.0,102.0,179.0,192.0,186.0,193.0,155.0,141.0,188.0,168.0,48.0,143.0,124.0,52.0,88.0,105.0,5.0,81.0,27.0,29.0,8.0,0.0
184,97.0,111.0,132.0,135.0,167.0,184.0,183.0,183.0,193.0,200.0,201.0,202.0,181.0,131.0,73.0,94.0,95.0,96.0,126.0,136.0,177.0,145.0,107.0,112.0,101.0,125.0,147.0,186.0,138.0,71.0,45.0,50.0,47.0,78.0,46.0,98.0,66.0,117.0,180.0,151.0,32.0,147.0,191.0,184.0,170.0,70.0,129.0,183.0,177.0,121.0,147.0,99.0,113.0,89.0,59.0,32.0,30.0,18.0,40.0,45.0,0.0
185,122.0,149.0,100.0,47.0,67.0,110.0,117.0,158.0,166.0,189.0,194.0,196.0,189.0,151.0,107.0,101.0,97.0,64.0,120.0,147.0,168.0,169.0,106.0,99.0,105.0,146.0,189.0,184.0,176.0,101.0,106.0,140.0,123.0,77.0,12.0,75.0,51.0,141.0,182.0,177.0,85.0,169.0,171.0,175.0,188.0,137.0,89.0,166.0,162.0,53.0,145.0,83.0,5.0,39.0,73.0,30.0,41.0,41.0,22.0,46.0,0.0
186,72.0,58.0,110.0,62.0,110.0,163.0,134.0,127.0,179.0,187.0,173.0,170.0,161.0,129.0,119.0,99.0,66.0,13.0,74.0,77.0,67.0,38.0,48.0,42.0,70.0,93.0,83.0,114.0,132.0,184.0,200.0,174.0,130.0,98.0,35.0,31.0,42.0,55.0,127.0,184.0,191.0,189.0,198.0,188.0,204.0,196.0,198.0,199.0,189.0,148.0,27.0,40.0,114.0,64.0,24.0,21.0,46.0,68.0,54.0,31.0,0.0
187,129.0,85.0,19.0,117.0,119.0,50.0,78.0,132.0,148.0,147.0,144.0,132.0,100.0,121.0,101.0,83.0,47.0,31.0,45.0,42.0,41.0,34.0,40.0,39.0,40.0,71.0,123.0,170.0,196.0,177.0,122.0,120.0,142.0,112.0,59.0,48.0,68.0,50.0,19.0,76.0,147.0,174.0,174.0,117.0,138.0,151.0,165.0,171.0,170.0,93.0,79.0,59.0,8.0,4.0,40.0,70.0,2.0,67.0,81.0,40.0,0.0
188,16.0,81.0,64.0,40.0,22.0,85.0,141.0,113.0,105.0,123.0,149.0,142.0,106.0,82.0,67.0,28.0,22.0,53.0,64.0,53.0,37.0,29.0,34.0,48.0,76.0,105.0,137.0,193.0,194.0,140.0,107.0,131.0,146.0,108.0,56.0,32.0,45.0,25.0,36.0,93.0,126.0,177.0,169.0,49.0,97.0,85.0,145.0,168.0,147.0,68.0,104.0,54.0,69.0,58.0,11.0,31.0,10.0,58.0,45.0,8.0,0.0
189,48.0,72.0,34.0,102.0,142.0,149.0,138.0,111.0,117.0,111.0,107.0,121.0,128.0,114.0,84.0,42.0,72.0,84.0,76.0,71.0,57.0,43.0,52.0,74.0,102.0,103.0,135.0,193.0,195.0,150.0,138.0,98.0,99.0,91.0,60.0,41.0,55.0,24.0,41.0,90.0,82.0,118.0,57.0,52.0,135.0,98.0,150.0,135.0,105.0,31.0,118.0,71.0,71.0,33.0,14.0,63.0,22.0,36.0,11.0,11.0,0.0
190,47.0,63.0,76.0,122.0,73.0,68.0,126.0,48.0,57.0,87.0,114.0,124.0,114.0,111.0,113.0,47.0,34.0,42.0,34.0,40.0,54.0,44.0,58.0,80.0,109.0,115.0,142.0,188.0,183.0,142.0,150.0,134.0,104.0,102.0,65.0,33.0,48.0,43.0,80.0,87.0,91.0,117.0,36.0,44.0,96.0,135.0,171.0,172.0,112.0,58.0,100.0,89.0,37.0,51.0,68.0,26.0,40.0,46.0,34.0,14.0,0.0
191,114.0,74.0,38.0,98.0,134.0,114.0,90.0,110.0,76.0,86.0,88.0,105.0,103.0,101.0,69.0,29.0,58.0,50.0,50.0,46.0,46.0,48.0,61.0,100.0,123.0,128.0,157.0,193.0,177.0,124.0,143.0,105.0,70.0,57.0,57.0,20.0,64.0,52.0,84.0,82.0,96.0,139.0,64.0,10.0,71.0,134.0,167.0,143.0,63.0,52.0,74.0,61.0,38.0,22.0,51.0,2.0,38.0,26.0,0.0,43.0,0.0
192,6.0,79.0,58.0,115.0,136.0,122.0,39.0,78.0,116.0,107.0,115.0,120.0,117.0,94.0,68.0,26.0,49.0,58.0,43.0,48.0,49.0,50.0,59.0,97.0,108.0,110.0,150.0,193.0,172.0,127.0,146.0,107.0,68.0,33.0,40.0,16.0,60.0,30.0,82.0,62.0,70.0,119.0,44.0,11.0,29.0,120.0,162.0,155.0,114.0,3.0,96.0,35.0,33.0,44.0,48.0,65.0,24.0,16.0,23.0,1.0,0.0
193,68.0,32.0,99.0,12.0,86.0,91.0,88.0,55.0,63.0,95.0,95.0,122.0,70.0,51.0,76.0,44.0,19.0,45.0,31.0,39.0,50.0,37.0,56.0,86.0,121.0,130.0,154.0,181.0,173.0,144.0,159.0,134.0,103.0,81.0,41.0,23.0,74.0,75.0,96.0,69.0,92.0,136.0,94.0,36.0,19.0,141.0,170.0,140.0,69.0,69.0,111.0,81.0,61.0,24.0,29.0,30.0,16.0,27.0,7.0,6.0,0.0
194,134.0,28.0,69.0,47.0,56.0,29.0,94.0,147.0,145.0,142.0,129.0,140.0,113.0,80.0,29.0,65.0,52.0,41.0,62.0,74.0,73.0,83.0,104.0,126.0,156.0,180.0,180.0,183.0,189.0,181.0,155.0,79.0,100.0,89.0,33.0,7.0,30.0,65.0,40.0,15.0,24.0,85.0,112.0,83.0,38.0,52.0,86.0,104.0,107.0,34.0,46.0,42.0,53.0,11.0,57.0,30.0,51.0,34.0,11.0,4.0,0.0
195,37.0,40.0,84.0,74.0,121.0,71.0,33.0,97.0,124.0,133.0,111.0,148.0,137.0,110.0,87.0,77.0,57.0,76.0,110.0,110.0,129.0,131.0,113.0,153.0,175.0,186.0,189.0,177.0,165.0,136.0,102.0,72.0,75.0,42.0,21.0,3.0,12.0,12.0,21.0,33.0,12.0,47.0,114.0,147.0,161.0,159.0,163.0,148.0,119.0,91.0,107.0,74.0,60.0,43.0,8.0,18.0,38.0,9.0,13.0,19.0,0.0
196,5.0,1.0,71.0,92.0,139.0,81.0,57.0,112.0,140.0,136.0,120.0,164.0,141.0,92.0,61.0,59.0,64.0,97.0,131.0,130.0,160.0,152.0,146.0,183.0,185.0,182.0,186.0,193.0,180.0,122.0,67.0,55.0,36.0,30.0,51.0,30.0,11.0,14.0,7.0,5.0,7.0,33.0,82.0,129.0,148.0,158.0,160.0,141.0,121.0,51.0,136.0,98.0,34.0,0.0,13.0,47.0,12.0,53.0,9.0,18.0,0.0
197,128.0,118.0,131.0,46.0,91.0,9.0,76.0,77.0,93.0,105.0,97.0,117.0,95.0,79.0,49.0,46.0,69.0,94.0,115.0,119.0,137.0,138.0,129.0,170.0,183.0,185.0,189.0,171.0,143.0,111.0,78.0,70.0,53.0,53.0,43.0,9.0,17.0,45.0,25.0,28.0,1.0,40.0,106.0,138.0,133.0,145.0,151.0,116.0,120.0,79.0,87.0,79.0,11.0,8.0,42.0,8.0,13.0,9.0,16.0,17.0,0.0
198,85.0,94.0,113.0,81.0,123.0,63.0,58.0,104.0,109.0,115.0,127.0,143.0,87.0,62.0,44.0,41.0,36.0,73.0,112.0,112.0,131.0,144.0,123.0,160.0,154.0,173.0,189.0,179.0,150.0,105.0,82.0,66.0,61.0,45.0,28.0,2.0,6.0,23.0,22.0,17.0,0.0,38.0,92.0,120.0,128.0,149.0,158.0,137.0,103.0,63.0,97.0,54.0,45.0,53.0,23.0,17.0,16.0,6.0,24.0,47.0,0.0
199,30.0,159.0,97.0,32.0,1.0,34.0,101.0,87.0,119.0,135.0,159.0,129.0,100.0,81.0,70.0,45.0,64.0,103.0,133.0,128.0,142.0,142.0,135.0,172.0,176.0,176.0,189.0,185.0,164.0,119.0,72.0,71.0,59.0,63.0,72.0,34.0,8.0,7.0,32.0,39.0,2.0,9.0,47.0,92.0,109.0,119.0,124.0,87.0,66.0,9.0,105.0,83.0,69.0,62.0,19.0,17.0,24.0,34.0,42.0,24.0,0.0
200,39.0,112.0,89.0,6.0,112.0,144.0,150.0,160.0,164.0,174.0,170.0,173.0,129.0,63.0,40.0,64.0,86.0,124.0,137.0,126.0,148.0,137.0,165.0,200.0,194.0,174.0,168.0,166.0,145.0,109.0,61.0,52.0,37.0,52.0,69.0,36.0,4.0,4.0,31.0,37.0,17.0,31.0,59.0,109.0,143.0,160.0,173.0,159.0,136.0,72.0,73.0,89.0,50.0,15.0,22.0,55.0,27.0,3.0,8.0,64.0,0.0
201,120.0,76.0,108.0,119.0,84.0,117.0,156.0,146.0,131.0,151.0,160.0,165.0,132.0,66.0,60.0,91.0,91.0,114.0,122.0,124.0,144.0,122.0,137.0,178.0,153.0,147.0,160.0,190.0,158.0,102.0,70.0,41.0,19.0,16.0,19.0,0.0,9.0,13.0,14.0,21.0,20.0,28.0,84.0,132.0,125.0,147.0,155.0,132.0,109.0,49.0,67.0,70.0,20.0,29.0,44.0,33.0,31.0,14.0,2.0,21.0,0.0
202,99.0,110.0,127.0,151.0,153.0,118.0,125.0,178.0,184.0,188.0,179.0,155.0,116.0,52.0,59.0,57.0,55.0,60.0,35.0,22.0,27.0,89.0,132.0,139.0,139.0,134.0,153.0,193.0,130.0,83.0,157.0,166.0,132.0,50.0,20.0,6.0,57.0,62.0,62.0,20.0,58.0,13.0,12.0,59.0,25.0,36.0,49.0,133.0,150.0,114.0,77.0,49.0,25.0,21.0,27.0,76.0,38.0,41.0,49.0,79.0,0.0
203,57.0,102.0,39.0,20.0,53.0,165.0,171.0,149.0,152.0,154.0,157.0,131.0,81.0,17.0,62.0,68.0,84.0,74.0,24.0,20.0,55.0,108.0,136.0,144.0,158.0,164.0,188.0,193.0,137.0,108.0,145.0,149.0,113.0,22.0,15.0,10.0,18.0,32.0,44.0,27.0,34.0,29.0,86.0,53.0,45.0,83.0,147.0,165.0,160.0,119.0,106.0,66.0,65.0,109.0,18.0,78.0,47.0,87.0,104.0,99.0,0.0
204,116.0,23.0,80.0,116.0,120.0,100.0,81.0,83.0,55.0,127.0,155.0,160.0,121.0,38.0,36.0,32.0,42.0,53.0,26.0,27.0,36.0,84.0,142.0,167.0,195.0,188.0,166.0,193.0,182.0,156.0,178.0,175.0,144.0,49.0,17.0,35.0,26.0,22.0,50.0,4.0,47.0,19.0,34.0,87.0,52.0,2.0,69.0,156.0,139.0,71.0,24.0,28.0,60.0,82.0,45.0,48.0,22.0,23.0,47.0,52.0,0.0
205,153.0,122.0,45.0,54.0,44.0,125.0,113.0,107.0,79.0,145.0,133.0,94.0,60.0,16.0,16.0,30.0,33.0,48.0,20.0,10.0,32.0,82.0,119.0,145.0,181.0,192.0,174.0,193.0,160.0,141.0,179.0,179.0,141.0,36.0,24.0,46.0,23.0,36.0,64.0,3.0,42.0,3.0,7.0,51.0,48.0,56.0,104.0,129.0,118.0,99.0,83.0,94.0,13.0,27.0,44.0,68.0,98.0,95.0,59.0,21.0,0.0
206,108.0,104.0,128.0,125.0,10.0,146.0,139.0,100.0,138.0,140.0,141.0,126.0,45.0,0.0,15.0,27.0,53.0,59.0,46.0,72.0,93.0,111.0,110.0,125.0,173.0,193.0,187.0,126.0,109.0,147.0,163.0,127.0,52.0,11.0,13.0,5.0,46.0,56.0,28.0,12.0,4.0,42.0,51.0,76.0,83.0,77.0,131.0,121.0,104.0,102.0,19.0,44.0,26.0,77.0,21.0,23.0,22.0,62.0,25.0,36.0,0.0
207,92.0,105.0,30.0,49.0,19.0,14.0,31.0,125.0,129.0,140.0,134.0,100.0,50.0,1.0,39.0,39.0,60.0,86.0,83.0,80.0,94.0,120.0,134.0,161.0,182.0,193.0,163.0,110.0,112.0,175.0,175.0,111.0,24.0,25.0,44.0,64.0,92.0,47.0,15.0,10.0,18.0,84.0,117.0,105.0,95.0,112.0,95.0,1.0,21.0,39.0,95.0,86.0,83.0,24.0,24.0,46.0,27.0,27.0,46.0,86.0,0.0
