,compactness,circularity,distance circularity,radius ratio,pr.axis aspect ratio,max.length aspect ratio,scatter ratio,elongatedness,pr.axis rectangularity,max.length rectangularity,scaled variance_major,scaled variance_minor,scaled radius of gyration,skewness about_major,skewness about_minor,kurtosis about_major,kurtosis about_minor,hollows ratio,class
0,20.0,15.0,36.0,71.0,25.0,8.0,48.0,16.0,3.0,41.0,45.0,164.0,72.0,11.0,6.0,16.0,11.0,16.0,3.0
1,16.0,8.0,37.0,34.0,10.0,7.0,35.0,19.0,2.0,25.0,39.0,116.0,46.0,13.0,9.0,14.0,13.0,18.0,3.0
2,29.0,17.0,57.0,102.0,19.0,8.0,92.0,6.0,6.0,40.0,90.0,313.0,108.0,14.0,14.0,9.0,12.0,15.0,2.0
3,18.0,8.0,35.0,52.0,16.0,7.0,30.0,20.0,2.0,25.0,29.0,95.0,15.0,4.0,6.0,10.0,23.0,26.0,3.0
4,10.0,11.0,23.0,98.0,32.0,19.0,35.0,19.0,2.0,26.0,106.0,111.0,76.0,37.0,9.0,11.0,4.0,2.0,0.0
5,32.0,24.0,57.0,65.0,3.0,4.0,124.0,0.0,11.0,51.0,123.0,417.0,141.0,26.0,5.0,9.0,5.0,2.0,0.0
6,22.0,10.0,26.0,66.0,18.0,4.0,39.0,16.0,2.0,25.0,45.0,147.0,60.0,7.0,13.0,1.0,24.0,23.0,0.0
7,15.0,10.0,20.0,50.0,18.0,7.0,23.0,22.0,1.0,28.0,31.0,71.0,52.0,8.0,3.0,3.0,17.0,21.0,3.0
8,11.0,1.0,16.0,33.0,14.0,5.0,9.0,28.0,0.0,9.0,10.0,25.0,1.0,5.0,2.0,14.0,24.0,27.0,3.0
9,18.0,11.0,50.0,90.0,15.0,9.0,68.0,10.0,5.0,28.0,69.0,238.0,40.0,5.0,4.0,14.0,19.0,23.0,2.0
10,11.0,3.0,23.0,36.0,14.0,7.0,19.0,24.0,1.0,12.0,22.0,58.0,15.0,7.0,2.0,10.0,18.0,21.0,3.0
11,15.0,1.0,20.0,29.0,8.0,4.0,10.0,28.0,0.0,0.0,17.0,26.0,7.0,6.0,5.0,26.0,20.0,21.0,2.0
12,13.0,13.0,27.0,64.0,21.0,4.0,38.0,17.0,2.0,30.0,49.0,135.0,80.0,12.0,5.0,11.0,13.0,14.0,0.0
13,14.0,9.0,38.0,37.0,11.0,8.0,38.0,18.0,2.0,26.0,42.0,131.0,49.0,13.0,8.0,13.0,11.0,16.0,3.0
14,19.0,16.0,32.0,96.0,24.0,3.0,60.0,11.0,4.0,36.0,65.0,217.0,94.0,12.0,6.0,2.0,21.0,18.0,0.0
15,21.0,22.0,54.0,94.0,18.0,7.0,89.0,6.0,6.0,48.0,94.0,305.0,131.0,15.0,6.0,2.0,10.0,13.0,1.0
16,14.0,3.0,6.0,2.0,5.0,4.0,5.0,31.0,0.0,11.0,6.0,12.0,13.0,21.0,2.0,14.0,5.0,4.0,3.0
17,24.0,8.0,30.0,90.0,22.0,4.0,63.0,10.0,4.0,21.0,69.0,231.0,39.0,13.0,4.0,10.0,22.0,18.0,0.0
18,29.0,21.0,51.0,79.0,14.0,8.0,101.0,5.0,7.0,55.0,92.0,354.0,108.0,15.0,5.0,11.0,9.0,14.0,2.0
19,26.0,23.0,51.0,108.0,22.0,8.0,93.0,6.0,7.0,51.0,94.0,325.0,111.0,15.0,6.0,5.0,10.0,12.0,1.0
20,9.0,14.0,28.0,46.0,17.0,4.0,40.0,17.0,2.0,27.0,44.0,140.0,72.0,16.0,0.0,3.0,9.0,11.0,0.0
21,9.0,4.0,8.0,14.0,12.0,3.0,10.0,29.0,0.0,7.0,10.0,23.0,21.0,23.0,7.0,1.0,3.0,2.0,3.0
22,19.0,10.0,18.0,66.0,22.0,5.0,36.0,17.0,2.0,24.0,38.0,130.0,65.0,9.0,9.0,1.0,23.0,25.0,0.0
23,12.0,6.0,23.0,41.0,14.0,5.0,29.0,20.0,1.0,18.0,33.0,93.0,29.0,10.0,1.0,2.0,16.0,18.0,0.0
24,24.0,20.0,56.0,112.0,19.0,9.0,89.0,6.0,6.0,47.0,88.0,304.0,112.0,9.0,0.0,6.0,15.0,20.0,2.0
25,10.0,12.0,33.0,47.0,17.0,7.0,33.0,19.0,2.0,30.0,38.0,110.0,62.0,12.0,1.0,4.0,12.0,18.0,3.0
26,8.0,3.0,9.0,12.0,10.0,4.0,14.0,27.0,1.0,7.0,12.0,34.0,27.0,23.0,6.0,3.0,3.0,2.0,2.0
27,32.0,21.0,50.0,96.0,18.0,9.0,103.0,5.0,8.0,49.0,96.0,361.0,104.0,13.0,1.0,28.0,11.0,18.0,2.0
28,27.0,12.0,38.0,86.0,17.0,4.0,77.0,7.0,5.0,28.0,84.0,272.0,51.0,17.0,6.0,7.0,19.0,12.0,0.0
29,5.0,5.0,17.0,22.0,8.0,5.0,32.0,20.0,2.0,12.0,37.0,100.0,46.0,24.0,9.0,20.0,4.0,4.0,2.0
30,14.0,10.0,38.0,53.0,17.0,9.0,41.0,17.0,2.0,33.0,42.0,142.0,62.0,13.0,5.0,9.0,9.0,15.0,3.0
31,13.0,9.0,30.0,44.0,11.0,6.0,26.0,21.0,1.0,24.0,34.0,81.0,46.0,5.0,10.0,11.0,22.0,24.0,2.0
32,18.0,2.0,20.0,47.0,12.0,4.0,28.0,20.0,1.0,10.0,31.0,90.0,9.0,5.0,5.0,13.0,21.0,21.0,1.0
33,26.0,15.0,58.0,115.0,21.0,8.0,93.0,6.0,7.0,36.0,99.0,319.0,92.0,11.0,5.0,37.0,14.0,21.0,1.0
34,12.0,5.0,38.0,70.0,14.0,6.0,50.0,14.0,3.0,11.0,55.0,180.0,18.0,4.0,1.0,25.0,22.0,24.0,1.0
35,25.0,13.0,43.0,65.0,20.0,7.0,43.0,17.0,3.0,32.0,39.0,149.0,72.0,8.0,17.0,7.0,16.0,19.0,3.0
36,7.0,11.0,25.0,11.0,5.0,5.0,38.0,18.0,2.0,29.0,43.0,126.0,65.0,23.0,2.0,2.0,4.0,4.0,0.0
37,15.0,15.0,39.0,131.0,34.0,18.0,39.0,18.0,2.0,38.0,120.0,132.0,88.0,35.0,0.0,15.0,9.0,13.0,3.0
38,31.0,20.0,50.0,69.0,7.0,8.0,101.0,5.0,7.0,53.0,101.0,357.0,106.0,15.0,1.0,9.0,11.0,16.0,2.0
39,6.0,12.0,21.0,62.0,26.0,4.0,37.0,18.0,2.0,28.0,42.0,122.0,74.0,16.0,7.0,0.0,7.0,8.0,0.0
40,20.0,15.0,55.0,107.0,20.0,7.0,90.0,6.0,6.0,33.0,94.0,308.0,90.0,15.0,5.0,9.0,10.0,12.0,1.0
41,13.0,4.0,6.0,1.0,5.0,3.0,6.0,31.0,0.0,10.0,4.0,13.0,13.0,27.0,8.0,16.0,3.0,2.0,3.0
42,19.0,16.0,40.0,30.0,7.0,9.0,44.0,17.0,3.0,44.0,47.0,152.0,74.0,16.0,5.0,5.0,7.0,13.0,3.0
43,18.0,4.0,29.0,76.0,16.0,6.0,50.0,14.0,3.0,16.0,60.0,182.0,27.0,8.0,4.0,7.0,16.0,16.0,2.0
44,43.0,21.0,57.0,113.0,18.0,10.0,98.0,5.0,7.0,49.0,90.0,343.0,118.0,7.0,20.0,1.0,16.0,21.0,2.0
45,18.0,13.0,35.0,38.0,11.0,9.0,45.0,17.0,3.0,42.0,49.0,157.0,77.0,18.0,2.0,4.0,7.0,13.0,3.0
46,16.0,10.0,23.0,26.0,8.0,6.0,16.0,25.0,1.0,28.0,28.0,46.0,44.0,11.0,1.0,8.0,14.0,13.0,3.0
47,10.0,9.0,20.0,15.0,7.0,4.0,34.0,20.0,2.0,23.0,41.0,103.0,62.0,29.0,6.0,14.0,4.0,1.0,0.0
48,14.0,14.0,34.0,40.0,17.0,9.0,42.0,18.0,3.0,45.0,39.0,138.0,76.0,17.0,6.0,13.0,8.0,12.0,3.0
49,16.0,12.0,32.0,69.0,12.0,7.0,49.0,14.0,3.0,30.0,53.0,181.0,67.0,3.0,0.0,10.0,23.0,27.0,2.0
50,3.0,5.0,17.0,8.0,4.0,4.0,28.0,21.0,2.0,12.0,31.0,87.0,34.0,18.0,2.0,4.0,5.0,4.0,2.0
51,17.0,5.0,24.0,67.0,19.0,5.0,40.0,17.0,2.0,15.0,50.0,141.0,18.0,11.0,4.0,24.0,13.0,14.0,2.0
52,23.0,22.0,52.0,121.0,23.0,7.0,95.0,5.0,7.0,50.0,102.0,331.0,130.0,13.0,1.0,6.0,12.0,16.0,1.0
53,26.0,9.0,16.0,68.0,20.0,4.0,35.0,17.0,2.0,21.0,38.0,127.0,53.0,6.0,7.0,11.0,26.0,28.0,0.0
54,26.0,23.0,55.0,78.0,6.0,4.0,126.0,0.0,11.0,50.0,121.0,416.0,116.0,24.0,5.0,26.0,4.0,3.0,0.0
55,19.0,3.0,20.0,44.0,14.0,6.0,19.0,24.0,1.0,17.0,23.0,57.0,8.0,3.0,9.0,3.0,25.0,27.0,3.0
56,22.0,11.0,49.0,88.0,16.0,7.0,70.0,10.0,5.0,26.0,69.0,242.0,53.0,7.0,4.0,8.0,15.0,18.0,2.0
57,14.0,14.0,37.0,26.0,8.0,9.0,43.0,18.0,3.0,42.0,38.0,140.0,64.0,15.0,5.0,9.0,6.0,11.0,3.0
58,32.0,20.0,54.0,114.0,19.0,9.0,94.0,6.0,7.0,45.0,89.0,326.0,100.0,7.0,0.0,1.0,15.0,20.0,1.0
59,10.0,6.0,21.0,12.0,5.0,3.0,14.0,27.0,1.0,17.0,17.0,36.0,30.0,16.0,8.0,8.0,6.0,6.0,3.0
60,28.0,17.0,50.0,105.0,16.0,7.0,78.0,8.0,5.0,43.0,81.0,271.0,73.0,5.0,5.0,5.0,22.0,23.0,1.0
61,2.0,5.0,17.0,28.0,12.0,3.0,16.0,26.0,1.0,12.0,14.0,41.0,27.0,20.0,13.0,21.0,7.0,6.0,1.0
62,21.0,7.0,23.0,13.0,3.0,6.0,23.0,24.0,1.0,23.0,31.0,60.0,27.0,21.0,10.0,13.0,7.0,2.0,3.0
63,8.0,9.0,20.0,49.0,20.0,5.0,36.0,19.0,2.0,26.0,43.0,119.0,47.0,19.0,4.0,2.0,6.0,7.0,0.0
64,18.0,12.0,39.0,94.0,22.0,5.0,69.0,9.0,5.0,27.0,70.0,249.0,71.0,13.0,0.0,4.0,18.0,16.0,0.0
65,14.0,8.0,28.0,36.0,9.0,5.0,32.0,20.0,2.0,19.0,39.0,103.0,44.0,17.0,18.0,5.0,8.0,7.0,1.0
66,6.0,10.0,21.0,18.0,10.0,6.0,35.0,20.0,2.0,28.0,38.0,109.0,60.0,24.0,6.0,18.0,3.0,3.0,0.0
67,23.0,22.0,52.0,112.0,22.0,9.0,110.0,4.0,8.0,60.0,98.0,395.0,104.0,15.0,6.0,14.0,11.0,14.0,1.0
68,11.0,11.0,31.0,57.0,21.0,7.0,28.0,20.0,1.0,29.0,37.0,91.0,59.0,11.0,1.0,11.0,14.0,20.0,3.0
69,23.0,16.0,37.0,112.0,27.0,5.0,75.0,8.0,5.0,36.0,75.0,266.0,97.0,15.0,4.0,7.0,19.0,14.0,0.0
70,21.0,22.0,50.0,54.0,7.0,8.0,100.0,5.0,7.0,57.0,93.0,351.0,109.0,17.0,3.0,6.0,9.0,12.0,1.0
71,22.0,26.0,59.0,120.0,23.0,9.0,109.0,4.0,8.0,64.0,92.0,391.0,106.0,11.0,10.0,25.0,10.0,17.0,1.0
72,17.0,6.0,44.0,84.0,15.0,6.0,62.0,11.0,4.0,19.0,65.0,218.0,39.0,8.0,3.0,23.0,16.0,19.0,1.0
73,0.0,4.0,8.0,4.0,7.0,4.0,12.0,29.0,1.0,10.0,4.0,28.0,35.0,23.0,1.0,15.0,0.0,3.0,1.0
74,14.0,9.0,42.0,40.0,14.0,9.0,37.0,18.0,2.0,27.0,39.0,124.0,51.0,13.0,11.0,23.0,11.0,18.0,3.0
75,26.0,20.0,54.0,96.0,16.0,7.0,80.0,8.0,5.0,44.0,77.0,273.0,98.0,9.0,5.0,5.0,15.0,17.0,1.0
76,16.0,6.0,36.0,63.0,13.0,6.0,58.0,12.0,4.0,16.0,66.0,206.0,40.0,13.0,0.0,10.0,12.0,13.0,2.0
77,11.0,7.0,16.0,33.0,15.0,5.0,36.0,19.0,2.0,15.0,34.0,116.0,61.0,23.0,2.0,3.0,4.0,4.0,2.0
78,29.0,19.0,47.0,101.0,19.0,3.0,93.0,5.0,7.0,43.0,94.0,335.0,106.0,17.0,11.0,4.0,17.0,10.0,0.0
79,14.0,11.0,21.0,6.0,3.0,5.0,36.0,19.0,2.0,29.0,40.0,114.0,77.0,29.0,6.0,5.0,3.0,1.0,0.0
80,12.0,13.0,24.0,52.0,19.0,4.0,37.0,18.0,2.0,28.0,44.0,129.0,77.0,14.0,2.0,0.0,10.0,9.0,0.0
81,24.0,18.0,45.0,96.0,18.0,3.0,94.0,5.0,7.0,41.0,99.0,340.0,102.0,19.0,5.0,11.0,15.0,8.0,0.0
82,19.0,3.0,21.0,20.0,7.0,5.0,13.0,26.0,1.0,14.0,24.0,37.0,5.0,7.0,1.0,2.0,19.0,15.0,3.0
83,4.0,7.0,33.0,26.0,8.0,5.0,33.0,21.0,2.0,17.0,41.0,97.0,32.0,17.0,8.0,30.0,5.0,12.0,1.0
84,14.0,7.0,29.0,81.0,29.0,5.0,36.0,18.0,2.0,18.0,43.0,128.0,36.0,13.0,3.0,8.0,17.0,16.0,0.0
85,35.0,25.0,57.0,73.0,4.0,4.0,128.0,0.0,11.0,53.0,122.0,422.0,137.0,24.0,9.0,13.0,5.0,1.0,0.0
86,14.0,8.0,37.0,34.0,11.0,7.0,35.0,19.0,2.0,27.0,41.0,116.0,50.0,13.0,4.0,18.0,12.0,19.0,3.0
87,11.0,4.0,14.0,8.0,7.0,3.0,6.0,30.0,0.0,14.0,10.0,15.0,17.0,13.0,2.0,8.0,10.0,9.0,3.0
88,16.0,9.0,37.0,102.0,28.0,4.0,57.0,12.0,3.0,20.0,58.0,207.0,49.0,10.0,3.0,12.0,20.0,20.0,0.0
89,5.0,4.0,11.0,9.0,8.0,4.0,11.0,28.0,1.0,7.0,11.0,29.0,20.0,22.0,8.0,5.0,2.0,3.0,1.0
90,29.0,22.0,58.0,115.0,21.0,9.0,103.0,5.0,7.0,55.0,99.0,366.0,115.0,12.0,3.0,10.0,12.0,18.0,2.0
91,19.0,5.0,37.0,51.0,8.0,7.0,55.0,13.0,3.0,12.0,65.0,199.0,43.0,10.0,9.0,15.0,14.0,14.0,1.0
92,29.0,19.0,51.0,84.0,12.0,7.0,82.0,7.0,6.0,40.0,85.0,281.0,119.0,11.0,10.0,10.0,15.0,17.0,2.0
93,19.0,15.0,40.0,55.0,17.0,8.0,43.0,17.0,3.0,43.0,48.0,149.0,74.0,16.0,4.0,15.0,8.0,14.0,3.0
94,9.0,12.0,20.0,47.0,18.0,4.0,31.0,20.0,2.0,26.0,37.0,98.0,65.0,14.0,2.0,3.0,8.0,7.0,0.0
95,22.0,17.0,59.0,104.0,18.0,8.0,99.0,5.0,7.0,38.0,99.0,351.0,106.0,13.0,7.0,29.0,12.0,16.0,1.0
96,14.0,9.0,33.0,44.0,15.0,4.0,30.0,20.0,2.0,21.0,35.0,94.0,58.0,15.0,17.0,13.0,9.0,8.0,2.0
97,11.0,10.0,21.0,45.0,15.0,5.0,36.0,18.0,2.0,24.0,48.0,123.0,52.0,16.0,4.0,9.0,12.0,11.0,0.0
98,20.0,13.0,56.0,112.0,21.0,7.0,86.0,7.0,6.0,30.0,90.0,292.0,89.0,10.0,5.0,37.0,15.0,21.0,1.0
99,12.0,11.0,19.0,17.0,9.0,4.0,35.0,20.0,2.0,26.0,39.0,107.0,59.0,28.0,4.0,12.0,3.0,1.0,0.0
100,7.0,12.0,20.0,130.0,34.0,19.0,34.0,19.0,2.0,26.0,103.0,112.0,73.0,36.0,1.0,1.0,5.0,4.0,0.0
101,20.0,9.0,38.0,67.0,19.0,7.0,39.0,18.0,2.0,26.0,37.0,133.0,38.0,6.0,11.0,5.0,20.0,23.0,3.0
102,19.0,9.0,21.0,43.0,17.0,5.0,14.0,26.0,1.0,25.0,23.0,40.0,47.0,10.0,14.0,5.0,16.0,15.0,3.0
103,17.0,5.0,14.0,23.0,15.0,3.0,1.0,32.0,0.0,14.0,4.0,4.0,25.0,13.0,14.0,5.0,14.0,13.0,3.0
104,27.0,12.0,36.0,91.0,18.0,3.0,79.0,7.0,5.0,28.0,92.0,278.0,55.0,20.0,0.0,27.0,17.0,10.0,0.0
105,33.0,20.0,54.0,95.0,17.0,8.0,105.0,4.0,8.0,50.0,91.0,374.0,102.0,14.0,11.0,10.0,12.0,18.0,2.0
106,24.0,13.0,56.0,102.0,17.0,9.0,82.0,8.0,6.0,34.0,79.0,277.0,47.0,6.0,0.0,33.0,18.0,24.0,1.0
107,10.0,6.0,30.0,44.0,12.0,6.0,36.0,19.0,2.0,16.0,45.0,117.0,21.0,14.0,0.0,16.0,8.0,12.0,1.0
108,5.0,11.0,21.0,28.0,12.0,6.0,36.0,19.0,2.0,27.0,39.0,115.0,61.0,21.0,7.0,12.0,4.0,4.0,0.0
109,24.0,15.0,32.0,92.0,21.0,4.0,70.0,9.0,5.0,35.0,69.0,250.0,59.0,15.0,5.0,8.0,19.0,14.0,0.0
110,14.0,7.0,30.0,52.0,18.0,7.0,30.0,20.0,2.0,23.0,37.0,100.0,31.0,11.0,0.0,5.0,14.0,19.0,3.0
111,19.0,15.0,36.0,55.0,17.0,8.0,42.0,17.0,2.0,35.0,46.0,143.0,75.0,15.0,4.0,14.0,9.0,15.0,3.0
112,2.0,5.0,28.0,37.0,12.0,4.0,33.0,20.0,2.0,14.0,36.0,101.0,24.0,21.0,16.0,20.0,5.0,6.0,1.0
113,13.0,2.0,5.0,14.0,11.0,3.0,1.0,33.0,0.0,4.0,2.0,2.0,26.0,15.0,21.0,4.0,6.0,6.0,1.0
114,18.0,10.0,38.0,26.0,7.0,8.0,41.0,18.0,2.0,35.0,43.0,137.0,53.0,16.0,12.0,13.0,8.0,15.0,3.0
115,20.0,14.0,41.0,55.0,17.0,9.0,45.0,17.0,3.0,39.0,45.0,157.0,73.0,12.0,12.0,13.0,13.0,17.0,3.0
116,25.0,12.0,51.0,102.0,18.0,6.0,86.0,6.0,6.0,29.0,98.0,298.0,77.0,13.0,5.0,5.0,13.0,14.0,1.0
117,34.0,20.0,60.0,114.0,22.0,10.0,106.0,5.0,8.0,51.0,93.0,375.0,100.0,13.0,13.0,28.0,12.0,20.0,2.0
118,10.0,10.0,18.0,21.0,9.0,6.0,36.0,20.0,2.0,26.0,37.0,110.0,61.0,23.0,9.0,14.0,4.0,3.0,0.0
119,18.0,16.0,32.0,73.0,18.0,5.0,59.0,11.0,4.0,40.0,58.0,216.0,82.0,11.0,5.0,10.0,21.0,21.0,0.0
120,14.0,4.0,9.0,12.0,6.0,3.0,20.0,24.0,1.0,9.0,20.0,58.0,34.0,20.0,16.0,14.0,8.0,4.0,2.0
121,15.0,15.0,31.0,35.0,12.0,9.0,46.0,17.0,3.0,42.0,42.0,156.0,73.0,17.0,10.0,11.0,7.0,11.0,3.0
122,17.0,7.0,35.0,56.0,16.0,7.0,32.0,19.0,2.0,22.0,34.0,105.0,25.0,5.0,9.0,0.0,23.0,25.0,3.0
123,15.0,3.0,11.0,23.0,10.0,4.0,8.0,30.0,0.0,9.0,6.0,19.0,20.0,9.0,22.0,23.0,14.0,14.0,2.0
124,10.0,12.0,24.0,43.0,16.0,6.0,29.0,20.0,2.0,29.0,40.0,93.0,67.0,13.0,2.0,3.0,11.0,15.0,3.0
125,15.0,13.0,33.0,36.0,15.0,9.0,45.0,17.0,3.0,38.0,38.0,152.0,74.0,15.0,17.0,7.0,9.0,12.0,3.0
126,14.0,9.0,23.0,41.0,15.0,5.0,33.0,19.0,2.0,25.0,45.0,109.0,41.0,17.0,2.0,6.0,10.0,8.0,0.0
127,10.0,8.0,20.0,48.0,18.0,13.0,35.0,19.0,2.0,21.0,42.0,116.0,43.0,16.0,6.0,16.0,8.0,10.0,0.0
128,22.0,12.0,41.0,66.0,20.0,8.0,43.0,17.0,3.0,39.0,42.0,151.0,45.0,8.0,8.0,12.0,16.0,19.0,3.0
129,25.0,15.0,48.0,102.0,21.0,5.0,84.0,6.0,6.0,32.0,83.0,294.0,88.0,14.0,7.0,11.0,16.0,13.0,0.0
130,25.0,13.0,55.0,77.0,13.0,7.0,82.0,8.0,6.0,29.0,89.0,279.0,86.0,14.0,13.0,13.0,13.0,16.0,2.0
131,11.0,3.0,30.0,58.0,13.0,5.0,36.0,19.0,2.0,10.0,43.0,117.0,19.0,7.0,0.0,32.0,20.0,22.0,2.0
132,22.0,9.0,52.0,79.0,12.0,7.0,71.0,10.0,5.0,20.0,75.0,241.0,56.0,8.0,7.0,40.0,18.0,25.0,2.0
133,23.0,6.0,21.0,14.0,2.0,5.0,20.0,25.0,1.0,24.0,33.0,53.0,22.0,16.0,4.0,1.0,10.0,5.0,3.0
134,27.0,21.0,51.0,56.0,6.0,8.0,98.0,5.0,7.0,55.0,86.0,338.0,89.0,17.0,12.0,27.0,11.0,14.0,1.0
135,14.0,14.0,36.0,132.0,35.0,17.0,44.0,17.0,3.0,45.0,96.0,150.0,64.0,33.0,0.0,14.0,8.0,13.0,3.0
136,11.0,15.0,28.0,29.0,11.0,8.0,47.0,17.0,3.0,45.0,39.0,157.0,73.0,16.0,3.0,1.0,7.0,11.0,3.0
137,12.0,9.0,18.0,43.0,17.0,8.0,19.0,24.0,1.0,24.0,26.0,56.0,47.0,8.0,7.0,1.0,17.0,20.0,3.0
138,13.0,4.0,17.0,23.0,11.0,3.0,11.0,28.0,1.0,12.0,10.0,30.0,33.0,15.0,14.0,20.0,8.0,7.0,2.0
139,16.0,9.0,33.0,55.0,19.0,6.0,34.0,18.0,2.0,27.0,40.0,117.0,35.0,11.0,3.0,5.0,13.0,18.0,3.0
140,15.0,4.0,33.0,64.0,11.0,7.0,43.0,16.0,3.0,14.0,41.0,159.0,4.0,1.0,3.0,18.0,25.0,28.0,2.0
141,6.0,9.0,17.0,18.0,8.0,6.0,35.0,20.0,2.0,27.0,35.0,106.0,60.0,27.0,7.0,7.0,3.0,1.0,0.0
142,31.0,16.0,58.0,87.0,10.0,9.0,99.0,5.0,7.0,43.0,91.0,339.0,60.0,8.0,0.0,38.0,16.0,25.0,1.0
143,5.0,10.0,21.0,13.0,7.0,6.0,36.0,19.0,2.0,27.0,40.0,115.0,64.0,26.0,4.0,8.0,3.0,2.0,0.0
144,20.0,12.0,33.0,79.0,15.0,5.0,50.0,14.0,3.0,27.0,57.0,183.0,66.0,6.0,11.0,18.0,23.0,23.0,1.0
145,28.0,21.0,58.0,111.0,17.0,10.0,107.0,4.0,8.0,56.0,88.0,387.0,87.0,8.0,0.0,18.0,13.0,19.0,1.0
146,25.0,13.0,38.0,57.0,17.0,9.0,49.0,16.0,3.0,45.0,45.0,169.0,58.0,12.0,18.0,0.0,13.0,15.0,3.0
147,16.0,7.0,29.0,64.0,20.0,5.0,35.0,18.0,2.0,17.0,38.0,118.0,32.0,9.0,4.0,17.0,16.0,19.0,0.0
148,15.0,10.0,25.0,65.0,12.0,6.0,40.0,16.0,2.0,26.0,43.0,146.0,46.0,2.0,15.0,9.0,27.0,28.0,2.0
149,18.0,3.0,18.0,58.0,22.0,6.0,22.0,23.0,1.0,18.0,30.0,69.0,15.0,8.0,2.0,29.0,17.0,23.0,3.0
150,29.0,17.0,49.0,104.0,18.0,8.0,72.0,9.0,5.0,38.0,74.0,253.0,83.0,6.0,3.0,7.0,19.0,25.0,2.0
151,19.0,11.0,37.0,109.0,27.0,4.0,69.0,9.0,5.0,27.0,75.0,251.0,42.0,14.0,4.0,22.0,20.0,16.0,0.0
152,18.0,2.0,25.0,65.0,15.0,5.0,35.0,18.0,2.0,6.0,38.0,120.0,13.0,3.0,5.0,30.0,27.0,29.0,1.0
153,31.0,16.0,57.0,104.0,17.0,7.0,93.0,6.0,7.0,40.0,91.0,322.0,72.0,9.0,1.0,24.0,14.0,21.0,2.0
154,14.0,7.0,32.0,47.0,17.0,7.0,30.0,20.0,2.0,21.0,37.0,97.0,37.0,12.0,8.0,7.0,12.0,16.0,3.0
155,35.0,23.0,54.0,116.0,17.0,3.0,121.0,0.0,10.0,51.0,123.0,414.0,124.0,26.0,4.0,6.0,8.0,2.0,0.0
156,10.0,3.0,31.0,42.0,8.0,5.0,33.0,19.0,2.0,10.0,37.0,107.0,22.0,5.0,10.0,24.0,21.0,22.0,1.0
157,18.0,9.0,23.0,24.0,9.0,5.0,13.0,27.0,1.0,27.0,25.0,35.0,40.0,15.0,5.0,4.0,13.0,9.0,3.0
158,12.0,6.0,27.0,45.0,11.0,4.0,37.0,18.0,2.0,18.0,43.0,123.0,28.0,11.0,1.0,33.0,11.0,15.0,2.0
159,16.0,12.0,28.0,47.0,10.0,4.0,36.0,18.0,2.0,28.0,39.0,121.0,68.0,7.0,16.0,2.0,17.0,17.0,1.0
160,7.0,5.0,8.0,18.0,12.0,3.0,19.0,25.0,1.0,10.0,21.0,51.0,34.0,28.0,0.0,0.0,1.0,2.0,1.0
161,32.0,19.0,52.0,111.0,17.0,9.0,87.0,7.0,6.0,46.0,86.0,297.0,80.0,6.0,17.0,2.0,21.0,25.0,1.0
162,23.0,6.0,34.0,84.0,17.0,7.0,52.0,14.0,3.0,20.0,53.0,188.0,19.0,3.0,8.0,19.0,21.0,24.0,2.0
163,10.0,7.0,25.0,32.0,12.0,3.0,18.0,24.0,1.0,17.0,28.0,52.0,38.0,9.0,3.0,9.0,15.0,14.0,2.0
164,23.0,21.0,55.0,79.0,12.0,8.0,98.0,6.0,7.0,54.0,90.0,334.0,105.0,14.0,1.0,26.0,10.0,14.0,1.0
165,28.0,21.0,44.0,72.0,10.0,9.0,105.0,5.0,8.0,52.0,87.0,370.0,86.0,13.0,1.0,32.0,10.0,17.0,1.0
166,17.0,3.0,31.0,58.0,10.0,6.0,39.0,17.0,2.0,10.0,38.0,135.0,12.0,1.0,4.0,19.0,27.0,30.0,2.0
167,35.0,18.0,55.0,84.0,10.0,10.0,98.0,5.0,7.0,44.0,93.0,342.0,78.0,9.0,18.0,2.0,15.0,18.0,2.0
168,7.0,12.0,21.0,32.0,17.0,4.0,33.0,20.0,2.0,25.0,38.0,106.0,72.0,21.0,0.0,1.0,5.0,3.0,0.0
169,23.0,5.0,23.0,18.0,5.0,6.0,16.0,27.0,1.0,21.0,26.0,38.0,20.0,15.0,0.0,13.0,10.0,4.0,3.0
170,33.0,18.0,54.0,90.0,13.0,9.0,96.0,5.0,7.0,42.0,89.0,331.0,75.0,8.0,7.0,3.0,14.0,19.0,1.0
171,31.0,21.0,54.0,54.0,0.0,2.0,120.0,1.0,10.0,48.0,117.0,411.0,127.0,26.0,4.0,11.0,5.0,2.0,0.0
172,19.0,12.0,34.0,59.0,20.0,7.0,31.0,20.0,2.0,29.0,33.0,99.0,67.0,7.0,11.0,14.0,18.0,21.0,3.0
173,21.0,16.0,50.0,80.0,12.0,4.0,98.0,5.0,7.0,34.0,95.0,348.0,98.0,18.0,8.0,28.0,12.0,8.0,0.0
174,18.0,15.0,37.0,43.0,16.0,9.0,42.0,18.0,3.0,47.0,40.0,140.0,76.0,14.0,8.0,15.0,9.0,14.0,3.0
175,13.0,7.0,31.0,79.0,26.0,4.0,44.0,15.0,3.0,16.0,54.0,164.0,36.0,14.0,1.0,11.0,17.0,16.0,0.0
176,9.0,6.0,43.0,73.0,13.0,5.0,63.0,11.0,4.0,13.0,76.0,220.0,33.0,12.0,4.0,37.0,14.0,17.0,1.0
177,14.0,11.0,25.0,53.0,19.0,5.0,30.0,20.0,2.0,29.0,35.0,98.0,57.0,10.0,11.0,1.0,15.0,17.0,0.0
178,18.0,4.0,26.0,67.0,21.0,5.0,37.0,17.0,2.0,13.0,44.0,133.0,23.0,9.0,1.0,22.0,20.0,24.0,0.0
179,14.0,11.0,23.0,30.0,11.0,4.0,22.0,23.0,1.0,28.0,37.0,64.0,54.0,19.0,10.0,3.0,10.0,6.0,3.0
180,27.0,21.0,57.0,114.0,21.0,9.0,92.0,6.0,7.0,46.0,95.0,316.0,123.0,12.0,0.0,26.0,13.0,19.0,2.0
181,3.0,3.0,14.0,9.0,9.0,4.0,10.0,29.0,0.0,6.0,10.0,23.0,10.0,19.0,3.0,16.0,2.0,4.0,1.0
182,16.0,9.0,20.0,62.0,19.0,5.0,31.0,18.0,2.0,22.0,38.0,111.0,47.0,8.0,4.0,0.0,25.0,26.0,0.0
183,9.0,2.0,8.0,15.0,10.0,2.0,3.0,33.0,0.0,5.0,4.0,6.0,16.0,17.0,10.0,27.0,7.0,9.0,2.0
184,28.0,13.0,57.0,102.0,19.0,8.0,88.0,7.0,6.0,31.0,84.0,299.0,98.0,11.0,9.0,10.0,15.0,18.0,2.0
185,25.0,8.0,28.0,98.0,24.0,3.0,62.0,10.0,4.0,20.0,71.0,227.0,39.0,13.0,7.0,19.0,21.0,16.0,0.0
186,16.0,9.0,34.0,86.0,22.0,3.0,55.0,12.0,3.0,19.0,53.0,201.0,44.0,9.0,3.0,23.0,22.0,23.0,0.0
187,23.0,12.0,29.0,59.0,13.0,5.0,43.0,16.0,3.0,30.0,53.0,157.0,74.0,10.0,13.0,10.0,14.0,15.0,1.0
188,26.0,18.0,56.0,105.0,21.0,8.0,94.0,6.0,7.0,44.0,89.0,326.0,112.0,14.0,5.0,23.0,10.0,14.0,1.0
189,15.0,3.0,31.0,72.0,17.0,6.0,43.0,16.0,2.0,8.0,51.0,153.0,30.0,7.0,1.0,20.0,16.0,17.0,1.0
190,22.0,15.0,47.0,91.0,16.0,7.0,67.0,10.0,4.0,37.0,68.0,236.0,77.0,5.0,20.0,11.0,23.0,22.0,1.0
191,12.0,7.0,34.0,55.0,21.0,8.0,32.0,20.0,2.0,21.0,36.0,103.0,45.0,11.0,0.0,13.0,13.0,18.0,3.0
192,18.0,10.0,29.0,42.0,10.0,5.0,35.0,18.0,2.0,25.0,41.0,121.0,64.0,10.0,14.0,0.0,13.0,13.0,2.0
193,32.0,22.0,50.0,92.0,12.0,5.0,118.0,1.0,9.0,50.0,112.0,408.0,130.0,21.0,3.0,1.0,10.0,3.0,0.0
194,17.0,4.0,39.0,60.0,13.0,5.0,44.0,16.0,3.0,13.0,50.0,159.0,32.0,9.0,9.0,21.0,14.0,15.0,2.0
195,11.0,10.0,20.0,23.0,9.0,5.0,38.0,18.0,2.0,24.0,46.0,126.0,61.0,22.0,6.0,14.0,5.0,4.0,0.0
196,32.0,23.0,55.0,123.0,24.0,9.0,104.0,5.0,8.0,54.0,93.0,368.0,105.0,12.0,19.0,11.0,13.0,15.0,2.0
197,7.0,11.0,25.0,43.0,17.0,5.0,40.0,18.0,2.0,26.0,50.0,136.0,65.0,21.0,0.0,16.0,7.0,6.0,0.0
198,6.0,13.0,24.0,23.0,9.0,5.0,39.0,18.0,2.0,31.0,41.0,128.0,79.0,22.0,3.0,14.0,4.0,5.0,0.0
199,7.0,11.0,25.0,29.0,14.0,5.0,33.0,20.0,2.0,25.0,42.0,103.0,71.0,22.0,6.0,17.0,5.0,4.0,0.0
200,18.0,14.0,38.0,56.0,19.0,9.0,42.0,18.0,3.0,40.0,41.0,141.0,66.0,15.0,7.0,15.0,7.0,14.0,3.0
201,15.0,3.0,27.0,64.0,13.0,6.0,43.0,16.0,2.0,10.0,46.0,153.0,11.0,2.0,6.0,21.0,21.0,23.0,2.0
202,36.0,21.0,54.0,64.0,3.0,9.0,106.0,4.0,8.0,54.0,94.0,386.0,89.0,10.0,15.0,6.0,14.0,17.0,1.0
203,28.0,22.0,51.0,87.0,15.0,9.0,97.0,5.0,7.0,57.0,84.0,335.0,107.0,14.0,10.0,14.0,11.0,13.0,1.0
204,14.0,7.0,12.0,30.0,11.0,5.0,9.0,28.0,0.0,22.0,15.0,27.0,38.0,4.0,7.0,4.0,23.0,25.0,3.0
205,12.0,14.0,34.0,42.0,15.0,7.0,33.0,19.0,2.0,34.0,40.0,111.0,69.0,13.0,0.0,6.0,12.0,17.0,3.0
206,17.0,13.0,32.0,69.0,17.0,6.0,48.0,15.0,3.0,31.0,52.0,177.0,66.0,8.0,2.0,10.0,15.0,17.0,1.0
207,10.0,9.0,18.0,14.0,8.0,5.0,35.0,20.0,2.0,28.0,36.0,109.0,60.0,26.0,1.0,6.0,3.0,1.0,0.0
208,11.0,13.0,23.0,42.0,18.0,6.0,35.0,19.0,2.0,28.0,39.0,117.0,73.0,18.0,6.0,6.0,7.0,7.0,0.0
209,26.0,23.0,51.0,61.0,8.0,9.0,99.0,5.0,7.0,57.0,86.0,349.0,112.0,15.0,2.0,3.0,9.0,11.0,1.0
210,19.0,6.0,42.0,87.0,15.0,7.0,58.0,12.0,4.0,17.0,60.0,205.0,10.0,4.0,4.0,23.0,25.0,28.0,1.0
211,11.0,4.0,22.0,43.0,16.0,6.0,24.0,22.0,1.0,16.0,32.0,74.0,12.0,12.0,1.0,6.0,13.0,14.0,3.0
212,15.0,8.0,24.0,62.0,21.0,5.0,36.0,18.0,2.0,20.0,44.0,122.0,45.0,12.0,3.0,18.0,16.0,16.0,0.0
213,29.0,16.0,42.0,61.0,7.0,2.0,97.0,5.0,7.0,35.0,104.0,350.0,86.0,19.0,1.0,23.0,14.0,8.0,0.0
214,14.0,3.0,25.0,34.0,9.0,5.0,24.0,22.0,1.0,8.0,32.0,76.0,18.0,13.0,1.0,1.0,11.0,11.0,1.0
215,15.0,6.0,39.0,62.0,15.0,5.0,48.0,15.0,3.0,13.0,63.0,170.0,35.0,15.0,1.0,22.0,9.0,10.0,1.0
216,9.0,11.0,30.0,43.0,12.0,3.0,38.0,18.0,2.0,25.0,44.0,130.0,65.0,18.0,8.0,2.0,7.0,6.0,2.0
217,29.0,24.0,54.0,109.0,22.0,9.0,104.0,4.0,8.0,58.0,95.0,371.0,107.0,14.0,4.0,3.0,10.0,15.0,1.0
218,8.0,11.0,21.0,37.0,14.0,6.0,33.0,19.0,2.0,25.0,39.0,111.0,68.0,15.0,1.0,1.0,9.0,10.0,0.0
219,10.0,6.0,11.0,19.0,9.0,4.0,1.0,32.0,0.0,17.0,3.0,5.0,33.0,5.0,17.0,7.0,21.0,21.0,3.0
220,24.0,22.0,52.0,99.0,15.0,11.0,107.0,4.0,8.0,62.0,92.0,383.0,101.0,12.0,2.0,3.0,10.0,15.0,1.0
221,13.0,11.0,38.0,32.0,9.0,9.0,43.0,17.0,3.0,37.0,45.0,149.0,63.0,17.0,5.0,16.0,8.0,14.0,3.0
222,25.0,17.0,34.0,90.0,20.0,4.0,71.0,8.0,5.0,40.0,73.0,255.0,86.0,15.0,6.0,1.0,21.0,17.0,0.0
223,6.0,11.0,25.0,32.0,13.0,4.0,39.0,18.0,2.0,28.0,49.0,133.0,66.0,22.0,1.0,15.0,6.0,5.0,0.0
224,11.0,8.0,20.0,26.0,9.0,4.0,22.0,23.0,1.0,18.0,24.0,65.0,50.0,15.0,5.0,14.0,7.0,8.0,2.0
225,18.0,8.0,32.0,52.0,16.0,6.0,30.0,20.0,2.0,32.0,34.0,95.0,22.0,8.0,4.0,9.0,19.0,22.0,3.0
226,32.0,21.0,50.0,103.0,19.0,9.0,103.0,5.0,7.0,51.0,88.0,367.0,104.0,12.0,14.0,0.0,12.0,16.0,2.0
227,19.0,2.0,20.0,40.0,15.0,7.0,17.0,24.0,1.0,9.0,28.0,50.0,4.0,7.0,8.0,7.0,20.0,20.0,3.0
228,30.0,21.0,57.0,108.0,21.0,8.0,93.0,6.0,7.0,48.0,84.0,318.0,106.0,10.0,14.0,23.0,13.0,18.0,2.0
229,11.0,8.0,18.0,41.0,14.0,3.0,36.0,19.0,2.0,20.0,34.0,119.0,61.0,21.0,5.0,8.0,6.0,4.0,2.0
230,10.0,2.0,3.0,3.0,8.0,1.0,4.0,31.0,0.0,4.0,5.0,9.0,27.0,30.0,5.0,9.0,4.0,3.0,3.0
231,10.0,0.0,0.0,8.0,10.0,1.0,0.0,34.0,0.0,1.0,0.0,0.0,15.0,27.0,12.0,21.0,5.0,2.0,2.0
232,6.0,11.0,21.0,13.0,6.0,4.0,37.0,19.0,2.0,29.0,39.0,119.0,66.0,27.0,4.0,5.0,3.0,2.0,0.0
233,25.0,19.0,55.0,82.0,12.0,8.0,93.0,6.0,7.0,45.0,87.0,320.0,85.0,11.0,1.0,22.0,11.0,17.0,2.0
234,18.0,9.0,18.0,51.0,21.0,7.0,20.0,23.0,1.0,24.0,32.0,59.0,58.0,12.0,7.0,13.0,16.0,20.0,3.0
235,15.0,15.0,31.0,27.0,9.0,9.0,46.0,17.0,3.0,49.0,38.0,152.0,73.0,17.0,1.0,14.0,6.0,11.0,3.0
236,21.0,4.0,27.0,92.0,27.0,3.0,51.0,13.0,3.0,10.0,57.0,192.0,24.0,13.0,1.0,3.0,20.0,19.0,0.0
237,10.0,12.0,19.0,21.0,9.0,6.0,37.0,19.0,2.0,27.0,39.0,118.0,74.0,22.0,1.0,10.0,3.0,3.0,0.0
238,25.0,22.0,52.0,82.0,10.0,8.0,107.0,4.0,8.0,59.0,92.0,390.0,99.0,12.0,7.0,17.0,12.0,16.0,1.0
239,4.0,14.0,27.0,34.0,14.0,5.0,39.0,17.0,2.0,31.0,44.0,135.0,87.0,18.0,6.0,10.0,7.0,8.0,0.0
240,14.0,3.0,30.0,65.0,15.0,6.0,43.0,16.0,2.0,7.0,43.0,153.0,14.0,4.0,5.0,22.0,22.0,24.0,1.0
241,18.0,12.0,26.0,57.0,12.0,5.0,45.0,16.0,3.0,28.0,51.0,164.0,76.0,6.0,11.0,15.0,19.0,20.0,1.0
242,10.0,9.0,13.0,25.0,11.0,5.0,35.0,20.0,2.0,26.0,35.0,106.0,60.0,24.0,8.0,4.0,3.0,1.0,0.0
243,26.0,22.0,59.0,121.0,22.0,10.0,100.0,5.0,7.0,50.0,96.0,352.0,102.0,12.0,2.0,16.0,12.0,18.0,2.0
244,10.0,14.0,28.0,14.0,6.0,7.0,43.0,18.0,3.0,47.0,37.0,144.0,64.0,18.0,1.0,7.0,6.0,10.0,3.0
245,18.0,8.0,28.0,17.0,4.0,5.0,26.0,23.0,1.0,23.0,33.0,74.0,37.0,18.0,5.0,15.0,8.0,4.0,3.0
246,20.0,3.0,26.0,84.0,26.0,4.0,42.0,15.0,2.0,8.0,53.0,160.0,12.0,12.0,2.0,19.0,23.0,23.0,0.0
247,16.0,6.0,36.0,69.0,12.0,5.0,55.0,13.0,3.0,14.0,59.0,195.0,30.0,8.0,0.0,24.0,16.0,18.0,2.0
248,28.0,22.0,54.0,104.0,18.0,9.0,97.0,5.0,7.0,47.0,96.0,341.0,133.0,13.0,5.0,16.0,12.0,15.0,1.0
249,10.0,1.0,8.0,20.0,11.0,4.0,3.0,32.0,0.0,3.0,6.0,7.0,15.0,11.0,3.0,20.0,9.0,8.0,2.0
250,20.0,5.0,20.0,19.0,5.0,6.0,19.0,26.0,1.0,22.0,27.0,46.0,28.0,19.0,11.0,8.0,8.0,2.0,3.0
251,29.0,25.0,54.0,122.0,22.0,9.0,104.0,4.0,8.0,58.0,98.0,377.0,131.0,12.0,7.0,4.0,11.0,15.0,1.0
252,9.0,11.0,33.0,33.0,11.0,9.0,42.0,18.0,3.0,39.0,35.0,135.0,64.0,15.0,5.0,17.0,7.0,12.0,3.0
253,19.0,10.0,21.0,63.0,20.0,4.0,28.0,20.0,1.0,24.0,33.0,96.0,65.0,6.0,10.0,8.0,22.0,22.0,0.0
254,18.0,14.0,38.0,54.0,18.0,10.0,41.0,17.0,2.0,39.0,48.0,140.0,66.0,17.0,2.0,9.0,8.0,15.0,3.0
255,37.0,17.0,61.0,79.0,9.0,9.0,99.0,5.0,7.0,41.0,99.0,344.0,91.0,12.0,18.0,27.0,15.0,21.0,2.0
256,16.0,3.0,30.0,50.0,9.0,5.0,41.0,16.0,2.0,8.0,46.0,147.0,11.0,6.0,8.0,15.0,19.0,20.0,2.0
257,17.0,10.0,22.0,51.0,9.0,5.0,35.0,18.0,2.0,25.0,39.0,119.0,56.0,4.0,14.0,18.0,22.0,22.0,1.0
258,24.0,15.0,55.0,89.0,16.0,8.0,86.0,7.0,6.0,34.0,88.0,293.0,87.0,14.0,8.0,4.0,12.0,16.0,2.0
259,23.0,25.0,52.0,101.0,18.0,10.0,111.0,4.0,8.0,63.0,92.0,395.0,104.0,12.0,6.0,1.0,9.0,15.0,1.0
260,8.0,4.0,9.0,11.0,8.0,2.0,15.0,26.0,1.0,9.0,15.0,39.0,28.0,22.0,4.0,13.0,4.0,3.0,2.0
261,16.0,6.0,41.0,82.0,16.0,7.0,61.0,12.0,4.0,14.0,66.0,211.0,44.0,10.0,0.0,23.0,15.0,17.0,2.0
262,14.0,7.0,14.0,24.0,9.0,4.0,5.0,30.0,0.0,19.0,12.0,15.0,41.0,6.0,10.0,8.0,17.0,18.0,3.0
263,14.0,2.0,23.0,31.0,11.0,5.0,12.0,27.0,0.0,10.0,16.0,33.0,1.0,5.0,4.0,19.0,23.0,26.0,3.0
264,28.0,16.0,51.0,87.0,13.0,8.0,70.0,9.0,5.0,42.0,69.0,245.0,66.0,3.0,13.0,8.0,22.0,27.0,2.0
265,5.0,12.0,24.0,21.0,9.0,5.0,37.0,19.0,2.0,29.0,40.0,123.0,64.0,20.0,3.0,16.0,5.0,6.0,0.0
266,11.0,9.0,19.0,9.0,6.0,4.0,38.0,19.0,2.0,23.0,44.0,121.0,60.0,26.0,5.0,4.0,3.0,2.0,0.0
267,25.0,13.0,34.0,80.0,14.0,7.0,52.0,14.0,3.0,36.0,58.0,188.0,63.0,4.0,13.0,9.0,22.0,26.0,2.0
268,11.0,6.0,14.0,33.0,13.0,5.0,6.0,29.0,0.0,16.0,9.0,17.0,29.0,2.0,7.0,8.0,24.0,26.0,3.0
269,8.0,4.0,16.0,6.0,6.0,4.0,9.0,29.0,0.0,11.0,12.0,20.0,23.0,20.0,0.0,7.0,5.0,4.0,3.0
270,7.0,12.0,21.0,43.0,22.0,3.0,34.0,19.0,2.0,26.0,38.0,108.0,72.0,21.0,5.0,0.0,5.0,3.0,0.0
271,18.0,14.0,41.0,93.0,19.0,5.0,59.0,12.0,4.0,33.0,66.0,209.0,93.0,7.0,0.0,3.0,19.0,21.0,2.0
272,16.0,10.0,41.0,50.0,14.0,7.0,35.0,19.0,2.0,39.0,34.0,112.0,28.0,5.0,1.0,26.0,21.0,26.0,3.0
273,21.0,12.0,33.0,55.0,16.0,7.0,32.0,20.0,2.0,30.0,30.0,102.0,49.0,5.0,5.0,10.0,23.0,26.0,3.0
274,32.0,24.0,57.0,72.0,4.0,6.0,126.0,0.0,11.0,54.0,121.0,415.0,118.0,24.0,2.0,20.0,5.0,3.0,0.0
275,12.0,11.0,23.0,72.0,28.0,4.0,32.0,19.0,2.0,23.0,36.0,112.0,66.0,10.0,6.0,1.0,18.0,20.0,0.0
276,8.0,13.0,26.0,30.0,12.0,4.0,34.0,19.0,2.0,28.0,36.0,113.0,71.0,16.0,8.0,0.0,9.0,10.0,0.0
277,11.0,8.0,20.0,22.0,8.0,5.0,21.0,24.0,1.0,18.0,23.0,58.0,53.0,15.0,3.0,4.0,4.0,6.0,1.0
278,34.0,21.0,60.0,118.0,21.0,9.0,99.0,5.0,7.0,51.0,93.0,343.0,100.0,9.0,11.0,32.0,13.0,21.0,2.0
279,19.0,4.0,26.0,79.0,24.0,5.0,40.0,16.0,2.0,9.0,40.0,148.0,20.0,8.0,2.0,8.0,21.0,25.0,0.0
280,25.0,11.0,46.0,86.0,15.0,6.0,71.0,9.0,5.0,29.0,69.0,248.0,39.0,7.0,0.0,2.0,17.0,17.0,1.0
281,7.0,10.0,26.0,47.0,18.0,5.0,37.0,18.0,2.0,25.0,47.0,127.0,48.0,17.0,5.0,11.0,9.0,8.0,0.0
282,11.0,13.0,26.0,18.0,10.0,4.0,37.0,19.0,2.0,29.0,39.0,120.0,76.0,23.0,9.0,11.0,4.0,3.0,0.0
283,41.0,20.0,61.0,123.0,20.0,10.0,102.0,5.0,7.0,47.0,98.0,358.0,110.0,8.0,16.0,28.0,16.0,25.0,2.0
284,14.0,13.0,30.0,18.0,5.0,8.0,42.0,18.0,3.0,42.0,40.0,137.0,65.0,19.0,7.0,17.0,7.0,10.0,3.0
285,14.0,15.0,38.0,82.0,17.0,6.0,55.0,13.0,3.0,35.0,57.0,196.0,78.0,5.0,16.0,5.0,19.0,20.0,2.0
286,8.0,8.0,23.0,48.0,18.0,5.0,30.0,20.0,2.0,23.0,37.0,95.0,35.0,12.0,4.0,12.0,12.0,14.0,0.0
287,13.0,10.0,37.0,29.0,8.0,9.0,40.0,18.0,2.0,32.0,43.0,136.0,52.0,14.0,6.0,2.0,9.0,15.0,3.0
288,21.0,14.0,54.0,108.0,22.0,8.0,85.0,7.0,6.0,29.0,87.0,289.0,88.0,14.0,6.0,6.0,11.0,13.0,1.0
289,13.0,4.0,11.0,25.0,15.0,4.0,21.0,24.0,1.0,7.0,20.0,57.0,32.0,24.0,16.0,16.0,4.0,3.0,2.0
290,23.0,5.0,20.0,23.0,8.0,5.0,16.0,25.0,1.0,20.0,29.0,44.0,11.0,10.0,3.0,12.0,15.0,13.0,3.0
291,14.0,12.0,34.0,128.0,31.0,15.0,41.0,18.0,3.0,42.0,68.0,133.0,65.0,31.0,9.0,17.0,7.0,11.0,3.0
292,12.0,9.0,29.0,52.0,18.0,3.0,41.0,16.0,2.0,20.0,53.0,148.0,45.0,17.0,6.0,12.0,13.0,12.0,0.0
293,18.0,3.0,17.0,32.0,10.0,6.0,18.0,24.0,1.0,18.0,27.0,52.0,10.0,8.0,3.0,27.0,17.0,20.0,3.0
294,34.0,22.0,53.0,62.0,4.0,4.0,119.0,1.0,9.0,47.0,116.0,409.0,132.0,25.0,10.0,11.0,8.0,2.0,0.0
295,15.0,5.0,28.0,57.0,17.0,5.0,37.0,17.0,2.0,13.0,37.0,131.0,27.0,7.0,0.0,0.0,19.0,23.0,0.0
296,23.0,19.0,39.0,100.0,22.0,3.0,77.0,7.0,5.0,43.0,79.0,272.0,109.0,16.0,4.0,6.0,18.0,14.0,0.0
297,7.0,4.0,20.0,19.0,7.0,5.0,18.0,26.0,1.0,9.0,17.0,45.0,30.0,13.0,17.0,7.0,7.0,6.0,2.0
298,16.0,7.0,50.0,85.0,17.0,7.0,63.0,12.0,4.0,17.0,63.0,217.0,53.0,7.0,9.0,35.0,19.0,24.0,2.0
299,23.0,7.0,30.0,64.0,14.0,4.0,58.0,11.0,4.0,21.0,66.0,211.0,29.0,13.0,4.0,17.0,23.0,20.0,0.0
300,31.0,20.0,50.0,86.0,13.0,8.0,100.0,5.0,7.0,51.0,91.0,349.0,106.0,14.0,8.0,21.0,12.0,16.0,2.0
301,18.0,10.0,31.0,59.0,12.0,5.0,37.0,18.0,2.0,23.0,51.0,128.0,62.0,9.0,15.0,2.0,17.0,16.0,1.0
302,19.0,4.0,25.0,86.0,25.0,4.0,44.0,15.0,2.0,15.0,53.0,168.0,15.0,11.0,0.0,14.0,24.0,23.0,0.0
303,14.0,3.0,21.0,42.0,13.0,6.0,19.0,24.0,1.0,16.0,22.0,57.0,8.0,3.0,6.0,18.0,25.0,28.0,3.0
304,10.0,12.0,23.0,23.0,11.0,6.0,37.0,19.0,2.0,28.0,40.0,120.0,75.0,20.0,2.0,5.0,5.0,5.0,0.0
305,11.0,12.0,26.0,45.0,16.0,4.0,35.0,18.0,2.0,27.0,39.0,121.0,64.0,12.0,6.0,1.0,13.0,15.0,0.0
306,31.0,15.0,58.0,95.0,14.0,8.0,92.0,6.0,7.0,35.0,94.0,313.0,88.0,11.0,5.0,28.0,14.0,22.0,2.0
307,32.0,19.0,54.0,79.0,10.0,9.0,99.0,5.0,7.0,44.0,84.0,344.0,77.0,7.0,6.0,5.0,13.0,17.0,1.0
308,34.0,18.0,51.0,90.0,12.0,8.0,77.0,8.0,5.0,43.0,77.0,264.0,83.0,5.0,14.0,3.0,20.0,21.0,1.0
309,34.0,15.0,58.0,108.0,15.0,8.0,90.0,6.0,6.0,40.0,89.0,305.0,56.0,6.0,9.0,32.0,19.0,25.0,1.0
310,15.0,17.0,43.0,81.0,14.0,8.0,67.0,10.0,4.0,40.0,78.0,235.0,108.0,10.0,6.0,19.0,15.0,18.0,2.0
311,18.0,12.0,36.0,35.0,9.0,8.0,43.0,17.0,3.0,37.0,49.0,150.0,76.0,16.0,1.0,21.0,8.0,16.0,3.0
312,7.0,8.0,23.0,48.0,17.0,5.0,34.0,19.0,2.0,20.0,41.0,114.0,40.0,13.0,5.0,17.0,11.0,14.0,0.0
313,21.0,19.0,55.0,115.0,20.0,7.0,83.0,7.0,6.0,45.0,84.0,285.0,113.0,8.0,12.0,20.0,16.0,20.0,1.0
314,15.0,9.0,17.0,19.0,8.0,5.0,38.0,19.0,2.0,24.0,42.0,122.0,61.0,22.0,0.0,15.0,4.0,3.0,0.0
315,18.0,7.0,16.0,10.0,2.0,5.0,17.0,26.0,1.0,27.0,29.0,42.0,44.0,19.0,8.0,6.0,8.0,3.0,3.0
316,16.0,8.0,20.0,24.0,9.0,7.0,12.0,27.0,1.0,26.0,28.0,33.0,43.0,13.0,3.0,10.0,15.0,13.0,3.0
317,20.0,12.0,56.0,101.0,17.0,8.0,72.0,10.0,5.0,32.0,69.0,247.0,46.0,5.0,7.0,32.0,22.0,30.0,2.0
318,14.0,4.0,6.0,4.0,7.0,3.0,7.0,30.0,0.0,9.0,7.0,18.0,35.0,23.0,7.0,4.0,5.0,2.0,3.0
319,27.0,18.0,45.0,87.0,13.0,4.0,105.0,4.0,8.0,44.0,109.0,390.0,97.0,21.0,7.0,7.0,12.0,5.0,0.0
320,30.0,21.0,51.0,113.0,22.0,8.0,106.0,4.0,8.0,52.0,99.0,379.0,90.0,14.0,0.0,13.0,11.0,18.0,2.0
321,38.0,24.0,60.0,87.0,9.0,4.0,127.0,0.0,11.0,57.0,126.0,420.0,139.0,26.0,11.0,21.0,6.0,2.0,0.0
322,12.0,10.0,19.0,20.0,9.0,6.0,35.0,20.0,2.0,25.0,38.0,108.0,59.0,26.0,6.0,3.0,4.0,1.0,0.0
323,23.0,18.0,49.0,96.0,19.0,8.0,73.0,9.0,5.0,39.0,74.0,256.0,117.0,9.0,10.0,1.0,15.0,18.0,2.0
324,19.0,5.0,41.0,72.0,13.0,5.0,56.0,13.0,4.0,13.0,57.0,202.0,32.0,7.0,2.0,28.0,19.0,23.0,2.0
325,7.0,11.0,17.0,16.0,7.0,5.0,37.0,19.0,2.0,29.0,35.0,115.0,73.0,22.0,3.0,4.0,3.0,1.0,0.0
326,31.0,16.0,49.0,94.0,14.0,8.0,67.0,10.0,4.0,40.0,66.0,236.0,68.0,3.0,19.0,15.0,26.0,28.0,1.0
327,14.0,11.0,35.0,29.0,7.0,4.0,35.0,19.0,2.0,26.0,39.0,118.0,56.0,9.0,10.0,14.0,12.0,12.0,1.0
328,18.0,10.0,41.0,63.0,19.0,7.0,36.0,19.0,2.0,29.0,33.0,120.0,31.0,6.0,2.0,17.0,20.0,25.0,3.0
329,14.0,5.0,33.0,62.0,12.0,5.0,47.0,15.0,3.0,13.0,55.0,171.0,25.0,9.0,5.0,15.0,16.0,16.0,2.0
330,23.0,11.0,31.0,53.0,16.0,6.0,28.0,21.0,1.0,30.0,29.0,88.0,59.0,4.0,19.0,2.0,25.0,26.0,3.0
331,29.0,19.0,49.0,81.0,12.0,7.0,73.0,9.0,5.0,43.0,73.0,254.0,93.0,8.0,11.0,8.0,17.0,19.0,1.0
332,24.0,24.0,60.0,113.0,19.0,9.0,106.0,4.0,8.0,58.0,100.0,384.0,121.0,11.0,10.0,25.0,12.0,19.0,1.0
333,11.0,9.0,19.0,18.0,7.0,5.0,36.0,19.0,2.0,22.0,40.0,113.0,60.0,26.0,2.0,8.0,4.0,1.0,0.0
334,32.0,24.0,53.0,77.0,8.0,5.0,113.0,2.0,9.0,53.0,107.0,402.0,115.0,18.0,7.0,11.0,11.0,6.0,0.0
335,34.0,21.0,54.0,98.0,16.0,9.0,107.0,4.0,8.0,57.0,96.0,381.0,101.0,12.0,6.0,14.0,11.0,19.0,2.0
336,14.0,11.0,29.0,18.0,7.0,8.0,42.0,18.0,3.0,33.0,32.0,138.0,64.0,17.0,12.0,12.0,8.0,12.0,3.0
337,24.0,18.0,41.0,81.0,15.0,3.0,88.0,6.0,6.0,40.0,89.0,306.0,107.0,18.0,8.0,26.0,15.0,9.0,0.0
338,22.0,12.0,44.0,54.0,16.0,8.0,37.0,19.0,2.0,30.0,35.0,120.0,59.0,6.0,18.0,20.0,21.0,24.0,3.0
339,12.0,8.0,26.0,51.0,17.0,5.0,37.0,18.0,2.0,20.0,44.0,127.0,40.0,14.0,3.0,8.0,14.0,13.0,0.0
340,14.0,7.0,25.0,48.0,16.0,5.0,32.0,19.0,2.0,17.0,44.0,107.0,33.0,13.0,4.0,10.0,16.0,15.0,0.0
341,11.0,7.0,28.0,39.0,15.0,4.0,26.0,22.0,1.0,17.0,27.0,79.0,50.0,13.0,3.0,21.0,7.0,9.0,1.0
342,8.0,4.0,9.0,24.0,14.0,2.0,21.0,24.0,1.0,9.0,21.0,62.0,29.0,26.0,3.0,6.0,4.0,2.0,2.0
343,27.0,21.0,52.0,83.0,11.0,8.0,107.0,4.0,8.0,53.0,91.0,387.0,91.0,12.0,13.0,6.0,13.0,17.0,1.0
344,24.0,22.0,52.0,112.0,21.0,8.0,109.0,4.0,8.0,60.0,95.0,393.0,101.0,15.0,11.0,20.0,11.0,15.0,1.0
345,26.0,21.0,57.0,81.0,10.0,5.0,114.0,2.0,9.0,46.0,111.0,403.0,135.0,22.0,6.0,14.0,9.0,4.0,0.0
346,42.0,19.0,61.0,121.0,18.0,10.0,97.0,5.0,7.0,45.0,95.0,337.0,108.0,7.0,21.0,25.0,18.0,24.0,2.0
347,13.0,11.0,30.0,60.0,12.0,4.0,37.0,18.0,2.0,27.0,44.0,129.0,65.0,5.0,9.0,12.0,26.0,27.0,1.0
348,20.0,11.0,37.0,51.0,15.0,8.0,31.0,20.0,2.0,30.0,32.0,98.0,54.0,5.0,10.0,6.0,23.0,25.0,3.0
349,14.0,7.0,22.0,40.0,11.0,4.0,18.0,24.0,1.0,19.0,24.0,52.0,39.0,2.0,16.0,6.0,27.0,28.0,1.0
350,22.0,13.0,52.0,103.0,19.0,6.0,77.0,9.0,5.0,33.0,75.0,262.0,57.0,7.0,1.0,32.0,15.0,19.0,1.0
351,13.0,5.0,12.0,30.0,13.0,3.0,34.0,20.0,2.0,13.0,32.0,105.0,45.0,27.0,12.0,0.0,4.0,2.0,2.0
352,16.0,13.0,31.0,41.0,14.0,7.0,33.0,19.0,2.0,34.0,37.0,109.0,87.0,11.0,13.0,11.0,13.0,19.0,3.0
353,6.0,14.0,22.0,39.0,17.0,4.0,37.0,18.0,2.0,29.0,40.0,126.0,83.0,16.0,5.0,0.0,7.0,7.0,0.0
354,23.0,17.0,43.0,85.0,16.0,7.0,63.0,11.0,4.0,37.0,64.0,222.0,85.0,6.0,10.0,1.0,17.0,20.0,2.0
355,18.0,9.0,41.0,81.0,15.0,8.0,68.0,10.0,4.0,23.0,75.0,237.0,56.0,11.0,3.0,12.0,13.0,16.0,1.0
356,16.0,12.0,29.0,64.0,22.0,5.0,36.0,18.0,2.0,26.0,39.0,126.0,67.0,10.0,12.0,1.0,19.0,20.0,0.0
357,34.0,16.0,60.0,86.0,12.0,8.0,92.0,6.0,7.0,38.0,92.0,313.0,101.0,11.0,13.0,31.0,15.0,21.0,2.0
358,12.0,12.0,35.0,57.0,13.0,6.0,42.0,16.0,2.0,26.0,50.0,152.0,62.0,11.0,2.0,2.0,14.0,15.0,1.0
359,25.0,16.0,49.0,99.0,16.0,7.0,71.0,9.0,5.0,38.0,69.0,246.0,64.0,3.0,3.0,5.0,21.0,24.0,1.0
360,33.0,19.0,60.0,75.0,8.0,10.0,101.0,5.0,7.0,53.0,96.0,355.0,102.0,13.0,10.0,28.0,13.0,20.0,2.0
361,26.0,13.0,56.0,88.0,14.0,8.0,83.0,8.0,6.0,32.0,80.0,279.0,83.0,7.0,7.0,37.0,16.0,24.0,2.0
362,20.0,14.0,34.0,69.0,12.0,5.0,54.0,13.0,3.0,34.0,65.0,194.0,73.0,8.0,4.0,4.0,15.0,17.0,2.0
363,14.0,14.0,38.0,40.0,11.0,8.0,39.0,18.0,2.0,33.0,44.0,135.0,74.0,15.0,13.0,7.0,10.0,16.0,3.0
364,12.0,12.0,30.0,46.0,12.0,5.0,40.0,18.0,2.0,27.0,50.0,136.0,60.0,16.0,15.0,14.0,8.0,8.0,1.0
365,33.0,21.0,56.0,96.0,15.0,9.0,87.0,7.0,6.0,46.0,83.0,296.0,120.0,9.0,12.0,3.0,14.0,19.0,2.0
366,15.0,14.0,38.0,42.0,13.0,8.0,41.0,17.0,2.0,37.0,48.0,141.0,74.0,16.0,1.0,5.0,9.0,15.0,3.0
367,7.0,4.0,13.0,27.0,16.0,5.0,21.0,25.0,1.0,10.0,20.0,56.0,31.0,23.0,11.0,24.0,3.0,4.0,2.0
368,9.0,12.0,21.0,41.0,17.0,4.0,32.0,20.0,2.0,24.0,37.0,103.0,68.0,16.0,5.0,1.0,7.0,6.0,0.0
369,14.0,14.0,34.0,49.0,10.0,6.0,47.0,15.0,3.0,31.0,56.0,170.0,85.0,13.0,9.0,15.0,11.0,12.0,1.0
370,21.0,8.0,30.0,70.0,17.0,3.0,63.0,10.0,4.0,16.0,72.0,231.0,36.0,15.0,0.0,4.0,20.0,17.0,0.0
371,22.0,12.0,25.0,80.0,24.0,3.0,47.0,14.0,3.0,26.0,47.0,178.0,74.0,11.0,7.0,7.0,20.0,22.0,0.0
372,22.0,14.0,40.0,57.0,17.0,7.0,42.0,17.0,3.0,31.0,42.0,145.0,70.0,9.0,1.0,13.0,16.0,21.0,3.0
373,21.0,14.0,30.0,97.0,25.0,4.0,53.0,12.0,3.0,32.0,57.0,198.0,70.0,10.0,6.0,16.0,23.0,22.0,0.0
374,12.0,3.0,8.0,10.0,11.0,2.0,5.0,31.0,0.0,7.0,7.0,11.0,26.0,26.0,9.0,15.0,4.0,2.0,3.0
375,34.0,19.0,48.0,82.0,11.0,2.0,112.0,3.0,8.0,40.0,113.0,400.0,105.0,23.0,0.0,19.0,11.0,5.0,0.0
376,29.0,18.0,59.0,86.0,12.0,9.0,102.0,5.0,7.0,45.0,99.0,360.0,91.0,13.0,15.0,22.0,14.0,20.0,2.0
377,12.0,4.0,14.0,25.0,10.0,4.0,14.0,26.0,1.0,11.0,23.0,38.0,20.0,12.0,1.0,14.0,10.0,11.0,2.0
378,7.0,3.0,9.0,10.0,6.0,5.0,11.0,28.0,1.0,8.0,15.0,29.0,16.0,19.0,1.0,5.0,4.0,3.0,2.0
379,30.0,23.0,50.0,102.0,17.0,9.0,102.0,5.0,7.0,55.0,92.0,361.0,104.0,13.0,2.0,19.0,12.0,18.0,1.0
380,5.0,6.0,14.0,15.0,9.0,4.0,25.0,23.0,1.0,13.0,20.0,71.0,30.0,21.0,0.0,5.0,3.0,5.0,1.0
381,31.0,21.0,51.0,120.0,20.0,2.0,121.0,1.0,10.0,44.0,123.0,413.0,140.0,29.0,5.0,11.0,6.0,1.0,0.0
382,6.0,13.0,24.0,34.0,14.0,5.0,39.0,18.0,2.0,30.0,46.0,133.0,78.0,21.0,1.0,14.0,6.0,6.0,0.0
383,25.0,18.0,60.0,117.0,20.0,7.0,102.0,4.0,7.0,44.0,104.0,367.0,94.0,13.0,6.0,18.0,13.0,18.0,1.0
384,13.0,11.0,24.0,38.0,9.0,6.0,28.0,22.0,2.0,25.0,28.0,84.0,62.0,9.0,7.0,18.0,12.0,16.0,1.0
385,19.0,16.0,40.0,52.0,17.0,8.0,43.0,17.0,3.0,40.0,48.0,149.0,91.0,16.0,4.0,0.0,7.0,13.0,3.0
386,24.0,10.0,42.0,88.0,16.0,6.0,71.0,9.0,5.0,26.0,77.0,248.0,54.0,9.0,6.0,13.0,15.0,18.0,2.0
387,15.0,14.0,38.0,38.0,11.0,7.0,38.0,18.0,2.0,37.0,44.0,131.0,72.0,14.0,4.0,2.0,10.0,16.0,3.0
388,19.0,14.0,38.0,133.0,36.0,18.0,41.0,17.0,2.0,37.0,127.0,140.0,75.0,38.0,12.0,9.0,12.0,15.0,3.0
389,25.0,24.0,58.0,100.0,16.0,9.0,112.0,4.0,8.0,62.0,100.0,397.0,93.0,13.0,6.0,19.0,10.0,17.0,1.0
390,11.0,9.0,19.0,6.0,3.0,6.0,38.0,19.0,2.0,23.0,38.0,118.0,59.0,26.0,4.0,16.0,3.0,2.0,0.0
391,16.0,5.0,23.0,53.0,19.0,14.0,26.0,21.0,1.0,21.0,31.0,84.0,18.0,8.0,4.0,11.0,16.0,21.0,3.0
392,18.0,11.0,43.0,59.0,18.0,8.0,39.0,18.0,2.0,38.0,39.0,134.0,31.0,7.0,9.0,17.0,18.0,22.0,3.0
393,11.0,14.0,28.0,58.0,21.0,4.0,40.0,17.0,2.0,28.0,45.0,142.0,78.0,15.0,7.0,3.0,12.0,13.0,0.0
394,15.0,16.0,36.0,80.0,16.0,5.0,62.0,11.0,4.0,36.0,72.0,219.0,110.0,11.0,1.0,2.0,13.0,14.0,2.0
395,22.0,4.0,29.0,62.0,13.0,6.0,47.0,15.0,3.0,13.0,58.0,173.0,24.0,13.0,0.0,0.0,12.0,11.0,1.0
396,33.0,24.0,57.0,70.0,4.0,3.0,125.0,0.0,11.0,52.0,124.0,418.0,139.0,28.0,11.0,2.0,6.0,0.0,0.0
397,14.0,8.0,28.0,55.0,19.0,3.0,39.0,17.0,2.0,18.0,44.0,138.0,42.0,13.0,2.0,0.0,12.0,14.0,0.0
398,23.0,5.0,23.0,79.0,21.0,4.0,50.0,13.0,3.0,18.0,58.0,186.0,17.0,12.0,3.0,17.0,24.0,22.0,0.0
399,12.0,9.0,18.0,43.0,17.0,8.0,19.0,24.0,1.0,23.0,26.0,57.0,47.0,8.0,7.0,0.0,17.0,20.0,3.0
400,32.0,20.0,59.0,106.0,17.0,10.0,91.0,6.0,6.0,45.0,83.0,307.0,90.0,6.0,21.0,22.0,18.0,24.0,2.0
401,10.0,4.0,33.0,51.0,12.0,6.0,39.0,18.0,2.0,8.0,48.0,134.0,24.0,10.0,6.0,21.0,15.0,16.0,1.0
402,26.0,19.0,56.0,55.0,6.0,8.0,97.0,5.0,7.0,45.0,93.0,338.0,92.0,15.0,12.0,11.0,10.0,13.0,1.0
403,21.0,6.0,30.0,53.0,15.0,6.0,26.0,21.0,1.0,32.0,30.0,82.0,12.0,3.0,15.0,3.0,25.0,27.0,3.0
404,28.0,15.0,52.0,97.0,15.0,10.0,85.0,7.0,6.0,40.0,82.0,286.0,52.0,7.0,8.0,22.0,16.0,21.0,1.0
405,13.0,7.0,26.0,66.0,21.0,5.0,36.0,18.0,2.0,19.0,43.0,127.0,39.0,10.0,2.0,20.0,20.0,19.0,0.0
406,5.0,5.0,18.0,23.0,12.0,6.0,20.0,25.0,1.0,8.0,21.0,51.0,23.0,17.0,1.0,23.0,3.0,7.0,1.0
407,16.0,5.0,28.0,29.0,6.0,4.0,30.0,21.0,2.0,13.0,34.0,91.0,37.0,10.0,1.0,7.0,10.0,10.0,2.0
408,11.0,12.0,24.0,48.0,19.0,5.0,32.0,19.0,2.0,26.0,36.0,108.0,64.0,13.0,5.0,6.0,13.0,15.0,0.0
409,11.0,5.0,39.0,68.0,13.0,7.0,56.0,13.0,4.0,16.0,60.0,200.0,26.0,9.0,1.0,28.0,15.0,18.0,2.0
410,14.0,12.0,30.0,81.0,17.0,7.0,47.0,15.0,3.0,33.0,59.0,172.0,62.0,7.0,4.0,2.0,18.0,20.0,2.0
411,3.0,3.0,6.0,9.0,9.0,2.0,7.0,31.0,0.0,6.0,4.0,15.0,23.0,25.0,1.0,12.0,1.0,3.0,1.0
412,5.0,10.0,24.0,26.0,13.0,5.0,36.0,19.0,2.0,28.0,39.0,116.0,64.0,22.0,6.0,15.0,4.0,3.0,0.0
413,13.0,3.0,31.0,53.0,15.0,4.0,26.0,22.0,1.0,5.0,30.0,77.0,17.0,7.0,4.0,35.0,18.0,21.0,1.0
414,10.0,12.0,35.0,26.0,9.0,9.0,45.0,17.0,3.0,38.0,39.0,148.0,61.0,17.0,10.0,21.0,7.0,12.0,3.0
415,26.0,20.0,59.0,77.0,7.0,10.0,101.0,5.0,7.0,54.0,87.0,353.0,75.0,9.0,4.0,24.0,14.0,20.0,1.0
416,14.0,11.0,23.0,51.0,17.0,4.0,27.0,21.0,1.0,25.0,33.0,87.0,61.0,7.0,9.0,11.0,17.0,18.0,0.0
417,21.0,3.0,27.0,76.0,23.0,4.0,35.0,17.0,2.0,9.0,47.0,127.0,15.0,10.0,0.0,17.0,25.0,24.0,0.0
418,12.0,10.0,23.0,62.0,25.0,5.0,38.0,18.0,2.0,27.0,46.0,127.0,59.0,17.0,6.0,12.0,8.0,6.0,0.0
419,18.0,1.0,25.0,37.0,9.0,4.0,19.0,24.0,1.0,5.0,27.0,55.0,13.0,4.0,5.0,20.0,24.0,25.0,2.0
420,21.0,6.0,12.0,10.0,4.0,4.0,19.0,26.0,1.0,21.0,23.0,48.0,38.0,27.0,6.0,0.0,5.0,1.0,3.0
421,23.0,15.0,52.0,88.0,14.0,9.0,92.0,5.0,6.0,34.0,94.0,324.0,81.0,12.0,5.0,7.0,13.0,15.0,1.0
422,15.0,1.0,20.0,51.0,12.0,5.0,26.0,21.0,1.0,6.0,34.0,86.0,6.0,2.0,1.0,3.0,25.0,26.0,2.0
423,10.0,12.0,23.0,13.0,7.0,5.0,35.0,19.0,2.0,27.0,38.0,112.0,74.0,22.0,8.0,4.0,5.0,3.0,0.0
424,16.0,8.0,46.0,90.0,18.0,7.0,68.0,10.0,4.0,19.0,69.0,237.0,41.0,7.0,11.0,24.0,17.0,19.0,1.0
425,14.0,3.0,22.0,35.0,10.0,5.0,21.0,24.0,1.0,8.0,23.0,58.0,16.0,7.0,3.0,36.0,17.0,22.0,1.0
426,31.0,20.0,50.0,96.0,16.0,9.0,105.0,4.0,8.0,49.0,95.0,373.0,102.0,12.0,10.0,24.0,12.0,16.0,1.0
427,11.0,5.0,42.0,69.0,12.0,7.0,55.0,13.0,3.0,14.0,59.0,197.0,36.0,8.0,7.0,33.0,17.0,21.0,1.0
428,37.0,17.0,55.0,90.0,11.0,9.0,93.0,6.0,7.0,41.0,90.0,317.0,74.0,8.0,15.0,22.0,15.0,21.0,2.0
429,9.0,4.0,23.0,38.0,15.0,7.0,22.0,22.0,1.0,16.0,28.0,70.0,28.0,9.0,11.0,9.0,18.0,21.0,3.0
430,29.0,20.0,59.0,99.0,14.0,9.0,102.0,5.0,7.0,50.0,93.0,360.0,97.0,8.0,0.0,9.0,12.0,20.0,2.0
431,24.0,14.0,44.0,119.0,27.0,3.0,87.0,6.0,6.0,30.0,100.0,309.0,74.0,20.0,4.0,11.0,16.0,10.0,0.0
432,9.0,5.0,36.0,34.0,7.0,5.0,35.0,19.0,2.0,14.0,46.0,113.0,37.0,15.0,6.0,29.0,9.0,10.0,2.0
433,10.0,9.0,23.0,23.0,9.0,5.0,36.0,19.0,2.0,27.0,46.0,114.0,60.0,23.0,10.0,14.0,5.0,4.0,0.0
434,29.0,18.0,56.0,61.0,7.0,8.0,93.0,6.0,7.0,44.0,87.0,319.0,109.0,13.0,9.0,20.0,11.0,16.0,2.0
435,10.0,4.0,21.0,38.0,13.0,4.0,16.0,25.0,1.0,12.0,19.0,46.0,10.0,6.0,3.0,14.0,19.0,22.0,3.0
436,18.0,9.0,18.0,16.0,4.0,5.0,21.0,25.0,1.0,26.0,33.0,54.0,43.0,19.0,16.0,12.0,9.0,4.0,3.0
437,9.0,7.0,24.0,24.0,8.0,5.0,36.0,19.0,2.0,16.0,36.0,116.0,53.0,21.0,12.0,1.0,4.0,5.0,1.0
438,16.0,16.0,39.0,88.0,16.0,6.0,63.0,11.0,4.0,38.0,70.0,223.0,89.0,8.0,7.0,5.0,16.0,17.0,1.0
439,23.0,14.0,60.0,95.0,12.0,9.0,84.0,8.0,6.0,36.0,74.0,283.0,53.0,2.0,1.0,33.0,18.0,27.0,2.0
440,26.0,18.0,50.0,87.0,13.0,8.0,80.0,8.0,5.0,43.0,86.0,274.0,107.0,8.0,0.0,10.0,16.0,20.0,2.0
441,15.0,14.0,26.0,29.0,11.0,9.0,47.0,16.0,3.0,35.0,41.0,162.0,73.0,18.0,11.0,8.0,7.0,10.0,3.0
442,16.0,3.0,14.0,19.0,9.0,4.0,6.0,30.0,0.0,12.0,8.0,16.0,7.0,8.0,6.0,14.0,16.0,17.0,3.0
443,24.0,17.0,41.0,97.0,17.0,8.0,70.0,9.0,5.0,41.0,76.0,244.0,81.0,7.0,12.0,11.0,18.0,20.0,1.0
444,27.0,20.0,52.0,127.0,25.0,2.0,116.0,2.0,9.0,45.0,118.0,405.0,127.0,26.0,7.0,22.0,8.0,3.0,0.0
445,14.0,13.0,27.0,28.0,12.0,7.0,43.0,18.0,3.0,40.0,39.0,142.0,65.0,20.0,12.0,3.0,8.0,10.0,3.0
446,26.0,19.0,52.0,90.0,15.0,7.0,73.0,9.0,5.0,44.0,75.0,253.0,91.0,8.0,14.0,15.0,17.0,21.0,2.0
447,20.0,24.0,55.0,121.0,27.0,8.0,97.0,5.0,7.0,57.0,91.0,339.0,111.0,15.0,0.0,4.0,10.0,12.0,1.0
448,26.0,20.0,44.0,87.0,18.0,4.0,89.0,6.0,6.0,43.0,98.0,314.0,102.0,19.0,5.0,14.0,16.0,11.0,0.0
449,16.0,6.0,35.0,57.0,21.0,8.0,29.0,20.0,2.0,19.0,33.0,94.0,46.0,9.0,13.0,9.0,15.0,20.0,3.0
450,16.0,13.0,28.0,78.0,28.0,5.0,40.0,16.0,2.0,29.0,47.0,148.0,80.0,13.0,8.0,8.0,16.0,18.0,0.0
451,19.0,4.0,27.0,62.0,12.0,5.0,48.0,15.0,3.0,15.0,47.0,175.0,18.0,4.0,6.0,6.0,22.0,23.0,1.0
452,17.0,5.0,27.0,71.0,15.0,7.0,47.0,15.0,3.0,17.0,50.0,170.0,20.0,4.0,7.0,29.0,21.0,25.0,1.0
453,20.0,10.0,24.0,52.0,17.0,4.0,31.0,19.0,2.0,23.0,38.0,108.0,59.0,8.0,8.0,4.0,19.0,19.0,0.0
454,31.0,19.0,52.0,106.0,17.0,9.0,86.0,7.0,6.0,40.0,81.0,295.0,92.0,6.0,2.0,4.0,16.0,23.0,2.0
455,6.0,10.0,21.0,32.0,15.0,5.0,35.0,20.0,2.0,27.0,41.0,109.0,59.0,24.0,1.0,14.0,4.0,3.0,0.0
456,17.0,10.0,23.0,17.0,5.0,4.0,25.0,23.0,1.0,26.0,33.0,72.0,60.0,20.0,4.0,16.0,7.0,4.0,3.0
457,8.0,12.0,26.0,54.0,21.0,6.0,28.0,20.0,1.0,26.0,38.0,91.0,67.0,12.0,10.0,3.0,15.0,18.0,3.0
458,28.0,24.0,56.0,114.0,22.0,9.0,103.0,4.0,7.0,55.0,93.0,369.0,134.0,14.0,10.0,2.0,11.0,14.0,1.0
459,23.0,9.0,43.0,85.0,14.0,7.0,64.0,11.0,4.0,26.0,58.0,228.0,26.0,2.0,3.0,8.0,23.0,27.0,2.0
460,15.0,8.0,16.0,40.0,13.0,4.0,14.0,26.0,1.0,23.0,18.0,40.0,45.0,2.0,13.0,4.0,25.0,27.0,3.0
461,31.0,19.0,58.0,104.0,15.0,6.0,85.0,7.0,6.0,43.0,85.0,292.0,88.0,8.0,9.0,17.0,18.0,20.0,1.0
462,22.0,14.0,34.0,76.0,17.0,6.0,54.0,13.0,3.0,32.0,62.0,195.0,70.0,11.0,11.0,2.0,16.0,17.0,1.0
463,10.0,7.0,20.0,14.0,5.0,2.0,38.0,18.0,2.0,15.0,39.0,126.0,51.0,28.0,13.0,3.0,4.0,2.0,1.0
464,25.0,16.0,33.0,99.0,23.0,4.0,68.0,9.0,4.0,38.0,73.0,244.0,86.0,14.0,3.0,13.0,22.0,18.0,0.0
465,7.0,10.0,24.0,47.0,21.0,5.0,36.0,19.0,2.0,25.0,40.0,116.0,61.0,19.0,7.0,11.0,5.0,5.0,0.0
466,3.0,10.0,23.0,40.0,18.0,6.0,33.0,20.0,2.0,27.0,38.0,105.0,56.0,18.0,1.0,12.0,5.0,5.0,0.0
467,21.0,21.0,55.0,68.0,11.0,8.0,100.0,5.0,7.0,57.0,88.0,350.0,110.0,16.0,13.0,23.0,10.0,13.0,1.0
468,30.0,18.0,59.0,94.0,15.0,9.0,105.0,4.0,8.0,45.0,99.0,374.0,90.0,13.0,12.0,16.0,13.0,19.0,2.0
469,17.0,7.0,16.0,37.0,12.0,6.0,13.0,26.0,0.0,21.0,18.0,36.0,38.0,3.0,13.0,1.0,28.0,29.0,3.0
470,16.0,11.0,20.0,44.0,16.0,5.0,23.0,22.0,1.0,28.0,35.0,70.0,55.0,13.0,1.0,9.0,12.0,13.0,3.0
471,29.0,22.0,60.0,122.0,20.0,10.0,103.0,4.0,7.0,56.0,97.0,369.0,113.0,8.0,8.0,22.0,15.0,21.0,1.0
472,30.0,17.0,46.0,66.0,7.0,2.0,107.0,4.0,8.0,41.0,110.0,392.0,94.0,24.0,4.0,12.0,10.0,3.0,0.0
473,32.0,23.0,56.0,95.0,14.0,9.0,106.0,4.0,8.0,61.0,100.0,384.0,100.0,13.0,15.0,1.0,13.0,15.0,1.0
474,7.0,7.0,26.0,34.0,10.0,6.0,39.0,18.0,2.0,15.0,42.0,128.0,41.0,16.0,11.0,9.0,5.0,6.0,1.0
475,22.0,22.0,55.0,112.0,24.0,7.0,96.0,6.0,7.0,53.0,89.0,328.0,111.0,15.0,1.0,24.0,10.0,15.0,2.0
476,26.0,22.0,52.0,76.0,10.0,11.0,110.0,4.0,8.0,59.0,92.0,394.0,92.0,12.0,5.0,10.0,10.0,17.0,1.0
477,14.0,13.0,31.0,43.0,16.0,9.0,46.0,17.0,3.0,42.0,39.0,153.0,64.0,14.0,5.0,9.0,9.0,13.0,3.0
478,19.0,12.0,42.0,106.0,24.0,3.0,71.0,9.0,5.0,27.0,71.0,256.0,70.0,12.0,4.0,13.0,19.0,17.0,0.0
479,11.0,9.0,18.0,15.0,7.0,4.0,34.0,20.0,2.0,25.0,39.0,105.0,59.0,28.0,1.0,3.0,3.0,1.0,0.0
480,29.0,22.0,51.0,94.0,19.0,8.0,99.0,5.0,7.0,55.0,91.0,348.0,109.0,15.0,1.0,1.0,9.0,13.0,2.0
481,29.0,21.0,44.0,102.0,20.0,9.0,103.0,5.0,7.0,52.0,90.0,362.0,84.0,15.0,4.0,21.0,11.0,15.0,1.0
482,19.0,13.0,32.0,74.0,15.0,6.0,53.0,14.0,3.0,30.0,59.0,191.0,81.0,8.0,12.0,15.0,15.0,17.0,1.0
483,11.0,5.0,29.0,36.0,12.0,6.0,28.0,21.0,1.0,13.0,36.0,89.0,26.0,12.0,5.0,10.0,13.0,15.0,3.0
484,15.0,15.0,31.0,36.0,13.0,9.0,47.0,17.0,3.0,41.0,41.0,160.0,74.0,16.0,2.0,2.0,8.0,12.0,3.0
485,8.0,13.0,24.0,49.0,23.0,4.0,37.0,18.0,2.0,29.0,43.0,124.0,86.0,21.0,3.0,11.0,5.0,5.0,0.0
486,29.0,24.0,54.0,115.0,25.0,10.0,106.0,4.0,8.0,59.0,90.0,379.0,106.0,13.0,11.0,12.0,10.0,14.0,1.0
487,18.0,12.0,34.0,70.0,17.0,5.0,46.0,15.0,3.0,29.0,49.0,167.0,76.0,11.0,11.0,11.0,16.0,18.0,2.0
488,7.0,6.0,39.0,33.0,7.0,5.0,39.0,19.0,2.0,16.0,43.0,124.0,27.0,12.0,11.0,18.0,7.0,8.0,1.0
489,27.0,18.0,59.0,86.0,10.0,8.0,97.0,5.0,7.0,44.0,86.0,332.0,72.0,7.0,7.0,21.0,15.0,20.0,1.0
490,33.0,21.0,60.0,82.0,10.0,9.0,105.0,5.0,8.0,56.0,96.0,372.0,102.0,11.0,12.0,23.0,13.0,20.0,2.0
491,22.0,12.0,29.0,68.0,13.0,7.0,43.0,16.0,3.0,31.0,49.0,156.0,57.0,4.0,16.0,12.0,22.0,25.0,2.0
492,10.0,10.0,20.0,23.0,10.0,4.0,37.0,19.0,2.0,25.0,42.0,119.0,56.0,27.0,4.0,9.0,4.0,2.0,0.0
493,27.0,21.0,50.0,70.0,9.0,8.0,104.0,5.0,8.0,53.0,86.0,369.0,111.0,13.0,5.0,17.0,10.0,15.0,1.0
494,31.0,21.0,56.0,57.0,1.0,3.0,120.0,1.0,10.0,47.0,119.0,410.0,128.0,25.0,12.0,1.0,5.0,1.0,0.0
495,19.0,12.0,25.0,72.0,22.0,4.0,42.0,15.0,2.0,26.0,50.0,159.0,79.0,10.0,5.0,5.0,17.0,17.0,0.0
496,31.0,22.0,50.0,117.0,21.0,9.0,100.0,5.0,7.0,52.0,89.0,347.0,102.0,9.0,2.0,29.0,13.0,20.0,1.0
497,19.0,10.0,35.0,29.0,7.0,8.0,41.0,17.0,2.0,31.0,45.0,145.0,49.0,15.0,1.0,6.0,10.0,16.0,3.0
498,13.0,3.0,8.0,6.0,10.0,1.0,5.0,31.0,0.0,10.0,6.0,10.0,24.0,29.0,7.0,14.0,4.0,2.0,3.0
499,27.0,21.0,50.0,60.0,6.0,8.0,102.0,5.0,7.0,56.0,95.0,358.0,111.0,13.0,0.0,31.0,11.0,17.0,1.0
500,26.0,23.0,51.0,97.0,15.0,10.0,112.0,4.0,8.0,60.0,98.0,398.0,92.0,14.0,0.0,11.0,10.0,16.0,1.0
501,30.0,21.0,49.0,78.0,10.0,8.0,104.0,4.0,8.0,52.0,98.0,369.0,105.0,16.0,5.0,12.0,11.0,14.0,1.0
502,11.0,3.0,20.0,21.0,10.0,6.0,17.0,26.0,1.0,9.0,17.0,45.0,27.0,17.0,5.0,27.0,7.0,6.0,1.0
503,16.0,6.0,25.0,26.0,8.0,5.0,32.0,20.0,2.0,14.0,39.0,100.0,37.0,18.0,9.0,18.0,8.0,8.0,2.0
504,22.0,13.0,47.0,102.0,20.0,8.0,80.0,8.0,5.0,29.0,91.0,275.0,82.0,11.0,0.0,14.0,12.0,16.0,1.0
505,40.0,20.0,51.0,98.0,17.0,9.0,105.0,4.0,8.0,48.0,96.0,373.0,102.0,12.0,21.0,11.0,13.0,18.0,2.0
506,26.0,18.0,62.0,94.0,12.0,9.0,99.0,6.0,7.0,44.0,90.0,336.0,82.0,6.0,0.0,36.0,14.0,25.0,2.0
507,18.0,2.0,31.0,55.0,13.0,6.0,36.0,19.0,2.0,7.0,41.0,117.0,25.0,8.0,2.0,33.0,15.0,17.0,1.0
508,20.0,13.0,45.0,52.0,16.0,9.0,46.0,16.0,3.0,39.0,45.0,158.0,59.0,11.0,7.0,21.0,13.0,19.0,3.0
509,26.0,22.0,56.0,75.0,12.0,8.0,100.0,5.0,7.0,59.0,88.0,346.0,111.0,15.0,12.0,26.0,10.0,14.0,1.0
510,11.0,10.0,23.0,19.0,9.0,4.0,34.0,20.0,2.0,27.0,35.0,103.0,59.0,27.0,6.0,9.0,3.0,1.0,0.0
511,13.0,5.0,30.0,49.0,9.0,5.0,49.0,15.0,3.0,11.0,53.0,176.0,28.0,8.0,1.0,9.0,16.0,17.0,1.0
512,28.0,21.0,58.0,82.0,9.0,9.0,108.0,4.0,8.0,56.0,92.0,388.0,88.0,11.0,0.0,29.0,11.0,20.0,1.0
513,20.0,4.0,24.0,64.0,14.0,7.0,43.0,17.0,3.0,16.0,47.0,151.0,13.0,4.0,5.0,39.0,20.0,27.0,2.0
514,14.0,5.0,27.0,31.0,12.0,5.0,22.0,23.0,1.0,15.0,36.0,68.0,16.0,13.0,7.0,7.0,13.0,12.0,3.0
515,1.0,5.0,12.0,18.0,11.0,3.0,19.0,25.0,1.0,9.0,21.0,51.0,33.0,28.0,0.0,21.0,1.0,3.0,1.0
516,17.0,9.0,28.0,65.0,13.0,6.0,33.0,19.0,2.0,24.0,43.0,108.0,48.0,3.0,22.0,10.0,29.0,30.0,1.0
517,32.0,21.0,59.0,121.0,21.0,10.0,103.0,5.0,8.0,52.0,90.0,364.0,112.0,8.0,13.0,25.0,14.0,23.0,2.0
518,10.0,7.0,28.0,30.0,9.0,5.0,38.0,18.0,2.0,16.0,42.0,125.0,48.0,17.0,7.0,16.0,6.0,6.0,2.0
519,13.0,6.0,29.0,48.0,15.0,6.0,23.0,22.0,1.0,19.0,25.0,71.0,12.0,4.0,3.0,6.0,25.0,28.0,3.0
520,14.0,7.0,42.0,67.0,11.0,6.0,63.0,11.0,4.0,15.0,69.0,221.0,43.0,11.0,7.0,18.0,13.0,15.0,2.0
521,18.0,7.0,26.0,32.0,11.0,4.0,22.0,23.0,1.0,20.0,35.0,66.0,25.0,14.0,0.0,0.0,11.0,7.0,3.0
522,14.0,3.0,22.0,55.0,16.0,4.0,26.0,22.0,1.0,13.0,33.0,80.0,14.0,7.0,1.0,37.0,17.0,23.0,2.0
523,15.0,10.0,34.0,123.0,30.0,16.0,36.0,19.0,2.0,31.0,68.0,118.0,52.0,32.0,5.0,9.0,10.0,15.0,3.0
524,30.0,19.0,58.0,100.0,13.0,9.0,103.0,5.0,7.0,49.0,88.0,365.0,85.0,7.0,0.0,20.0,15.0,22.0,1.0
525,17.0,12.0,29.0,55.0,10.0,5.0,45.0,15.0,3.0,29.0,53.0,165.0,65.0,10.0,8.0,10.0,14.0,14.0,2.0
526,22.0,11.0,48.0,95.0,19.0,7.0,73.0,9.0,5.0,26.0,83.0,252.0,63.0,13.0,15.0,11.0,14.0,16.0,2.0
527,34.0,16.0,54.0,79.0,10.0,9.0,91.0,6.0,6.0,38.0,79.0,310.0,74.0,6.0,12.0,21.0,16.0,20.0,1.0
528,20.0,14.0,26.0,88.0,23.0,5.0,53.0,12.0,3.0,34.0,53.0,199.0,73.0,10.0,9.0,19.0,24.0,25.0,0.0
529,11.0,10.0,15.0,12.0,6.0,6.0,36.0,20.0,2.0,26.0,38.0,112.0,60.0,26.0,8.0,8.0,3.0,1.0,0.0
530,13.0,15.0,43.0,71.0,13.0,6.0,61.0,12.0,4.0,34.0,68.0,214.0,86.0,9.0,13.0,16.0,16.0,18.0,2.0
531,32.0,22.0,54.0,60.0,2.0,5.0,123.0,1.0,11.0,54.0,119.0,412.0,124.0,24.0,5.0,30.0,3.0,5.0,0.0
532,29.0,16.0,56.0,102.0,14.0,9.0,92.0,6.0,7.0,39.0,84.0,315.0,56.0,5.0,0.0,19.0,17.0,26.0,2.0
533,14.0,8.0,17.0,27.0,12.0,4.0,10.0,29.0,0.0,19.0,17.0,25.0,38.0,17.0,12.0,3.0,10.0,7.0,3.0
534,15.0,6.0,11.0,7.0,1.0,5.0,21.0,25.0,1.0,21.0,24.0,53.0,39.0,26.0,12.0,8.0,7.0,1.0,3.0
535,23.0,11.0,41.0,69.0,20.0,8.0,44.0,17.0,3.0,31.0,42.0,153.0,42.0,7.0,14.0,9.0,18.0,21.0,3.0
536,27.0,22.0,52.0,106.0,20.0,10.0,107.0,4.0,8.0,59.0,93.0,380.0,101.0,12.0,2.0,21.0,11.0,18.0,2.0
537,11.0,7.0,20.0,32.0,12.0,5.0,9.0,28.0,0.0,21.0,14.0,27.0,31.0,4.0,7.0,11.0,26.0,27.0,3.0
538,26.0,16.0,54.0,105.0,20.0,8.0,86.0,7.0,6.0,38.0,82.0,291.0,62.0,10.0,4.0,11.0,13.0,15.0,1.0
539,34.0,22.0,49.0,84.0,10.0,4.0,119.0,2.0,9.0,52.0,118.0,407.0,127.0,26.0,8.0,9.0,8.0,3.0,0.0
540,17.0,12.0,27.0,80.0,27.0,5.0,43.0,15.0,2.0,25.0,48.0,161.0,71.0,11.0,8.0,6.0,19.0,20.0,0.0
541,13.0,1.0,12.0,33.0,12.0,4.0,13.0,26.0,1.0,12.0,17.0,38.0,2.0,4.0,4.0,10.0,23.0,25.0,3.0
542,18.0,6.0,39.0,73.0,12.0,7.0,53.0,13.0,3.0,16.0,55.0,191.0,17.0,4.0,6.0,17.0,21.0,23.0,2.0
543,21.0,4.0,27.0,80.0,21.0,6.0,45.0,16.0,3.0,16.0,52.0,163.0,22.0,10.0,3.0,16.0,14.0,16.0,2.0
544,13.0,10.0,23.0,70.0,27.0,12.0,38.0,18.0,2.0,25.0,49.0,128.0,56.0,17.0,1.0,9.0,10.0,8.0,0.0
545,13.0,11.0,37.0,28.0,8.0,10.0,41.0,18.0,3.0,40.0,45.0,137.0,52.0,16.0,7.0,11.0,7.0,14.0,3.0
546,17.0,7.0,20.0,4.0,1.0,5.0,25.0,24.0,2.0,22.0,28.0,67.0,36.0,26.0,12.0,19.0,6.0,2.0,3.0
547,13.0,11.0,23.0,44.0,14.0,6.0,29.0,20.0,1.0,25.0,32.0,97.0,61.0,9.0,7.0,8.0,20.0,22.0,0.0
548,19.0,6.0,28.0,77.0,25.0,6.0,41.0,16.0,2.0,15.0,44.0,151.0,33.0,11.0,4.0,5.0,16.0,19.0,0.0
549,32.0,18.0,54.0,75.0,9.0,9.0,98.0,5.0,7.0,44.0,93.0,341.0,105.0,13.0,2.0,4.0,12.0,17.0,2.0
550,11.0,5.0,12.0,12.0,9.0,2.0,5.0,31.0,0.0,11.0,9.0,14.0,40.0,19.0,9.0,2.0,8.0,5.0,3.0
551,4.0,6.0,25.0,20.0,6.0,7.0,28.0,22.0,2.0,17.0,34.0,83.0,32.0,18.0,7.0,21.0,5.0,8.0,1.0
552,15.0,6.0,42.0,74.0,15.0,6.0,61.0,12.0,4.0,14.0,68.0,212.0,42.0,11.0,11.0,15.0,13.0,14.0,2.0
553,11.0,12.0,20.0,19.0,10.0,6.0,34.0,20.0,2.0,27.0,39.0,107.0,74.0,27.0,0.0,7.0,3.0,1.0,0.0
554,38.0,15.0,50.0,101.0,15.0,7.0,88.0,7.0,6.0,33.0,83.0,300.0,71.0,5.0,17.0,29.0,17.0,23.0,2.0
555,12.0,16.0,39.0,83.0,17.0,7.0,63.0,11.0,4.0,35.0,66.0,221.0,97.0,8.0,11.0,7.0,16.0,18.0,1.0
556,33.0,23.0,53.0,128.0,28.0,4.0,117.0,2.0,9.0,49.0,115.0,406.0,114.0,23.0,9.0,13.0,10.0,4.0,0.0
557,11.0,7.0,20.0,31.0,12.0,2.0,23.0,23.0,1.0,15.0,31.0,69.0,39.0,15.0,6.0,14.0,10.0,9.0,2.0
558,10.0,10.0,20.0,14.0,7.0,5.0,36.0,20.0,2.0,29.0,38.0,110.0,63.0,28.0,0.0,5.0,3.0,1.0,0.0
559,26.0,23.0,52.0,123.0,25.0,8.0,102.0,5.0,7.0,53.0,99.0,363.0,104.0,13.0,2.0,6.0,11.0,16.0,2.0
560,30.0,22.0,49.0,74.0,9.0,7.0,104.0,4.0,8.0,57.0,98.0,376.0,104.0,15.0,4.0,5.0,11.0,13.0,1.0
561,13.0,6.0,41.0,87.0,22.0,6.0,54.0,14.0,3.0,15.0,67.0,189.0,39.0,15.0,3.0,22.0,10.0,11.0,1.0
562,38.0,20.0,46.0,90.0,15.0,9.0,101.0,5.0,7.0,47.0,88.0,356.0,84.0,13.0,6.0,25.0,12.0,18.0,2.0
563,14.0,9.0,28.0,33.0,8.0,4.0,31.0,20.0,2.0,21.0,39.0,98.0,54.0,12.0,15.0,26.0,15.0,17.0,1.0
564,23.0,2.0,23.0,75.0,21.0,3.0,41.0,15.0,2.0,6.0,53.0,157.0,6.0,12.0,3.0,22.0,26.0,24.0,0.0
565,26.0,15.0,38.0,84.0,13.0,9.0,61.0,12.0,4.0,35.0,61.0,212.0,75.0,3.0,5.0,22.0,21.0,29.0,2.0
566,33.0,21.0,54.0,105.0,18.0,9.0,93.0,6.0,7.0,44.0,95.0,323.0,125.0,12.0,9.0,0.0,13.0,16.0,2.0
567,16.0,7.0,36.0,59.0,13.0,6.0,46.0,15.0,3.0,15.0,58.0,167.0,43.0,13.0,5.0,7.0,10.0,10.0,2.0
568,11.0,10.0,22.0,16.0,7.0,4.0,36.0,20.0,2.0,26.0,43.0,111.0,65.0,28.0,3.0,7.0,4.0,1.0,0.0
569,22.0,2.0,20.0,44.0,17.0,6.0,14.0,26.0,1.0,11.0,17.0,40.0,1.0,7.0,6.0,2.0,19.0,19.0,3.0
570,30.0,20.0,59.0,99.0,16.0,10.0,107.0,5.0,8.0,50.0,93.0,375.0,89.0,12.0,15.0,35.0,13.0,22.0,2.0
571,19.0,10.0,22.0,54.0,12.0,5.0,38.0,17.0,2.0,25.0,44.0,135.0,75.0,8.0,12.0,11.0,17.0,17.0,2.0
572,21.0,12.0,40.0,62.0,20.0,8.0,40.0,18.0,2.0,31.0,36.0,137.0,62.0,8.0,9.0,8.0,16.0,20.0,3.0
573,14.0,14.0,33.0,24.0,7.0,9.0,46.0,17.0,3.0,45.0,44.0,155.0,62.0,18.0,1.0,7.0,6.0,12.0,3.0
574,29.0,22.0,56.0,109.0,21.0,9.0,90.0,6.0,6.0,51.0,88.0,304.0,104.0,12.0,9.0,18.0,13.0,15.0,1.0
575,34.0,21.0,54.0,113.0,19.0,9.0,99.0,5.0,7.0,49.0,96.0,345.0,100.0,11.0,1.0,23.0,12.0,20.0,2.0
576,34.0,20.0,54.0,103.0,16.0,9.0,104.0,4.0,8.0,54.0,96.0,370.0,100.0,12.0,6.0,3.0,12.0,18.0,2.0
577,24.0,21.0,51.0,92.0,15.0,7.0,85.0,7.0,6.0,48.0,89.0,290.0,126.0,11.0,2.0,7.0,13.0,17.0,1.0
578,17.0,13.0,35.0,63.0,11.0,6.0,51.0,14.0,3.0,31.0,50.0,185.0,52.0,2.0,8.0,11.0,24.0,27.0,1.0
579,9.0,5.0,20.0,31.0,15.0,4.0,12.0,28.0,1.0,14.0,13.0,31.0,27.0,11.0,4.0,7.0,9.0,9.0,1.0
580,10.0,9.0,20.0,13.0,6.0,5.0,35.0,19.0,2.0,27.0,42.0,111.0,51.0,26.0,5.0,4.0,4.0,1.0,0.0
581,14.0,3.0,21.0,34.0,12.0,6.0,25.0,21.0,1.0,12.0,35.0,80.0,15.0,14.0,7.0,1.0,13.0,15.0,3.0
582,33.0,20.0,55.0,74.0,9.0,9.0,105.0,5.0,8.0,49.0,93.0,375.0,102.0,13.0,15.0,18.0,13.0,18.0,2.0
583,29.0,21.0,52.0,90.0,17.0,9.0,98.0,5.0,7.0,54.0,85.0,338.0,110.0,15.0,14.0,4.0,11.0,15.0,2.0
584,25.0,18.0,42.0,92.0,18.0,4.0,86.0,6.0,6.0,41.0,86.0,303.0,93.0,15.0,6.0,7.0,17.0,12.0,0.0
585,10.0,2.0,18.0,22.0,10.0,4.0,3.0,31.0,0.0,7.0,7.0,8.0,11.0,6.0,1.0,23.0,20.0,22.0,3.0
586,23.0,22.0,59.0,61.0,6.0,9.0,109.0,4.0,8.0,60.0,98.0,393.0,105.0,14.0,8.0,30.0,11.0,17.0,1.0
587,9.0,5.0,27.0,31.0,10.0,6.0,25.0,23.0,1.0,9.0,29.0,72.0,15.0,13.0,9.0,20.0,7.0,10.0,1.0
588,14.0,5.0,31.0,46.0,14.0,5.0,32.0,20.0,2.0,9.0,35.0,100.0,30.0,10.0,0.0,9.0,11.0,13.0,1.0
589,29.0,22.0,56.0,116.0,23.0,8.0,108.0,4.0,8.0,59.0,103.0,393.0,106.0,16.0,14.0,11.0,12.0,15.0,1.0
590,9.0,11.0,19.0,21.0,8.0,6.0,36.0,20.0,2.0,30.0,38.0,111.0,64.0,23.0,1.0,11.0,3.0,2.0,0.0
591,5.0,3.0,22.0,20.0,9.0,5.0,14.0,27.0,1.0,6.0,16.0,35.0,21.0,11.0,2.0,21.0,7.0,10.0,1.0
592,4.0,10.0,25.0,34.0,15.0,6.0,39.0,18.0,2.0,26.0,44.0,130.0,62.0,19.0,0.0,8.0,6.0,7.0,0.0
593,14.0,10.0,30.0,40.0,7.0,6.0,30.0,20.0,2.0,28.0,32.0,94.0,62.0,5.0,13.0,5.0,18.0,20.0,2.0
594,8.0,7.0,13.0,9.0,6.0,5.0,18.0,26.0,1.0,19.0,14.0,43.0,45.0,25.0,12.0,6.0,1.0,2.0,3.0
595,14.0,17.0,36.0,88.0,18.0,4.0,64.0,11.0,4.0,38.0,74.0,229.0,98.0,12.0,1.0,6.0,13.0,13.0,1.0
596,15.0,7.0,36.0,71.0,14.0,6.0,64.0,11.0,4.0,14.0,67.0,222.0,45.0,12.0,1.0,14.0,11.0,12.0,1.0
597,13.0,9.0,20.0,26.0,10.0,4.0,10.0,28.0,0.0,26.0,16.0,28.0,48.0,7.0,8.0,4.0,17.0,17.0,3.0
598,21.0,10.0,35.0,54.0,8.0,3.0,71.0,8.0,5.0,23.0,82.0,257.0,50.0,16.0,0.0,6.0,19.0,15.0,0.0
599,18.0,6.0,17.0,39.0,11.0,5.0,14.0,26.0,1.0,16.0,18.0,40.0,46.0,4.0,9.0,7.0,22.0,23.0,2.0
600,23.0,13.0,30.0,92.0,24.0,5.0,52.0,13.0,3.0,32.0,53.0,193.0,68.0,10.0,13.0,9.0,24.0,22.0,0.0
601,18.0,6.0,31.0,57.0,19.0,6.0,25.0,22.0,1.0,22.0,26.0,79.0,14.0,5.0,4.0,7.0,25.0,27.0,3.0
602,25.0,18.0,60.0,123.0,23.0,9.0,105.0,4.0,8.0,45.0,104.0,383.0,94.0,14.0,11.0,19.0,13.0,17.0,1.0
603,15.0,3.0,38.0,77.0,17.0,4.0,46.0,15.0,3.0,7.0,56.0,168.0,27.0,7.0,9.0,31.0,19.0,22.0,2.0
604,13.0,7.0,32.0,76.0,15.0,5.0,62.0,12.0,4.0,20.0,68.0,215.0,38.0,7.0,0.0,29.0,13.0,18.0,1.0
605,22.0,20.0,56.0,118.0,24.0,10.0,106.0,4.0,8.0,49.0,93.0,376.0,90.0,11.0,3.0,20.0,10.0,19.0,2.0
606,9.0,4.0,23.0,43.0,14.0,5.0,23.0,23.0,1.0,22.0,25.0,68.0,10.0,5.0,0.0,23.0,20.0,24.0,3.0
607,11.0,6.0,16.0,22.0,12.0,4.0,3.0,31.0,0.0,17.0,6.0,9.0,33.0,5.0,7.0,9.0,23.0,23.0,3.0
608,10.0,5.0,25.0,23.0,6.0,7.0,20.0,25.0,1.0,14.0,14.0,53.0,11.0,6.0,1.0,24.0,12.0,17.0,1.0
609,12.0,9.0,14.0,9.0,4.0,4.0,36.0,20.0,2.0,23.0,38.0,110.0,59.0,26.0,2.0,14.0,2.0,1.0,0.0
610,28.0,23.0,56.0,76.0,12.0,8.0,95.0,6.0,7.0,55.0,84.0,323.0,106.0,13.0,13.0,22.0,12.0,15.0,1.0
611,15.0,16.0,38.0,34.0,10.0,9.0,45.0,17.0,3.0,49.0,42.0,151.0,74.0,16.0,1.0,11.0,6.0,11.0,3.0
612,5.0,1.0,1.0,3.0,10.0,1.0,1.0,33.0,0.0,1.0,1.0,1.0,10.0,28.0,4.0,7.0,3.0,2.0,1.0
613,17.0,4.0,28.0,84.0,24.0,4.0,47.0,14.0,3.0,10.0,49.0,174.0,23.0,10.0,1.0,14.0,19.0,21.0,0.0
614,10.0,0.0,5.0,0.0,6.0,2.0,2.0,33.0,0.0,0.0,5.0,3.0,15.0,24.0,1.0,30.0,3.0,4.0,2.0
615,13.0,1.0,22.0,45.0,10.0,3.0,24.0,22.0,1.0,4.0,27.0,74.0,9.0,3.0,9.0,29.0,28.0,29.0,1.0
616,17.0,9.0,22.0,46.0,11.0,6.0,26.0,22.0,1.0,20.0,34.0,79.0,39.0,5.0,10.0,21.0,23.0,25.0,1.0
617,8.0,4.0,4.0,5.0,8.0,3.0,9.0,29.0,0.0,10.0,13.0,21.0,34.0,26.0,8.0,16.0,4.0,3.0,3.0
618,23.0,6.0,21.0,29.0,9.0,6.0,17.0,26.0,1.0,26.0,28.0,44.0,22.0,13.0,4.0,10.0,10.0,6.0,3.0
619,22.0,22.0,49.0,63.0,7.0,8.0,101.0,5.0,7.0,55.0,86.0,353.0,106.0,16.0,0.0,4.0,8.0,12.0,1.0
620,33.0,23.0,54.0,125.0,26.0,8.0,106.0,4.0,8.0,56.0,99.0,379.0,102.0,14.0,8.0,3.0,11.0,16.0,2.0
621,15.0,15.0,34.0,37.0,13.0,7.0,36.0,18.0,2.0,38.0,42.0,119.0,88.0,16.0,2.0,0.0,9.0,14.0,3.0
622,21.0,7.0,51.0,71.0,11.0,6.0,67.0,11.0,4.0,16.0,72.0,232.0,48.0,9.0,5.0,34.0,16.0,21.0,2.0
623,31.0,19.0,59.0,100.0,17.0,10.0,106.0,5.0,8.0,50.0,96.0,372.0,88.0,14.0,22.0,37.0,14.0,24.0,2.0
624,9.0,3.0,28.0,29.0,8.0,4.0,26.0,22.0,1.0,7.0,35.0,79.0,26.0,12.0,4.0,36.0,13.0,14.0,2.0
625,29.0,20.0,52.0,83.0,16.0,8.0,98.0,6.0,7.0,48.0,85.0,333.0,90.0,15.0,13.0,21.0,12.0,17.0,2.0
626,8.0,11.0,23.0,59.0,22.0,3.0,29.0,20.0,1.0,25.0,35.0,92.0,58.0,10.0,7.0,6.0,12.0,12.0,0.0
627,13.0,11.0,24.0,58.0,23.0,5.0,30.0,20.0,2.0,23.0,36.0,98.0,60.0,12.0,4.0,4.0,12.0,12.0,0.0
628,23.0,18.0,37.0,100.0,25.0,5.0,69.0,9.0,4.0,43.0,67.0,247.0,86.0,13.0,9.0,11.0,20.0,18.0,0.0
629,15.0,9.0,17.0,37.0,12.0,5.0,17.0,24.0,1.0,24.0,23.0,51.0,50.0,6.0,15.0,3.0,21.0,23.0,3.0
630,11.0,7.0,17.0,28.0,9.0,3.0,19.0,24.0,1.0,17.0,21.0,54.0,54.0,11.0,9.0,2.0,11.0,10.0,2.0
631,28.0,16.0,58.0,72.0,7.0,10.0,93.0,6.0,7.0,41.0,81.0,321.0,71.0,7.0,1.0,12.0,15.0,19.0,1.0
632,11.0,11.0,23.0,33.0,17.0,4.0,34.0,19.0,2.0,27.0,39.0,108.0,73.0,23.0,10.0,1.0,5.0,2.0,0.0
633,27.0,19.0,52.0,106.0,17.0,8.0,88.0,7.0,6.0,39.0,81.0,301.0,74.0,6.0,0.0,19.0,17.0,22.0,1.0
634,6.0,5.0,8.0,16.0,11.0,4.0,20.0,25.0,1.0,10.0,16.0,51.0,36.0,24.0,10.0,6.0,1.0,3.0,1.0
635,22.0,8.0,16.0,26.0,9.0,5.0,16.0,26.0,1.0,25.0,27.0,41.0,45.0,19.0,5.0,7.0,8.0,5.0,3.0
636,21.0,8.0,22.0,46.0,9.0,5.0,27.0,21.0,1.0,23.0,31.0,85.0,57.0,2.0,11.0,8.0,26.0,28.0,2.0
637,11.0,11.0,19.0,22.0,9.0,4.0,38.0,19.0,2.0,32.0,37.0,117.0,65.0,24.0,4.0,13.0,2.0,2.0,0.0
638,22.0,16.0,29.0,96.0,26.0,5.0,64.0,10.0,4.0,39.0,63.0,233.0,74.0,13.0,0.0,7.0,21.0,19.0,0.0
639,33.0,22.0,56.0,122.0,21.0,9.0,103.0,4.0,7.0,53.0,95.0,372.0,98.0,10.0,14.0,4.0,14.0,16.0,1.0
640,16.0,19.0,50.0,89.0,15.0,7.0,78.0,8.0,5.0,43.0,83.0,269.0,129.0,10.0,3.0,1.0,14.0,18.0,1.0
641,9.0,10.0,29.0,73.0,28.0,5.0,41.0,17.0,2.0,25.0,49.0,145.0,61.0,18.0,5.0,12.0,9.0,9.0,0.0
642,20.0,13.0,55.0,101.0,19.0,7.0,76.0,9.0,5.0,30.0,77.0,260.0,57.0,9.0,0.0,28.0,14.0,19.0,2.0
643,20.0,10.0,36.0,91.0,22.0,4.0,63.0,10.0,4.0,21.0,58.0,230.0,51.0,9.0,6.0,4.0,20.0,17.0,0.0
644,21.0,13.0,41.0,53.0,17.0,7.0,37.0,18.0,2.0,30.0,42.0,125.0,70.0,11.0,15.0,11.0,16.0,18.0,3.0
645,11.0,11.0,30.0,48.0,13.0,5.0,38.0,18.0,2.0,23.0,43.0,131.0,49.0,13.0,9.0,0.0,11.0,11.0,1.0
646,15.0,5.0,32.0,78.0,22.0,4.0,46.0,14.0,3.0,12.0,47.0,174.0,21.0,7.0,2.0,14.0,22.0,24.0,0.0
647,10.0,5.0,28.0,25.0,7.0,5.0,33.0,20.0,2.0,13.0,40.0,104.0,33.0,16.0,7.0,25.0,7.0,7.0,2.0
648,30.0,20.0,56.0,77.0,10.0,9.0,96.0,5.0,7.0,50.0,91.0,331.0,106.0,12.0,0.0,15.0,10.0,16.0,2.0
649,14.0,5.0,30.0,54.0,15.0,5.0,35.0,19.0,2.0,11.0,43.0,113.0,41.0,12.0,6.0,21.0,12.0,12.0,2.0
650,23.0,22.0,55.0,106.0,20.0,7.0,91.0,6.0,6.0,49.0,90.0,309.0,108.0,13.0,5.0,19.0,11.0,15.0,2.0
651,10.0,7.0,20.0,29.0,11.0,4.0,28.0,22.0,2.0,19.0,33.0,83.0,52.0,18.0,2.0,22.0,6.0,5.0,2.0
652,22.0,4.0,31.0,74.0,15.0,6.0,47.0,15.0,3.0,13.0,51.0,171.0,6.0,3.0,2.0,28.0,27.0,30.0,1.0
653,22.0,8.0,45.0,90.0,16.0,8.0,65.0,11.0,4.0,22.0,66.0,229.0,24.0,4.0,4.0,3.0,21.0,23.0,1.0
654,25.0,14.0,41.0,83.0,13.0,8.0,57.0,12.0,4.0,37.0,55.0,204.0,57.0,0.0,15.0,18.0,25.0,29.0,2.0
655,11.0,2.0,2.0,3.0,7.0,0.0,6.0,31.0,0.0,3.0,8.0,14.0,25.0,31.0,6.0,1.0,4.0,2.0,3.0
656,9.0,9.0,29.0,49.0,17.0,5.0,37.0,18.0,2.0,25.0,48.0,125.0,45.0,16.0,0.0,20.0,11.0,12.0,0.0
657,14.0,12.0,38.0,42.0,12.0,9.0,44.0,17.0,3.0,40.0,46.0,148.0,61.0,16.0,12.0,16.0,7.0,12.0,3.0
658,16.0,6.0,30.0,46.0,12.0,6.0,25.0,22.0,1.0,21.0,28.0,78.0,11.0,3.0,8.0,17.0,25.0,28.0,3.0
659,21.0,17.0,47.0,108.0,20.0,7.0,72.0,9.0,5.0,40.0,81.0,251.0,102.0,8.0,8.0,6.0,17.0,20.0,2.0
660,13.0,2.0,14.0,36.0,12.0,5.0,14.0,26.0,1.0,11.0,16.0,40.0,0.0,3.0,1.0,6.0,26.0,28.0,3.0
661,35.0,13.0,51.0,90.0,14.0,7.0,78.0,8.0,5.0,31.0,76.0,268.0,48.0,6.0,11.0,7.0,18.0,22.0,2.0
662,12.0,8.0,20.0,33.0,11.0,4.0,34.0,20.0,2.0,18.0,33.0,104.0,66.0,20.0,19.0,2.0,5.0,4.0,2.0
663,14.0,14.0,36.0,62.0,14.0,6.0,50.0,14.0,3.0,32.0,58.0,180.0,78.0,13.0,7.0,10.0,11.0,12.0,2.0
664,15.0,10.0,25.0,50.0,17.0,6.0,22.0,23.0,1.0,27.0,27.0,69.0,55.0,5.0,4.0,6.0,25.0,28.0,3.0
665,15.0,14.0,38.0,54.0,17.0,8.0,49.0,16.0,3.0,42.0,46.0,171.0,73.0,14.0,9.0,0.0,9.0,14.0,3.0
666,27.0,10.0,49.0,90.0,16.0,8.0,70.0,10.0,5.0,24.0,69.0,243.0,27.0,6.0,8.0,12.0,19.0,23.0,1.0
667,35.0,20.0,55.0,116.0,19.0,8.0,96.0,6.0,7.0,46.0,90.0,329.0,98.0,8.0,5.0,16.0,14.0,22.0,2.0
668,19.0,13.0,44.0,68.0,23.0,10.0,43.0,17.0,3.0,37.0,41.0,144.0,80.0,10.0,15.0,21.0,14.0,19.0,3.0
669,10.0,11.0,20.0,18.0,11.0,4.0,34.0,19.0,2.0,27.0,39.0,109.0,73.0,25.0,8.0,1.0,4.0,2.0,0.0
670,20.0,18.0,49.0,89.0,16.0,7.0,75.0,9.0,5.0,43.0,75.0,260.0,120.0,9.0,13.0,0.0,15.0,17.0,1.0
671,28.0,8.0,36.0,87.0,16.0,7.0,61.0,12.0,4.0,24.0,67.0,210.0,26.0,6.0,7.0,30.0,21.0,25.0,1.0
672,22.0,14.0,41.0,76.0,13.0,5.0,82.0,7.0,6.0,30.0,81.0,287.0,89.0,15.0,8.0,0.0,16.0,10.0,0.0
673,16.0,2.0,20.0,52.0,12.0,5.0,33.0,19.0,2.0,13.0,38.0,108.0,11.0,5.0,1.0,1.0,21.0,22.0,1.0
674,17.0,4.0,33.0,73.0,20.0,6.0,40.0,17.0,2.0,11.0,49.0,139.0,32.0,10.0,6.0,9.0,14.0,14.0,2.0
675,25.0,25.0,60.0,122.0,23.0,9.0,111.0,4.0,8.0,63.0,100.0,396.0,95.0,13.0,0.0,13.0,11.0,17.0,1.0
676,7.0,10.0,26.0,51.0,21.0,5.0,37.0,18.0,2.0,27.0,50.0,123.0,61.0,21.0,2.0,17.0,7.0,7.0,0.0
677,30.0,18.0,33.0,100.0,24.0,4.0,80.0,7.0,5.0,41.0,81.0,280.0,76.0,16.0,6.0,20.0,18.0,13.0,0.0
678,11.0,12.0,23.0,15.0,9.0,5.0,34.0,19.0,2.0,26.0,39.0,110.0,74.0,25.0,9.0,5.0,4.0,2.0,0.0
679,14.0,8.0,29.0,76.0,26.0,5.0,43.0,16.0,2.0,18.0,50.0,159.0,41.0,15.0,8.0,12.0,15.0,14.0,0.0
680,20.0,13.0,29.0,55.0,19.0,9.0,48.0,16.0,3.0,37.0,44.0,165.0,60.0,15.0,8.0,4.0,8.0,12.0,3.0
681,21.0,13.0,23.0,87.0,23.0,4.0,53.0,13.0,3.0,30.0,52.0,196.0,59.0,10.0,17.0,10.0,24.0,22.0,0.0
682,15.0,13.0,26.0,30.0,11.0,9.0,47.0,17.0,3.0,40.0,39.0,159.0,74.0,17.0,0.0,9.0,6.0,12.0,3.0
683,35.0,23.0,60.0,92.0,10.0,3.0,122.0,1.0,10.0,51.0,120.0,414.0,142.0,23.0,11.0,10.0,7.0,2.0,0.0
684,24.0,5.0,27.0,77.0,19.0,4.0,50.0,13.0,3.0,13.0,62.0,187.0,25.0,12.0,2.0,22.0,24.0,21.0,0.0
685,10.0,9.0,20.0,13.0,6.0,5.0,35.0,20.0,2.0,25.0,38.0,107.0,48.0,26.0,10.0,7.0,4.0,1.0,0.0
686,13.0,7.0,22.0,39.0,12.0,5.0,16.0,25.0,1.0,16.0,16.0,45.0,32.0,5.0,1.0,1.0,17.0,19.0,1.0
687,31.0,24.0,58.0,126.0,20.0,4.0,129.0,0.0,11.0,53.0,124.0,421.0,138.0,27.0,9.0,31.0,4.0,3.0,0.0
688,14.0,2.0,7.0,14.0,10.0,2.0,9.0,29.0,0.0,7.0,8.0,22.0,16.0,23.0,5.0,13.0,5.0,3.0,2.0
689,30.0,18.0,56.0,90.0,13.0,9.0,76.0,9.0,5.0,44.0,74.0,261.0,82.0,5.0,18.0,4.0,20.0,24.0,2.0
690,19.0,7.0,38.0,79.0,15.0,7.0,55.0,13.0,3.0,21.0,53.0,199.0,21.0,2.0,2.0,9.0,24.0,29.0,2.0
691,11.0,12.0,24.0,63.0,23.0,4.0,32.0,19.0,2.0,28.0,41.0,107.0,77.0,12.0,10.0,8.0,11.0,10.0,0.0
692,33.0,18.0,51.0,99.0,16.0,8.0,81.0,8.0,6.0,41.0,81.0,278.0,89.0,6.0,7.0,16.0,18.0,24.0,2.0
693,15.0,13.0,28.0,26.0,8.0,9.0,46.0,17.0,3.0,43.0,42.0,155.0,59.0,18.0,0.0,16.0,6.0,11.0,3.0
694,25.0,10.0,45.0,90.0,15.0,8.0,66.0,10.0,4.0,25.0,68.0,234.0,41.0,5.0,6.0,9.0,19.0,24.0,2.0
695,17.0,8.0,20.0,18.0,5.0,5.0,25.0,24.0,1.0,25.0,29.0,66.0,49.0,22.0,7.0,19.0,6.0,3.0,3.0
696,14.0,5.0,35.0,49.0,12.0,6.0,39.0,17.0,2.0,11.0,48.0,137.0,25.0,11.0,1.0,1.0,11.0,11.0,2.0
697,17.0,4.0,28.0,77.0,23.0,4.0,40.0,16.0,2.0,13.0,53.0,149.0,15.0,12.0,0.0,4.0,22.0,21.0,0.0
698,8.0,9.0,24.0,45.0,17.0,5.0,35.0,19.0,2.0,24.0,41.0,117.0,46.0,15.0,2.0,2.0,8.0,9.0,0.0
699,18.0,14.0,36.0,58.0,13.0,5.0,53.0,14.0,3.0,29.0,66.0,190.0,89.0,14.0,12.0,4.0,11.0,11.0,1.0
700,31.0,20.0,50.0,85.0,11.0,9.0,102.0,5.0,7.0,48.0,95.0,359.0,79.0,12.0,11.0,24.0,12.0,17.0,1.0
701,33.0,16.0,54.0,93.0,15.0,8.0,91.0,6.0,6.0,37.0,94.0,313.0,103.0,13.0,6.0,16.0,13.0,17.0,2.0
702,21.0,15.0,36.0,70.0,12.0,6.0,57.0,13.0,4.0,34.0,64.0,203.0,84.0,8.0,15.0,0.0,19.0,20.0,1.0
703,18.0,10.0,31.0,55.0,17.0,6.0,23.0,22.0,1.0,27.0,25.0,71.0,47.0,4.0,17.0,12.0,27.0,29.0,3.0
704,24.0,19.0,55.0,70.0,8.0,8.0,95.0,6.0,7.0,48.0,86.0,327.0,103.0,14.0,3.0,2.0,11.0,13.0,1.0
705,35.0,21.0,53.0,94.0,17.0,9.0,98.0,5.0,7.0,53.0,89.0,338.0,109.0,14.0,17.0,16.0,12.0,17.0,2.0
706,7.0,10.0,23.0,129.0,33.0,20.0,25.0,22.0,1.0,27.0,98.0,78.0,60.0,34.0,4.0,9.0,14.0,18.0,3.0
707,17.0,2.0,12.0,29.0,11.0,4.0,9.0,29.0,0.0,14.0,11.0,24.0,5.0,5.0,6.0,17.0,21.0,22.0,3.0
708,19.0,16.0,35.0,30.0,9.0,8.0,45.0,17.0,3.0,42.0,45.0,153.0,74.0,17.0,10.0,7.0,7.0,11.0,3.0
709,20.0,9.0,49.0,90.0,18.0,7.0,64.0,11.0,4.0,23.0,67.0,224.0,37.0,8.0,1.0,29.0,17.0,19.0,1.0
710,27.0,21.0,50.0,94.0,14.0,4.0,110.0,3.0,8.0,47.0,108.0,399.0,117.0,20.0,9.0,14.0,12.0,6.0,0.0
711,25.0,21.0,53.0,99.0,18.0,8.0,83.0,7.0,6.0,46.0,91.0,284.0,125.0,13.0,4.0,11.0,11.0,15.0,2.0
712,30.0,12.0,51.0,88.0,14.0,8.0,83.0,7.0,6.0,31.0,81.0,283.0,74.0,8.0,8.0,5.0,16.0,19.0,2.0
713,32.0,20.0,59.0,104.0,16.0,9.0,104.0,5.0,8.0,50.0,95.0,367.0,86.0,10.0,10.0,21.0,14.0,22.0,2.0
714,19.0,11.0,23.0,79.0,25.0,6.0,39.0,16.0,2.0,26.0,40.0,147.0,66.0,8.0,7.0,2.0,23.0,25.0,0.0
715,25.0,19.0,60.0,118.0,21.0,8.0,107.0,4.0,8.0,47.0,106.0,390.0,95.0,14.0,7.0,28.0,12.0,18.0,1.0
716,22.0,8.0,41.0,77.0,12.0,7.0,61.0,12.0,4.0,22.0,61.0,213.0,35.0,4.0,1.0,5.0,20.0,24.0,2.0
717,21.0,13.0,27.0,95.0,27.0,3.0,49.0,13.0,3.0,31.0,54.0,184.0,79.0,11.0,7.0,8.0,20.0,19.0,0.0
718,29.0,19.0,61.0,65.0,6.0,8.0,104.0,4.0,8.0,48.0,101.0,374.0,106.0,15.0,10.0,28.0,12.0,17.0,1.0
719,29.0,20.0,52.0,92.0,18.0,9.0,98.0,5.0,7.0,50.0,83.0,336.0,109.0,13.0,12.0,12.0,11.0,17.0,2.0
720,16.0,5.0,29.0,65.0,14.0,6.0,53.0,14.0,3.0,16.0,65.0,188.0,33.0,12.0,0.0,28.0,13.0,17.0,1.0
721,30.0,21.0,59.0,125.0,23.0,10.0,100.0,5.0,7.0,50.0,93.0,355.0,114.0,9.0,4.0,22.0,13.0,20.0,2.0
722,19.0,12.0,38.0,56.0,21.0,8.0,43.0,18.0,3.0,38.0,39.0,143.0,64.0,14.0,17.0,11.0,11.0,14.0,3.0
723,30.0,13.0,51.0,88.0,14.0,7.0,78.0,8.0,5.0,32.0,74.0,265.0,49.0,6.0,5.0,9.0,18.0,21.0,1.0
724,19.0,12.0,38.0,53.0,16.0,8.0,44.0,17.0,3.0,39.0,43.0,153.0,50.0,9.0,1.0,6.0,13.0,18.0,3.0
725,16.0,4.0,29.0,31.0,8.0,6.0,18.0,25.0,1.0,17.0,26.0,49.0,12.0,10.0,0.0,12.0,15.0,11.0,3.0
726,27.0,15.0,56.0,107.0,17.0,8.0,86.0,7.0,6.0,34.0,81.0,290.0,66.0,5.0,0.0,25.0,16.0,23.0,2.0
727,21.0,11.0,21.0,83.0,23.0,5.0,41.0,15.0,2.0,27.0,48.0,158.0,54.0,8.0,5.0,7.0,26.0,25.0,0.0
728,10.0,3.0,25.0,20.0,9.0,5.0,13.0,28.0,1.0,7.0,13.0,32.0,11.0,11.0,3.0,30.0,8.0,13.0,1.0
729,28.0,15.0,49.0,124.0,24.0,8.0,90.0,6.0,6.0,35.0,93.0,312.0,85.0,12.0,2.0,15.0,12.0,15.0,1.0
730,26.0,22.0,58.0,93.0,14.0,9.0,110.0,4.0,8.0,60.0,95.0,389.0,92.0,15.0,8.0,35.0,11.0,20.0,1.0
731,28.0,19.0,54.0,63.0,5.0,5.0,114.0,2.0,9.0,42.0,110.0,401.0,134.0,23.0,3.0,23.0,7.0,3.0,0.0
732,10.0,12.0,26.0,60.0,22.0,6.0,29.0,20.0,1.0,30.0,42.0,93.0,64.0,12.0,2.0,0.0,14.0,18.0,3.0
733,39.0,24.0,53.0,74.0,5.0,4.0,126.0,0.0,11.0,51.0,125.0,419.0,139.0,26.0,2.0,21.0,6.0,3.0,0.0
734,13.0,7.0,10.0,7.0,6.0,5.0,18.0,27.0,1.0,21.0,11.0,42.0,46.0,28.0,0.0,7.0,0.0,2.0,3.0
735,11.0,4.0,30.0,37.0,7.0,5.0,40.0,17.0,2.0,9.0,48.0,138.0,33.0,12.0,14.0,13.0,10.0,10.0,1.0
736,27.0,18.0,55.0,110.0,20.0,8.0,89.0,6.0,6.0,44.0,87.0,302.0,83.0,9.0,3.0,19.0,12.0,16.0,2.0
737,30.0,18.0,46.0,53.0,4.0,5.0,102.0,4.0,7.0,47.0,105.0,366.0,96.0,22.0,9.0,25.0,12.0,7.0,0.0
738,25.0,17.0,50.0,97.0,16.0,4.0,103.0,4.0,7.0,38.0,99.0,380.0,101.0,18.0,8.0,7.0,13.0,8.0,0.0
739,21.0,11.0,38.0,59.0,19.0,8.0,41.0,17.0,2.0,32.0,36.0,141.0,47.0,8.0,3.0,10.0,16.0,21.0,3.0
740,34.0,19.0,55.0,92.0,13.0,10.0,100.0,5.0,7.0,44.0,87.0,357.0,100.0,8.0,11.0,7.0,13.0,18.0,2.0
741,12.0,6.0,27.0,58.0,19.0,4.0,31.0,19.0,2.0,16.0,42.0,104.0,27.0,11.0,3.0,21.0,19.0,19.0,0.0
742,15.0,8.0,31.0,38.0,8.0,5.0,24.0,22.0,1.0,20.0,30.0,74.0,46.0,8.0,0.0,1.0,16.0,16.0,1.0
743,23.0,15.0,52.0,96.0,18.0,7.0,82.0,7.0,6.0,34.0,83.0,282.0,62.0,9.0,2.0,5.0,13.0,16.0,2.0
744,21.0,13.0,41.0,67.0,21.0,8.0,41.0,17.0,2.0,30.0,42.0,140.0,70.0,10.0,14.0,15.0,18.0,21.0,3.0
745,10.0,10.0,22.0,34.0,15.0,5.0,38.0,18.0,2.0,27.0,47.0,127.0,67.0,25.0,1.0,4.0,5.0,3.0,0.0
746,16.0,9.0,20.0,35.0,11.0,7.0,20.0,24.0,1.0,24.0,32.0,59.0,52.0,10.0,6.0,5.0,15.0,16.0,3.0
747,5.0,10.0,21.0,16.0,6.0,5.0,36.0,20.0,2.0,29.0,38.0,113.0,64.0,22.0,7.0,14.0,3.0,3.0,0.0
748,18.0,13.0,38.0,62.0,19.0,7.0,37.0,18.0,2.0,29.0,38.0,125.0,67.0,8.0,0.0,4.0,19.0,23.0,3.0
749,18.0,18.0,43.0,102.0,22.0,6.0,68.0,10.0,5.0,38.0,78.0,239.0,116.0,11.0,6.0,1.0,13.0,15.0,2.0
750,21.0,7.0,31.0,63.0,11.0,5.0,60.0,12.0,4.0,21.0,66.0,210.0,48.0,9.0,3.0,29.0,15.0,19.0,2.0
751,10.0,3.0,6.0,8.0,9.0,3.0,6.0,31.0,0.0,6.0,8.0,13.0,15.0,22.0,13.0,5.0,5.0,3.0,3.0
752,25.0,3.0,26.0,92.0,26.0,4.0,48.0,14.0,3.0,9.0,58.0,179.0,13.0,13.0,6.0,19.0,24.0,23.0,0.0
753,16.0,3.0,25.0,55.0,13.0,6.0,36.0,18.0,2.0,15.0,35.0,120.0,10.0,4.0,2.0,22.0,20.0,24.0,2.0
754,16.0,8.0,18.0,41.0,14.0,6.0,15.0,25.0,1.0,24.0,30.0,42.0,41.0,9.0,6.0,12.0,18.0,20.0,3.0
755,11.0,6.0,12.0,18.0,8.0,3.0,4.0,31.0,0.0,16.0,9.0,10.0,36.0,10.0,7.0,6.0,14.0,13.0,3.0
756,20.0,20.0,48.0,95.0,18.0,8.0,78.0,8.0,5.0,42.0,87.0,267.0,122.0,12.0,3.0,2.0,12.0,15.0,2.0
757,16.0,10.0,25.0,35.0,9.0,5.0,35.0,19.0,2.0,22.0,37.0,113.0,53.0,13.0,13.0,23.0,10.0,10.0,2.0
758,6.0,12.0,21.0,30.0,13.0,5.0,38.0,19.0,2.0,33.0,36.0,119.0,67.0,22.0,3.0,13.0,3.0,2.0,0.0
759,19.0,17.0,37.0,31.0,10.0,8.0,42.0,18.0,3.0,52.0,40.0,137.0,75.0,18.0,5.0,6.0,6.0,10.0,3.0
760,32.0,12.0,45.0,90.0,15.0,8.0,73.0,9.0,5.0,30.0,69.0,252.0,47.0,5.0,12.0,20.0,19.0,22.0,1.0
761,40.0,18.0,51.0,94.0,13.0,10.0,81.0,8.0,6.0,44.0,74.0,275.0,72.0,3.0,22.0,1.0,22.0,27.0,2.0
762,15.0,11.0,22.0,45.0,17.0,5.0,21.0,23.0,1.0,27.0,34.0,63.0,50.0,16.0,3.0,2.0,11.0,10.0,3.0
763,27.0,19.0,50.0,118.0,24.0,8.0,99.0,5.0,7.0,46.0,95.0,350.0,87.0,12.0,0.0,16.0,11.0,15.0,1.0
764,28.0,20.0,57.0,65.0,8.0,8.0,97.0,6.0,7.0,50.0,87.0,330.0,111.0,14.0,16.0,24.0,11.0,16.0,2.0
765,9.0,10.0,23.0,16.0,7.0,6.0,37.0,19.0,2.0,28.0,42.0,118.0,64.0,22.0,1.0,12.0,5.0,3.0,0.0
766,23.0,5.0,31.0,84.0,18.0,6.0,55.0,13.0,3.0,18.0,66.0,199.0,29.0,8.0,9.0,20.0,16.0,18.0,2.0
767,13.0,6.0,23.0,59.0,19.0,5.0,34.0,18.0,2.0,16.0,36.0,118.0,31.0,10.0,5.0,13.0,17.0,20.0,0.0
768,16.0,13.0,52.0,92.0,18.0,7.0,81.0,8.0,6.0,28.0,86.0,276.0,87.0,14.0,5.0,8.0,10.0,13.0,1.0
769,16.0,3.0,36.0,55.0,14.0,6.0,28.0,21.0,2.0,10.0,32.0,86.0,25.0,4.0,0.0,31.0,17.0,19.0,2.0
770,5.0,11.0,21.0,13.0,6.0,6.0,37.0,19.0,2.0,28.0,39.0,119.0,78.0,21.0,4.0,16.0,4.0,4.0,0.0
771,22.0,15.0,56.0,105.0,17.0,9.0,86.0,7.0,6.0,37.0,79.0,292.0,50.0,5.0,2.0,7.0,17.0,21.0,1.0
772,17.0,19.0,46.0,97.0,20.0,7.0,74.0,9.0,5.0,43.0,81.0,259.0,125.0,13.0,2.0,5.0,12.0,14.0,1.0
773,12.0,9.0,23.0,32.0,12.0,5.0,35.0,19.0,2.0,24.0,46.0,113.0,44.0,19.0,6.0,9.0,9.0,7.0,0.0
774,19.0,4.0,25.0,39.0,13.0,7.0,19.0,24.0,1.0,17.0,30.0,54.0,16.0,10.0,2.0,7.0,16.0,14.0,3.0
775,22.0,5.0,28.0,81.0,21.0,4.0,57.0,11.0,3.0,11.0,67.0,208.0,25.0,15.0,2.0,6.0,21.0,18.0,0.0
776,21.0,12.0,52.0,94.0,19.0,7.0,77.0,8.0,5.0,25.0,85.0,263.0,83.0,14.0,3.0,19.0,13.0,16.0,2.0
777,31.0,20.0,50.0,47.0,0.0,2.0,115.0,2.0,9.0,46.0,114.0,404.0,110.0,23.0,4.0,17.0,9.0,3.0,0.0
778,36.0,17.0,54.0,92.0,13.0,9.0,96.0,5.0,7.0,38.0,90.0,332.0,76.0,9.0,9.0,9.0,14.0,19.0,2.0
779,21.0,6.0,18.0,4.0,1.0,6.0,20.0,26.0,1.0,23.0,29.0,50.0,27.0,21.0,7.0,20.0,7.0,3.0,3.0
780,34.0,14.0,49.0,99.0,17.0,7.0,83.0,7.0,6.0,32.0,86.0,283.0,79.0,11.0,4.0,13.0,14.0,17.0,2.0
781,13.0,9.0,18.0,44.0,15.0,6.0,16.0,25.0,1.0,24.0,19.0,46.0,49.0,4.0,3.0,2.0,27.0,29.0,3.0
782,12.0,11.0,50.0,104.0,23.0,8.0,74.0,9.0,5.0,23.0,81.0,258.0,66.0,12.0,2.0,21.0,11.0,13.0,1.0
783,32.0,21.0,49.0,94.0,15.0,10.0,103.0,5.0,7.0,52.0,88.0,360.0,105.0,12.0,2.0,21.0,11.0,17.0,2.0
784,12.0,4.0,7.0,9.0,7.0,4.0,2.0,32.0,0.0,8.0,4.0,6.0,32.0,15.0,11.0,22.0,10.0,9.0,3.0
785,10.0,10.0,20.0,16.0,9.0,4.0,34.0,20.0,2.0,27.0,35.0,105.0,59.0,26.0,6.0,11.0,3.0,1.0,0.0
786,32.0,22.0,54.0,106.0,21.0,9.0,104.0,4.0,8.0,54.0,88.0,372.0,104.0,11.0,10.0,7.0,11.0,16.0,2.0
787,18.0,4.0,23.0,19.0,5.0,7.0,13.0,27.0,1.0,19.0,25.0,34.0,8.0,12.0,2.0,13.0,15.0,9.0,3.0
788,40.0,19.0,51.0,96.0,15.0,8.0,102.0,5.0,7.0,47.0,96.0,362.0,102.0,13.0,14.0,4.0,12.0,16.0,2.0
789,15.0,6.0,38.0,53.0,12.0,5.0,49.0,15.0,3.0,13.0,58.0,177.0,46.0,12.0,7.0,13.0,10.0,11.0,2.0
790,10.0,10.0,20.0,13.0,7.0,3.0,34.0,20.0,2.0,27.0,37.0,106.0,62.0,28.0,8.0,2.0,3.0,0.0,0.0
791,11.0,10.0,21.0,43.0,17.0,7.0,24.0,22.0,1.0,25.0,30.0,75.0,62.0,10.0,6.0,0.0,16.0,20.0,3.0
792,25.0,18.0,55.0,56.0,5.0,8.0,91.0,6.0,6.0,46.0,84.0,311.0,81.0,10.0,5.0,21.0,12.0,15.0,1.0
793,23.0,13.0,41.0,84.0,16.0,4.0,77.0,8.0,5.0,29.0,82.0,270.0,62.0,14.0,2.0,26.0,18.0,16.0,0.0
794,12.0,8.0,29.0,58.0,20.0,5.0,34.0,19.0,2.0,22.0,40.0,113.0,40.0,13.0,7.0,13.0,12.0,14.0,0.0
795,8.0,7.0,8.0,7.0,6.0,4.0,18.0,27.0,1.0,22.0,11.0,41.0,45.0,27.0,8.0,7.0,0.0,2.0,3.0
796,10.0,5.0,17.0,23.0,8.0,5.0,9.0,29.0,0.0,12.0,6.0,21.0,32.0,5.0,20.0,8.0,19.0,20.0,1.0
797,36.0,20.0,59.0,104.0,14.0,9.0,92.0,6.0,6.0,49.0,84.0,314.0,104.0,5.0,21.0,2.0,20.0,24.0,2.0
798,28.0,23.0,51.0,78.0,12.0,9.0,101.0,5.0,7.0,55.0,86.0,352.0,107.0,16.0,15.0,11.0,10.0,13.0,1.0
799,17.0,6.0,29.0,73.0,24.0,4.0,38.0,17.0,2.0,13.0,48.0,136.0,31.0,13.0,6.0,14.0,19.0,19.0,0.0
800,13.0,8.0,33.0,40.0,15.0,6.0,32.0,19.0,2.0,26.0,38.0,104.0,49.0,12.0,4.0,16.0,12.0,16.0,3.0
801,9.0,5.0,14.0,21.0,9.0,3.0,18.0,24.0,1.0,12.0,17.0,53.0,29.0,16.0,8.0,4.0,9.0,7.0,1.0
802,14.0,11.0,33.0,84.0,19.0,4.0,48.0,14.0,3.0,25.0,58.0,177.0,68.0,7.0,13.0,11.0,18.0,18.0,1.0
803,18.0,14.0,37.0,98.0,24.0,5.0,62.0,10.0,4.0,34.0,59.0,225.0,89.0,11.0,7.0,19.0,22.0,20.0,0.0
804,29.0,19.0,52.0,99.0,15.0,8.0,83.0,7.0,6.0,43.0,74.0,284.0,92.0,5.0,2.0,5.0,19.0,23.0,1.0
805,6.0,10.0,21.0,41.0,17.0,5.0,36.0,19.0,2.0,26.0,44.0,116.0,59.0,21.0,1.0,2.0,6.0,4.0,0.0
806,13.0,12.0,35.0,48.0,9.0,6.0,40.0,17.0,2.0,31.0,49.0,143.0,58.0,10.0,3.0,0.0,12.0,12.0,2.0
807,28.0,18.0,56.0,67.0,9.0,9.0,95.0,6.0,7.0,45.0,89.0,324.0,110.0,14.0,8.0,9.0,11.0,15.0,2.0
808,8.0,13.0,21.0,32.0,12.0,4.0,36.0,18.0,2.0,28.0,41.0,122.0,71.0,15.0,5.0,3.0,9.0,10.0,0.0
809,4.0,5.0,10.0,13.0,8.0,3.0,28.0,22.0,2.0,10.0,22.0,83.0,33.0,22.0,4.0,2.0,4.0,2.0,2.0
810,22.0,22.0,54.0,90.0,16.0,9.0,100.0,5.0,7.0,54.0,86.0,345.0,107.0,16.0,5.0,24.0,9.0,13.0,1.0
811,8.0,6.0,22.0,20.0,7.0,3.0,21.0,23.0,1.0,13.0,24.0,65.0,50.0,10.0,16.0,6.0,11.0,9.0,1.0
812,23.0,5.0,25.0,85.0,22.0,3.0,52.0,12.0,3.0,13.0,58.0,196.0,26.0,11.0,1.0,3.0,24.0,21.0,0.0
813,15.0,15.0,30.0,25.0,9.0,8.0,43.0,18.0,3.0,46.0,38.0,140.0,75.0,19.0,1.0,3.0,6.0,10.0,3.0
814,10.0,10.0,20.0,16.0,8.0,5.0,36.0,19.0,2.0,28.0,41.0,112.0,61.0,24.0,4.0,15.0,4.0,2.0,0.0
815,6.0,12.0,21.0,47.0,22.0,13.0,37.0,19.0,2.0,29.0,55.0,121.0,74.0,29.0,1.0,10.0,4.0,4.0,0.0
816,15.0,15.0,38.0,50.0,17.0,9.0,47.0,17.0,3.0,49.0,44.0,161.0,74.0,15.0,3.0,16.0,9.0,14.0,3.0
817,29.0,20.0,59.0,97.0,17.0,9.0,105.0,5.0,8.0,54.0,93.0,370.0,91.0,12.0,14.0,30.0,13.0,22.0,2.0
818,20.0,10.0,49.0,95.0,18.0,8.0,74.0,9.0,5.0,25.0,84.0,257.0,54.0,12.0,6.0,27.0,14.0,16.0,1.0
819,18.0,9.0,50.0,85.0,16.0,7.0,70.0,10.0,5.0,20.0,73.0,240.0,61.0,11.0,10.0,21.0,13.0,16.0,2.0
820,12.0,5.0,24.0,16.0,6.0,6.0,23.0,23.0,1.0,9.0,27.0,67.0,33.0,16.0,0.0,9.0,5.0,5.0,2.0
821,29.0,23.0,49.0,123.0,27.0,9.0,105.0,4.0,8.0,54.0,90.0,376.0,106.0,14.0,6.0,16.0,10.0,14.0,1.0
822,20.0,8.0,35.0,63.0,18.0,7.0,31.0,20.0,2.0,27.0,32.0,100.0,28.0,5.0,4.0,8.0,23.0,26.0,3.0
823,30.0,21.0,56.0,106.0,20.0,8.0,85.0,7.0,6.0,45.0,81.0,288.0,102.0,9.0,10.0,20.0,14.0,17.0,1.0
824,31.0,22.0,49.0,89.0,13.0,10.0,106.0,4.0,8.0,55.0,92.0,378.0,102.0,13.0,9.0,13.0,10.0,15.0,1.0
825,11.0,6.0,37.0,42.0,10.0,6.0,42.0,17.0,3.0,15.0,54.0,144.0,45.0,15.0,0.0,23.0,7.0,9.0,1.0
826,20.0,16.0,45.0,86.0,15.0,8.0,64.0,11.0,4.0,36.0,68.0,226.0,59.0,5.0,2.0,0.0,22.0,25.0,1.0
827,24.0,24.0,51.0,70.0,7.0,11.0,109.0,4.0,8.0,65.0,90.0,385.0,101.0,13.0,4.0,7.0,9.0,17.0,1.0
828,14.0,9.0,20.0,18.0,6.0,5.0,17.0,25.0,1.0,26.0,31.0,47.0,50.0,14.0,10.0,17.0,12.0,10.0,3.0
829,20.0,16.0,35.0,32.0,9.0,9.0,45.0,17.0,3.0,44.0,42.0,151.0,73.0,16.0,7.0,10.0,6.0,10.0,3.0
830,22.0,4.0,23.0,66.0,19.0,5.0,37.0,17.0,2.0,11.0,36.0,132.0,8.0,6.0,0.0,16.0,25.0,27.0,0.0
831,25.0,14.0,23.0,78.0,23.0,5.0,48.0,14.0,3.0,35.0,48.0,183.0,60.0,9.0,9.0,6.0,24.0,24.0,0.0
832,33.0,16.0,60.0,97.0,14.0,9.0,97.0,5.0,7.0,41.0,96.0,334.0,103.0,12.0,16.0,11.0,14.0,18.0,2.0
833,17.0,13.0,36.0,47.0,9.0,4.0,46.0,15.0,3.0,30.0,54.0,166.0,72.0,12.0,10.0,5.0,10.0,10.0,2.0
834,7.0,3.0,6.0,7.0,6.0,2.0,21.0,24.0,1.0,8.0,19.0,59.0,32.0,27.0,15.0,4.0,5.0,1.0,2.0
835,36.0,25.0,56.0,76.0,4.0,4.0,130.0,0.0,12.0,56.0,124.0,423.0,136.0,26.0,4.0,8.0,5.0,2.0,0.0
836,12.0,12.0,20.0,32.0,11.0,6.0,26.0,21.0,1.0,30.0,37.0,82.0,63.0,14.0,3.0,12.0,12.0,15.0,3.0
837,19.0,13.0,30.0,62.0,13.0,6.0,44.0,16.0,3.0,30.0,50.0,159.0,69.0,8.0,12.0,2.0,17.0,18.0,2.0
838,20.0,10.0,29.0,35.0,10.0,8.0,37.0,18.0,2.0,31.0,42.0,125.0,47.0,12.0,2.0,23.0,11.0,19.0,3.0
839,15.0,11.0,25.0,50.0,17.0,6.0,23.0,22.0,1.0,26.0,28.0,73.0,59.0,6.0,9.0,4.0,20.0,22.0,3.0
840,18.0,1.0,20.0,33.0,9.0,5.0,16.0,25.0,1.0,2.0,20.0,44.0,3.0,3.0,5.0,29.0,25.0,26.0,1.0
841,18.0,6.0,40.0,76.0,17.0,6.0,55.0,14.0,3.0,16.0,68.0,193.0,37.0,13.0,7.0,25.0,12.0,14.0,2.0
842,14.0,13.0,37.0,56.0,19.0,9.0,45.0,17.0,3.0,41.0,42.0,154.0,64.0,13.0,1.0,20.0,10.0,16.0,3.0
843,31.0,21.0,52.0,115.0,20.0,10.0,107.0,4.0,8.0,55.0,95.0,382.0,88.0,11.0,3.0,4.0,11.0,20.0,2.0
844,11.0,3.0,31.0,39.0,11.0,5.0,21.0,24.0,1.0,6.0,24.0,61.0,36.0,7.0,0.0,25.0,14.0,14.0,2.0
845,10.0,3.0,20.0,16.0,8.0,3.0,7.0,30.0,0.0,10.0,9.0,17.0,19.0,14.0,1.0,18.0,10.0,9.0,3.0
