,train or test,speaker number,sex,feature 0,feature 1,feature 2,feature 3,feature 4,feature 5,feature 6,feature 7,feature 8,feature 9,class
0,1.0,0.0,1.0,284.0,108.0,354.0,794.0,458.0,732.0,175.0,474.0,142.0,81.0,8.0
1,1.0,0.0,1.0,375.0,119.0,337.0,678.0,421.0,772.0,187.0,464.0,244.0,230.0,2.0
2,1.0,0.0,1.0,742.0,191.0,53.0,301.0,240.0,718.0,98.0,537.0,169.0,419.0,1.0
3,1.0,0.0,1.0,724.0,423.0,63.0,597.0,120.0,596.0,103.0,355.0,500.0,86.0,0.0
4,1.0,0.0,1.0,634.0,457.0,269.0,612.0,23.0,474.0,590.0,177.0,636.0,271.0,5.0
5,1.0,0.0,1.0,548.0,450.0,312.0,541.0,27.0,517.0,501.0,140.0,620.0,287.0,6.0
6,1.0,0.0,1.0,329.0,605.0,458.0,608.0,3.0,535.0,557.0,432.0,677.0,286.0,3.0
7,1.0,0.0,1.0,192.0,563.0,643.0,790.0,8.0,408.0,152.0,686.0,730.0,316.0,9.0
8,1.0,0.0,1.0,212.0,502.0,229.0,497.0,254.0,743.0,124.0,662.0,460.0,253.0,4.0
9,1.0,0.0,1.0,281.0,426.0,98.0,742.0,547.0,723.0,141.0,550.0,557.0,74.0,10.0
10,1.0,0.0,1.0,468.0,401.0,152.0,518.0,195.0,683.0,100.0,540.0,527.0,79.0,7.0
11,1.0,0.0,1.0,280.0,101.0,384.0,776.0,438.0,754.0,192.0,479.0,171.0,82.0,8.0
12,1.0,0.0,1.0,402.0,111.0,259.0,677.0,429.0,769.0,172.0,573.0,184.0,302.0,2.0
13,1.0,0.0,1.0,739.0,208.0,44.0,291.0,241.0,727.0,81.0,557.0,131.0,426.0,1.0
14,1.0,0.0,1.0,717.0,415.0,61.0,590.0,153.0,492.0,220.0,247.0,577.0,96.0,0.0
15,1.0,0.0,1.0,654.0,513.0,193.0,573.0,29.0,580.0,484.0,226.0,651.0,162.0,5.0
16,1.0,0.0,1.0,556.0,473.0,320.0,533.0,19.0,551.0,517.0,136.0,630.0,243.0,6.0
17,1.0,0.0,1.0,302.0,577.0,492.0,634.0,4.0,420.0,566.0,406.0,687.0,336.0,3.0
18,1.0,0.0,1.0,188.0,544.0,644.0,791.0,5.0,394.0,154.0,700.0,735.0,321.0,9.0
19,1.0,0.0,1.0,238.0,466.0,135.0,471.0,264.0,709.0,302.0,473.0,681.0,188.0,4.0
20,1.0,0.0,1.0,274.0,425.0,90.0,758.0,539.0,722.0,145.0,571.0,508.0,110.0,10.0
21,1.0,0.0,1.0,506.0,378.0,142.0,529.0,173.0,660.0,106.0,650.0,506.0,72.0,7.0
22,1.0,0.0,1.0,275.0,96.0,365.0,797.0,448.0,744.0,189.0,497.0,221.0,73.0,8.0
23,1.0,0.0,1.0,421.0,106.0,214.0,642.0,403.0,770.0,261.0,561.0,303.0,256.0,2.0
24,1.0,0.0,1.0,743.0,222.0,32.0,332.0,304.0,717.0,75.0,555.0,153.0,380.0,1.0
25,1.0,0.0,1.0,713.0,402.0,60.0,601.0,144.0,552.0,131.0,342.0,545.0,70.0,0.0
26,1.0,0.0,1.0,619.0,515.0,159.0,564.0,46.0,604.0,337.0,300.0,589.0,138.0,5.0
27,1.0,0.0,1.0,537.0,506.0,278.0,494.0,30.0,497.0,606.0,103.0,613.0,267.0,6.0
28,1.0,0.0,1.0,286.0,544.0,474.0,597.0,14.0,171.0,684.0,374.0,660.0,436.0,3.0
29,1.0,0.0,1.0,172.0,569.0,638.0,761.0,2.0,401.0,199.0,690.0,729.0,345.0,9.0
30,1.0,0.0,1.0,258.0,428.0,141.0,480.0,217.0,746.0,197.0,657.0,594.0,289.0,4.0
31,1.0,0.0,1.0,253.0,432.0,96.0,746.0,542.0,736.0,122.0,553.0,458.0,212.0,10.0
32,1.0,0.0,1.0,546.0,372.0,153.0,525.0,157.0,684.0,90.0,674.0,442.0,112.0,7.0
33,1.0,0.0,1.0,289.0,92.0,332.0,787.0,448.0,741.0,230.0,492.0,264.0,71.0,8.0
34,1.0,0.0,1.0,452.0,98.0,175.0,611.0,386.0,780.0,266.0,595.0,359.0,318.0,2.0
35,1.0,0.0,1.0,748.0,225.0,23.0,405.0,322.0,698.0,99.0,566.0,146.0,373.0,1.0
36,1.0,0.0,1.0,723.0,434.0,48.0,593.0,183.0,589.0,112.0,338.0,506.0,81.0,0.0
37,1.0,0.0,1.0,583.0,486.0,151.0,569.0,94.0,625.0,229.0,329.0,532.0,153.0,5.0
38,1.0,0.0,1.0,477.0,539.0,245.0,458.0,54.0,384.0,672.0,79.0,546.0,378.0,6.0
39,1.0,0.0,1.0,310.0,505.0,453.0,610.0,9.0,285.0,648.0,391.0,694.0,388.0,3.0
40,1.0,0.0,1.0,142.0,556.0,649.0,735.0,24.0,97.0,505.0,362.0,763.0,490.0,9.0
41,1.0,0.0,1.0,292.0,359.0,153.0,504.0,226.0,733.0,176.0,708.0,618.0,277.0,4.0
42,1.0,0.0,1.0,268.0,415.0,51.0,749.0,573.0,688.0,258.0,426.0,612.0,120.0,10.0
43,1.0,0.0,1.0,599.0,379.0,120.0,490.0,152.0,695.0,94.0,692.0,392.0,207.0,7.0
44,1.0,0.0,1.0,297.0,90.0,303.0,777.0,454.0,739.0,301.0,455.0,303.0,52.0,8.0
45,1.0,0.0,1.0,463.0,102.0,143.0,576.0,373.0,776.0,275.0,602.0,347.0,361.0,2.0
46,1.0,0.0,1.0,728.0,192.0,28.0,419.0,320.0,696.0,87.0,579.0,139.0,388.0,1.0
47,1.0,0.0,1.0,720.0,435.0,34.0,613.0,186.0,591.0,91.0,386.0,419.0,97.0,0.0
48,1.0,0.0,1.0,527.0,454.0,157.0,561.0,172.0,608.0,267.0,226.0,522.0,208.0,5.0
49,1.0,0.0,1.0,443.0,572.0,212.0,424.0,87.0,381.0,669.0,80.0,503.0,422.0,6.0
50,1.0,0.0,1.0,335.0,493.0,386.0,575.0,7.0,413.0,612.0,420.0,702.0,355.0,3.0
51,1.0,0.0,1.0,103.0,593.0,624.0,669.0,1.0,403.0,348.0,610.0,737.0,315.0,9.0
52,1.0,0.0,1.0,316.0,300.0,132.0,504.0,216.0,724.0,178.0,723.0,603.0,370.0,4.0
53,1.0,0.0,1.0,269.0,410.0,26.0,752.0,565.0,685.0,271.0,487.0,623.0,53.0,10.0
54,1.0,0.0,1.0,635.0,356.0,122.0,484.0,109.0,658.0,111.0,693.0,469.0,200.0,7.0
55,1.0,0.0,1.0,293.0,84.0,274.0,795.0,465.0,736.0,324.0,453.0,287.0,32.0,8.0
56,1.0,0.0,1.0,419.0,117.0,160.0,564.0,372.0,782.0,264.0,553.0,276.0,367.0,2.0
57,1.0,0.0,1.0,719.0,183.0,41.0,420.0,330.0,705.0,86.0,609.0,138.0,405.0,1.0
58,1.0,0.0,1.0,702.0,397.0,56.0,634.0,200.0,552.0,102.0,400.0,406.0,109.0,0.0
59,1.0,0.0,1.0,427.0,443.0,157.0,577.0,221.0,638.0,191.0,256.0,436.0,193.0,5.0
60,1.0,0.0,1.0,451.0,576.0,202.0,433.0,57.0,519.0,560.0,93.0,560.0,379.0,6.0
61,1.0,0.0,1.0,331.0,525.0,282.0,508.0,13.0,480.0,598.0,404.0,690.0,332.0,3.0
62,1.0,0.0,1.0,95.0,590.0,619.0,631.0,0.0,388.0,443.0,612.0,728.0,321.0,9.0
63,1.0,0.0,1.0,314.0,270.0,130.0,540.0,242.0,749.0,170.0,756.0,407.0,442.0,4.0
64,1.0,0.0,1.0,209.0,438.0,41.0,753.0,539.0,714.0,129.0,632.0,494.0,33.0,10.0
65,1.0,0.0,1.0,609.0,336.0,137.0,520.0,117.0,641.0,101.0,678.0,483.0,123.0,7.0
66,1.0,1.0,1.0,132.0,80.0,709.0,408.0,783.0,691.0,683.0,263.0,179.0,144.0,8.0
67,1.0,1.0,1.0,837.0,52.0,201.0,92.0,338.0,619.0,681.0,612.0,726.0,450.0,2.0
68,1.0,1.0,1.0,797.0,113.0,225.0,111.0,555.0,466.0,459.0,437.0,425.0,333.0,1.0
69,1.0,1.0,1.0,774.0,364.0,51.0,386.0,471.0,126.0,397.0,391.0,448.0,227.0,0.0
70,1.0,1.0,1.0,614.0,580.0,608.0,272.0,118.0,261.0,319.0,374.0,707.0,279.0,5.0
71,1.0,1.0,1.0,709.0,280.0,695.0,205.0,415.0,113.0,325.0,128.0,770.0,445.0,6.0
72,1.0,1.0,1.0,427.0,760.0,207.0,90.0,449.0,41.0,455.0,520.0,722.0,343.0,3.0
73,1.0,1.0,1.0,192.0,770.0,721.0,73.0,102.0,164.0,547.0,556.0,504.0,632.0,9.0
74,1.0,1.0,1.0,113.0,693.0,650.0,372.0,151.0,427.0,426.0,356.0,728.0,684.0,4.0
75,1.0,1.0,1.0,57.0,538.0,587.0,439.0,318.0,643.0,490.0,358.0,596.0,671.0,10.0
76,1.0,1.0,1.0,444.0,299.0,623.0,157.0,395.0,539.0,404.0,215.0,573.0,384.0,7.0
77,1.0,1.0,1.0,89.0,76.0,753.0,486.0,779.0,650.0,693.0,278.0,164.0,149.0,8.0
78,1.0,1.0,1.0,813.0,60.0,187.0,120.0,398.0,667.0,678.0,596.0,647.0,376.0,2.0
79,1.0,1.0,1.0,807.0,115.0,222.0,109.0,527.0,482.0,460.0,494.0,430.0,305.0,1.0
80,1.0,1.0,1.0,776.0,316.0,99.0,281.0,464.0,193.0,350.0,398.0,497.0,263.0,0.0
81,1.0,1.0,1.0,607.0,641.0,537.0,227.0,138.0,355.0,301.0,430.0,639.0,234.0,5.0
82,1.0,1.0,1.0,688.0,308.0,703.0,114.0,450.0,89.0,379.0,168.0,765.0,427.0,6.0
83,1.0,1.0,1.0,425.0,719.0,344.0,226.0,244.0,92.0,235.0,446.0,776.0,291.0,3.0
84,1.0,1.0,1.0,200.0,798.0,696.0,49.0,113.0,230.0,615.0,603.0,450.0,607.0,9.0
85,1.0,1.0,1.0,90.0,703.0,657.0,252.0,197.0,375.0,434.0,394.0,658.0,648.0,4.0
86,1.0,1.0,1.0,49.0,595.0,613.0,493.0,204.0,691.0,446.0,263.0,679.0,537.0,10.0
87,1.0,1.0,1.0,469.0,258.0,693.0,192.0,288.0,561.0,573.0,184.0,435.0,465.0,7.0
88,1.0,1.0,1.0,64.0,101.0,770.0,566.0,759.0,651.0,680.0,152.0,136.0,164.0,8.0
89,1.0,1.0,1.0,793.0,62.0,197.0,148.0,466.0,699.0,659.0,585.0,593.0,310.0,2.0
90,1.0,1.0,1.0,771.0,103.0,225.0,145.0,495.0,554.0,447.0,448.0,380.0,295.0,1.0
91,1.0,1.0,1.0,786.0,318.0,104.0,236.0,443.0,229.0,382.0,352.0,531.0,250.0,0.0
92,1.0,1.0,1.0,593.0,675.0,477.0,256.0,154.0,334.0,284.0,469.0,598.0,210.0,5.0
93,1.0,1.0,1.0,651.0,241.0,711.0,231.0,267.0,124.0,460.0,117.0,749.0,464.0,6.0
94,1.0,1.0,1.0,456.0,724.0,425.0,205.0,156.0,258.0,233.0,435.0,773.0,311.0,3.0
95,1.0,1.0,1.0,220.0,828.0,641.0,53.0,117.0,273.0,699.0,637.0,399.0,580.0,9.0
96,1.0,1.0,1.0,83.0,680.0,702.0,324.0,108.0,328.0,442.0,368.0,585.0,636.0,4.0
97,1.0,1.0,1.0,46.0,609.0,629.0,515.0,161.0,706.0,408.0,280.0,629.0,536.0,10.0
98,1.0,1.0,1.0,521.0,336.0,611.0,107.0,343.0,627.0,586.0,168.0,364.0,424.0,7.0
99,1.0,1.0,1.0,61.0,85.0,801.0,621.0,738.0,595.0,600.0,134.0,58.0,214.0,8.0
100,1.0,1.0,1.0,789.0,53.0,215.0,179.0,461.0,711.0,623.0,600.0,550.0,334.0,2.0
101,1.0,1.0,1.0,779.0,99.0,184.0,154.0,474.0,548.0,426.0,463.0,406.0,344.0,1.0
102,1.0,1.0,1.0,787.0,353.0,79.0,233.0,476.0,241.0,356.0,325.0,524.0,236.0,0.0
103,1.0,1.0,1.0,583.0,701.0,405.0,208.0,158.0,385.0,333.0,420.0,591.0,163.0,5.0
104,1.0,1.0,1.0,697.0,267.0,678.0,222.0,245.0,189.0,343.0,163.0,758.0,473.0,6.0
105,1.0,1.0,1.0,441.0,705.0,508.0,234.0,155.0,204.0,256.0,408.0,775.0,398.0,3.0
106,1.0,1.0,1.0,195.0,789.0,708.0,68.0,97.0,121.0,670.0,681.0,376.0,588.0,9.0
107,1.0,1.0,1.0,97.0,708.0,712.0,434.0,49.0,386.0,452.0,354.0,584.0,598.0,4.0
108,1.0,1.0,1.0,32.0,641.0,639.0,502.0,209.0,609.0,494.0,221.0,672.0,548.0,10.0
109,1.0,1.0,1.0,507.0,395.0,505.0,147.0,349.0,677.0,386.0,201.0,540.0,195.0,7.0
110,1.0,1.0,1.0,86.0,46.0,796.0,638.0,740.0,473.0,468.0,160.0,34.0,249.0,8.0
111,1.0,1.0,1.0,754.0,63.0,230.0,224.0,554.0,719.0,589.0,617.0,522.0,272.0,2.0
112,1.0,1.0,1.0,799.0,109.0,204.0,86.0,481.0,512.0,423.0,523.0,408.0,353.0,1.0
113,1.0,1.0,1.0,770.0,349.0,69.0,201.0,508.0,269.0,341.0,292.0,505.0,280.0,0.0
114,1.0,1.0,1.0,579.0,745.0,210.0,158.0,206.0,477.0,358.0,347.0,549.0,78.0,5.0
115,1.0,1.0,1.0,705.0,343.0,634.0,210.0,358.0,175.0,270.0,261.0,769.0,423.0,6.0
116,1.0,1.0,1.0,436.0,691.0,545.0,255.0,178.0,125.0,254.0,363.0,782.0,410.0,3.0
117,1.0,1.0,1.0,173.0,803.0,741.0,87.0,105.0,71.0,571.0,641.0,461.0,633.0,9.0
118,1.0,1.0,1.0,114.0,765.0,680.0,397.0,59.0,446.0,622.0,302.0,640.0,499.0,4.0
119,1.0,1.0,1.0,23.0,715.0,626.0,413.0,296.0,533.0,521.0,287.0,570.0,587.0,10.0
120,1.0,1.0,1.0,446.0,375.0,575.0,182.0,333.0,626.0,329.0,217.0,567.0,195.0,7.0
121,1.0,1.0,1.0,115.0,26.0,777.0,618.0,711.0,555.0,591.0,116.0,7.0,225.0,8.0
122,1.0,1.0,1.0,688.0,77.0,287.0,344.0,679.0,734.0,591.0,579.0,534.0,195.0,2.0
123,1.0,1.0,1.0,812.0,95.0,276.0,62.0,384.0,505.0,479.0,543.0,485.0,390.0,1.0
124,1.0,1.0,1.0,753.0,330.0,42.0,215.0,479.0,283.0,365.0,296.0,470.0,319.0,0.0
125,1.0,1.0,1.0,568.0,743.0,151.0,122.0,294.0,290.0,538.0,284.0,574.0,68.0,5.0
126,1.0,1.0,1.0,672.0,409.0,556.0,179.0,388.0,178.0,275.0,341.0,764.0,325.0,6.0
127,1.0,1.0,1.0,451.0,732.0,444.0,155.0,221.0,98.0,416.0,372.0,777.0,300.0,3.0
128,1.0,1.0,1.0,182.0,844.0,717.0,63.0,129.0,91.0,515.0,642.0,521.0,680.0,9.0
129,1.0,1.0,1.0,122.0,797.0,469.0,223.0,247.0,584.0,624.0,321.0,649.0,447.0,4.0
130,1.0,1.0,1.0,18.0,763.0,614.0,274.0,287.0,591.0,564.0,378.0,322.0,567.0,10.0
131,1.0,1.0,1.0,454.0,385.0,495.0,143.0,536.0,445.0,280.0,349.0,609.0,182.0,7.0
132,1.0,2.0,1.0,845.0,37.0,0.0,535.0,381.0,792.0,556.0,699.0,28.0,127.0,8.0
133,1.0,2.0,1.0,849.0,122.0,11.0,361.0,292.0,774.0,427.0,768.0,225.0,426.0,2.0
134,1.0,2.0,1.0,803.0,167.0,75.0,616.0,392.0,747.0,282.0,705.0,213.0,413.0,1.0
135,1.0,2.0,1.0,805.0,417.0,186.0,614.0,213.0,588.0,363.0,660.0,323.0,440.0,0.0
136,1.0,2.0,1.0,691.0,505.0,542.0,690.0,87.0,318.0,173.0,753.0,507.0,525.0,5.0
137,1.0,2.0,1.0,741.0,460.0,464.0,700.0,146.0,372.0,199.0,740.0,354.0,496.0,6.0
138,1.0,2.0,1.0,631.0,585.0,587.0,745.0,37.0,190.0,119.0,782.0,545.0,605.0,3.0
139,1.0,2.0,1.0,232.0,822.0,562.0,736.0,33.0,31.0,97.0,769.0,642.0,395.0,9.0
140,1.0,2.0,1.0,459.0,365.0,342.0,727.0,98.0,100.0,547.0,563.0,735.0,591.0,4.0
141,1.0,2.0,1.0,180.0,554.0,373.0,580.0,111.0,455.0,695.0,382.0,787.0,506.0,10.0
142,1.0,2.0,1.0,490.0,418.0,254.0,691.0,163.0,669.0,264.0,744.0,478.0,226.0,7.0
143,1.0,2.0,1.0,840.0,33.0,1.0,581.0,415.0,793.0,540.0,655.0,2.0,197.0,8.0
144,1.0,2.0,1.0,850.0,124.0,8.0,366.0,273.0,775.0,402.0,770.0,216.0,453.0,2.0
145,1.0,2.0,1.0,826.0,181.0,47.0,567.0,330.0,729.0,289.0,717.0,248.0,417.0,1.0
146,1.0,2.0,1.0,811.0,393.0,189.0,624.0,185.0,585.0,292.0,669.0,358.0,444.0,0.0
147,1.0,2.0,1.0,714.0,478.0,546.0,710.0,73.0,301.0,135.0,767.0,517.0,573.0,5.0
148,1.0,2.0,1.0,737.0,480.0,475.0,674.0,127.0,428.0,244.0,743.0,345.0,510.0,6.0
149,1.0,2.0,1.0,615.0,517.0,599.0,774.0,66.0,143.0,88.0,766.0,586.0,621.0,3.0
150,1.0,2.0,1.0,225.0,830.0,554.0,717.0,28.0,49.0,204.0,729.0,689.0,392.0,9.0
151,1.0,2.0,1.0,373.0,342.0,409.0,826.0,192.0,120.0,408.0,465.0,683.0,570.0,4.0
152,1.0,2.0,1.0,111.0,539.0,477.0,644.0,139.0,397.0,647.0,345.0,786.0,451.0,10.0
153,1.0,2.0,1.0,544.0,300.0,285.0,748.0,179.0,620.0,156.0,724.0,599.0,244.0,7.0
154,1.0,2.0,1.0,834.0,31.0,3.0,620.0,427.0,797.0,576.0,594.0,6.0,99.0,8.0
155,1.0,2.0,1.0,852.0,128.0,9.0,364.0,252.0,765.0,395.0,777.0,239.0,483.0,2.0
156,1.0,2.0,1.0,839.0,182.0,37.0,587.0,344.0,713.0,291.0,713.0,279.0,418.0,1.0
157,1.0,2.0,1.0,819.0,381.0,189.0,632.0,165.0,559.0,252.0,673.0,410.0,461.0,0.0
158,1.0,2.0,1.0,730.0,471.0,563.0,734.0,81.0,275.0,113.0,764.0,529.0,566.0,5.0
159,1.0,2.0,1.0,756.0,459.0,457.0,672.0,124.0,390.0,250.0,737.0,405.0,548.0,6.0
160,1.0,2.0,1.0,603.0,399.0,585.0,825.0,141.0,129.0,42.0,736.0,583.0,656.0,3.0
161,1.0,2.0,1.0,223.0,820.0,539.0,719.0,12.0,68.0,413.0,679.0,710.0,385.0,9.0
162,1.0,2.0,1.0,330.0,391.0,407.0,831.0,128.0,278.0,376.0,502.0,698.0,439.0,4.0
163,1.0,2.0,1.0,82.0,591.0,541.0,680.0,220.0,262.0,668.0,237.0,784.0,515.0,10.0
164,1.0,2.0,1.0,590.0,276.0,241.0,740.0,194.0,589.0,169.0,671.0,662.0,133.0,7.0
165,1.0,2.0,1.0,832.0,30.0,5.0,615.0,439.0,795.0,603.0,659.0,12.0,131.0,8.0
166,1.0,2.0,1.0,851.0,123.0,15.0,383.0,251.0,764.0,406.0,779.0,241.0,476.0,2.0
167,1.0,2.0,1.0,843.0,178.0,35.0,576.0,359.0,700.0,341.0,720.0,333.0,459.0,1.0
168,1.0,2.0,1.0,826.0,369.0,201.0,629.0,179.0,534.0,283.0,632.0,468.0,501.0,0.0
169,1.0,2.0,1.0,734.0,460.0,570.0,767.0,100.0,247.0,72.0,761.0,537.0,603.0,5.0
170,1.0,2.0,1.0,790.0,411.0,421.0,701.0,123.0,394.0,215.0,722.0,426.0,554.0,6.0
171,1.0,2.0,1.0,625.0,380.0,563.0,826.0,121.0,155.0,53.0,758.0,607.0,653.0,3.0
172,1.0,2.0,1.0,245.0,751.0,528.0,719.0,15.0,56.0,510.0,685.0,738.0,452.0,9.0
173,1.0,2.0,1.0,312.0,448.0,427.0,819.0,80.0,511.0,292.0,621.0,743.0,186.0,4.0
174,1.0,2.0,1.0,80.0,597.0,559.0,713.0,271.0,254.0,639.0,194.0,785.0,556.0,10.0
175,1.0,2.0,1.0,646.0,291.0,228.0,670.0,125.0,634.0,212.0,703.0,665.0,91.0,7.0
176,1.0,2.0,1.0,836.0,28.0,4.0,575.0,409.0,796.0,616.0,710.0,19.0,129.0,8.0
177,1.0,2.0,1.0,847.0,107.0,14.0,455.0,342.0,778.0,394.0,786.0,265.0,440.0,2.0
178,1.0,2.0,1.0,841.0,171.0,40.0,586.0,361.0,728.0,359.0,735.0,352.0,451.0,1.0
179,1.0,2.0,1.0,829.0,355.0,198.0,641.0,191.0,526.0,300.0,611.0,461.0,517.0,0.0
180,1.0,2.0,1.0,733.0,422.0,548.0,792.0,112.0,263.0,84.0,738.0,588.0,574.0,5.0
181,1.0,2.0,1.0,794.0,386.0,355.0,708.0,131.0,453.0,243.0,731.0,409.0,524.0,6.0
182,1.0,2.0,1.0,642.0,427.0,560.0,804.0,95.0,172.0,89.0,781.0,575.0,665.0,3.0
183,1.0,2.0,1.0,266.0,717.0,525.0,757.0,6.0,132.0,383.0,762.0,663.0,565.0,9.0
184,1.0,2.0,1.0,315.0,452.0,426.0,782.0,104.0,573.0,390.0,610.0,755.0,156.0,4.0
185,1.0,2.0,1.0,77.0,552.0,562.0,724.0,279.0,219.0,657.0,192.0,783.0,571.0,10.0
186,1.0,2.0,1.0,657.0,323.0,231.0,643.0,96.0,665.0,235.0,721.0,617.0,91.0,7.0
187,1.0,2.0,1.0,844.0,35.0,2.0,546.0,375.0,794.0,630.0,757.0,30.0,139.0,8.0
188,1.0,2.0,1.0,833.0,93.0,18.0,543.0,432.0,786.0,381.0,787.0,294.0,402.0,2.0
189,1.0,2.0,1.0,828.0,143.0,52.0,637.0,428.0,755.0,336.0,728.0,339.0,474.0,1.0
190,1.0,2.0,1.0,824.0,323.0,184.0,652.0,203.0,552.0,310.0,599.0,440.0,496.0,0.0
191,1.0,2.0,1.0,726.0,380.0,538.0,807.0,150.0,272.0,92.0,716.0,578.0,541.0,5.0
192,1.0,2.0,1.0,799.0,354.0,293.0,681.0,145.0,467.0,361.0,677.0,431.0,544.0,6.0
193,1.0,2.0,1.0,685.0,450.0,544.0,763.0,93.0,166.0,115.0,783.0,556.0,675.0,3.0
194,1.0,2.0,1.0,272.0,730.0,532.0,746.0,10.0,57.0,400.0,701.0,721.0,526.0,9.0
195,1.0,2.0,1.0,347.0,395.0,366.0,741.0,130.0,631.0,308.0,741.0,723.0,221.0,4.0
196,1.0,2.0,1.0,79.0,535.0,526.0,667.0,261.0,188.0,696.0,252.0,781.0,593.0,10.0
197,1.0,2.0,1.0,661.0,339.0,218.0,661.0,106.0,623.0,234.0,740.0,569.0,139.0,7.0
198,1.0,5.0,1.0,821.0,23.0,39.0,338.0,480.0,720.0,649.0,739.0,584.0,244.0,8.0
199,1.0,5.0,1.0,815.0,89.0,138.0,144.0,425.0,645.0,538.0,647.0,605.0,257.0,2.0
200,1.0,5.0,1.0,790.0,213.0,179.0,289.0,717.0,235.0,580.0,417.0,350.0,149.0,1.0
201,1.0,5.0,1.0,758.0,407.0,479.0,146.0,591.0,171.0,432.0,191.0,560.0,201.0,0.0
202,1.0,5.0,1.0,652.0,630.0,633.0,175.0,180.0,159.0,272.0,676.0,544.0,183.0,5.0
203,1.0,5.0,1.0,678.0,463.0,618.0,273.0,312.0,150.0,410.0,507.0,632.0,252.0,6.0
204,1.0,5.0,1.0,412.0,479.0,766.0,537.0,77.0,128.0,27.0,589.0,780.0,520.0,3.0
205,1.0,5.0,1.0,308.0,329.0,783.0,805.0,72.0,196.0,1.0,657.0,762.0,747.0,9.0
206,1.0,5.0,1.0,384.0,398.0,659.0,291.0,67.0,489.0,185.0,709.0,709.0,585.0,4.0
207,1.0,5.0,1.0,294.0,158.0,535.0,371.0,303.0,653.0,369.0,622.0,726.0,638.0,10.0
208,1.0,5.0,1.0,689.0,169.0,632.0,337.0,244.0,410.0,192.0,550.0,686.0,478.0,7.0
209,1.0,5.0,1.0,825.0,22.0,26.0,345.0,488.0,721.0,651.0,746.0,578.0,244.0,8.0
210,1.0,5.0,1.0,831.0,86.0,158.0,133.0,369.0,646.0,551.0,644.0,635.0,282.0,2.0
211,1.0,5.0,1.0,798.0,200.0,234.0,290.0,684.0,388.0,512.0,423.0,451.0,112.0,1.0
212,1.0,5.0,1.0,766.0,427.0,394.0,228.0,575.0,154.0,427.0,240.0,576.0,116.0,0.0
213,1.0,5.0,1.0,648.0,562.0,707.0,237.0,116.0,175.0,241.0,680.0,563.0,239.0,5.0
214,1.0,5.0,1.0,692.0,443.0,665.0,293.0,273.0,196.0,401.0,515.0,696.0,197.0,6.0
215,1.0,5.0,1.0,400.0,404.0,787.0,614.0,82.0,122.0,19.0,534.0,778.0,586.0,3.0
216,1.0,5.0,1.0,309.0,292.0,786.0,821.0,63.0,157.0,3.0,560.0,756.0,760.0,9.0
217,1.0,5.0,1.0,410.0,295.0,706.0,408.0,78.0,433.0,155.0,687.0,731.0,698.0,4.0
218,1.0,5.0,1.0,243.0,193.0,549.0,365.0,337.0,664.0,353.0,647.0,719.0,602.0,10.0
219,1.0,5.0,1.0,690.0,186.0,644.0,328.0,202.0,439.0,251.0,551.0,685.0,494.0,7.0
220,1.0,5.0,1.0,814.0,20.0,30.0,382.0,518.0,735.0,644.0,752.0,530.0,228.0,8.0
221,1.0,5.0,1.0,835.0,81.0,167.0,129.0,371.0,654.0,574.0,606.0,643.0,283.0,2.0
222,1.0,5.0,1.0,804.0,190.0,203.0,317.0,646.0,434.0,469.0,490.0,394.0,152.0,1.0
223,1.0,5.0,1.0,761.0,405.0,417.0,187.0,632.0,93.0,423.0,274.0,551.0,136.0,0.0
224,1.0,5.0,1.0,656.0,421.0,757.0,335.0,87.0,90.0,195.0,651.0,579.0,387.0,5.0
225,1.0,5.0,1.0,701.0,376.0,691.0,344.0,199.0,216.0,326.0,636.0,671.0,210.0,6.0
226,1.0,5.0,1.0,416.0,289.0,792.0,667.0,189.0,111.0,8.0,401.0,779.0,673.0,3.0
227,1.0,5.0,1.0,306.0,293.0,789.0,818.0,64.0,114.0,6.0,501.0,759.0,729.0,9.0
228,1.0,5.0,1.0,420.0,223.0,725.0,499.0,83.0,441.0,193.0,638.0,692.0,733.0,4.0
229,1.0,5.0,1.0,148.0,225.0,600.0,421.0,385.0,672.0,304.0,624.0,711.0,552.0,10.0
230,1.0,5.0,1.0,675.0,174.0,658.0,354.0,170.0,459.0,315.0,516.0,675.0,511.0,7.0
231,1.0,5.0,1.0,795.0,16.0,45.0,443.0,543.0,748.0,644.0,751.0,488.0,222.0,8.0
232,1.0,5.0,1.0,830.0,78.0,161.0,134.0,378.0,657.0,579.0,627.0,648.0,278.0,2.0
233,1.0,5.0,1.0,801.0,170.0,188.0,326.0,608.0,447.0,444.0,500.0,343.0,231.0,1.0
234,1.0,5.0,1.0,747.0,390.0,415.0,152.0,671.0,78.0,396.0,277.0,545.0,106.0,0.0
235,1.0,5.0,1.0,677.0,326.0,771.0,400.0,86.0,54.0,175.0,613.0,595.0,458.0,5.0
236,1.0,5.0,1.0,712.0,324.0,684.0,339.0,216.0,137.0,338.0,609.0,739.0,191.0,6.0
237,1.0,5.0,1.0,452.0,216.0,782.0,696.0,295.0,147.0,4.0,295.0,775.0,722.0,3.0
238,1.0,5.0,1.0,304.0,290.0,779.0,809.0,88.0,130.0,0.0,531.0,767.0,750.0,9.0
239,1.0,5.0,1.0,423.0,219.0,716.0,476.0,56.0,506.0,309.0,653.0,654.0,701.0,4.0
240,1.0,5.0,1.0,85.0,250.0,635.0,465.0,399.0,665.0,240.0,579.0,708.0,493.0,10.0
241,1.0,5.0,1.0,630.0,180.0,662.0,361.0,190.0,481.0,298.0,514.0,661.0,481.0,7.0
242,1.0,5.0,1.0,775.0,15.0,57.0,475.0,544.0,751.0,666.0,745.0,463.0,211.0,8.0
243,1.0,5.0,1.0,827.0,71.0,156.0,146.0,379.0,656.0,571.0,626.0,652.0,283.0,2.0
244,1.0,5.0,1.0,785.0,156.0,223.0,358.0,612.0,482.0,448.0,503.0,317.0,227.0,1.0
245,1.0,5.0,1.0,752.0,320.0,438.0,259.0,472.0,243.0,314.0,222.0,650.0,83.0,0.0
246,1.0,5.0,1.0,667.0,341.0,768.0,370.0,69.0,51.0,236.0,628.0,563.0,462.0,5.0
247,1.0,5.0,1.0,722.0,249.0,698.0,377.0,237.0,153.0,276.0,590.0,753.0,264.0,6.0
248,1.0,5.0,1.0,513.0,155.0,765.0,715.0,323.0,148.0,11.0,258.0,771.0,748.0,3.0
249,1.0,5.0,1.0,318.0,274.0,778.0,811.0,60.0,116.0,2.0,530.0,772.0,739.0,9.0
250,1.0,5.0,1.0,426.0,184.0,710.0,504.0,48.0,531.0,389.0,643.0,615.0,688.0,4.0
251,1.0,5.0,1.0,75.0,254.0,650.0,472.0,364.0,676.0,246.0,577.0,697.0,477.0,10.0
252,1.0,5.0,1.0,590.0,197.0,676.0,364.0,222.0,497.0,313.0,535.0,633.0,457.0,7.0
253,1.0,5.0,1.0,751.0,12.0,64.0,501.0,549.0,757.0,677.0,748.0,446.0,209.0,8.0
254,1.0,5.0,1.0,822.0,59.0,162.0,158.0,376.0,649.0,561.0,635.0,644.0,273.0,2.0
255,1.0,5.0,1.0,780.0,157.0,195.0,349.0,600.0,481.0,487.0,552.0,327.0,181.0,1.0
256,1.0,5.0,1.0,749.0,307.0,393.0,315.0,390.0,370.0,163.0,386.0,542.0,114.0,0.0
257,1.0,5.0,1.0,651.0,344.0,761.0,385.0,75.0,34.0,242.0,645.0,554.0,471.0,5.0
258,1.0,5.0,1.0,707.0,168.0,700.0,432.0,258.0,246.0,249.0,614.0,733.0,332.0,6.0
259,1.0,5.0,1.0,555.0,139.0,754.0,693.0,235.0,105.0,38.0,357.0,774.0,705.0,3.0
260,1.0,5.0,1.0,329.0,244.0,776.0,823.0,47.0,96.0,7.0,525.0,768.0,741.0,9.0
261,1.0,5.0,1.0,398.0,153.0,704.0,539.0,52.0,601.0,489.0,629.0,514.0,597.0,4.0
262,1.0,5.0,1.0,56.0,313.0,652.0,461.0,389.0,673.0,238.0,601.0,691.0,393.0,10.0
263,1.0,5.0,1.0,563.0,219.0,673.0,370.0,263.0,516.0,330.0,539.0,631.0,425.0,7.0
264,1.0,3.0,0.0,466.0,0.0,675.0,720.0,733.0,731.0,188.0,73.0,194.0,604.0,8.0
265,1.0,3.0,0.0,433.0,100.0,701.0,697.0,770.0,315.0,30.0,57.0,235.0,505.0,2.0
266,1.0,3.0,0.0,629.0,110.0,668.0,673.0,652.0,28.0,85.0,150.0,404.0,561.0,1.0
267,1.0,3.0,0.0,820.0,203.0,555.0,177.0,459.0,50.0,459.0,226.0,211.0,539.0,0.0
268,1.0,3.0,0.0,576.0,486.0,507.0,66.0,247.0,157.0,725.0,329.0,321.0,397.0,5.0
269,1.0,3.0,0.0,670.0,367.0,372.0,83.0,437.0,74.0,742.0,303.0,169.0,601.0,6.0
270,1.0,3.0,0.0,317.0,566.0,800.0,340.0,120.0,23.0,362.0,749.0,424.0,143.0,3.0
271,1.0,3.0,0.0,204.0,818.0,631.0,180.0,110.0,11.0,490.0,784.0,418.0,374.0,9.0
272,1.0,3.0,0.0,139.0,636.0,601.0,121.0,616.0,520.0,563.0,424.0,277.0,51.0,4.0
273,1.0,3.0,0.0,114.0,670.0,736.0,470.0,716.0,349.0,231.0,588.0,104.0,88.0,10.0
274,1.0,3.0,0.0,528.0,198.0,572.0,96.0,568.0,252.0,597.0,576.0,133.0,365.0,7.0
275,1.0,3.0,0.0,422.0,1.0,688.0,695.0,741.0,738.0,147.0,63.0,291.0,629.0,8.0
276,1.0,3.0,0.0,406.0,116.0,763.0,668.0,754.0,287.0,23.0,52.0,304.0,507.0,2.0
277,1.0,3.0,0.0,602.0,127.0,672.0,649.0,696.0,36.0,73.0,90.0,422.0,578.0,1.0
278,1.0,3.0,0.0,818.0,194.0,517.0,241.0,426.0,55.0,483.0,224.0,242.0,528.0,0.0
279,1.0,3.0,0.0,545.0,495.0,467.0,85.0,268.0,266.0,711.0,294.0,308.0,339.0,5.0
280,1.0,3.0,0.0,686.0,328.0,348.0,79.0,470.0,112.0,740.0,272.0,256.0,508.0,6.0
281,1.0,3.0,0.0,351.0,584.0,794.0,283.0,107.0,40.0,434.0,780.0,391.0,143.0,3.0
282,1.0,3.0,0.0,186.0,843.0,648.0,139.0,79.0,52.0,492.0,725.0,516.0,422.0,9.0
283,1.0,3.0,0.0,143.0,659.0,536.0,141.0,662.0,447.0,584.0,459.0,200.0,67.0,4.0
284,1.0,3.0,0.0,105.0,631.0,722.0,452.0,753.0,309.0,362.0,598.0,142.0,55.0,10.0
285,1.0,3.0,0.0,520.0,199.0,537.0,124.0,550.0,236.0,593.0,547.0,101.0,377.0,7.0
286,1.0,3.0,0.0,356.0,4.0,720.0,728.0,731.0,709.0,74.0,46.0,399.0,626.0,8.0
287,1.0,3.0,0.0,430.0,88.0,785.0,653.0,754.0,332.0,38.0,64.0,313.0,437.0,2.0
288,1.0,3.0,0.0,600.0,126.0,650.0,713.0,659.0,25.0,130.0,65.0,407.0,581.0,1.0
289,1.0,3.0,0.0,810.0,172.0,604.0,216.0,455.0,29.0,441.0,269.0,250.0,545.0,0.0
290,1.0,3.0,0.0,517.0,532.0,414.0,76.0,321.0,403.0,709.0,187.0,312.0,293.0,5.0
291,1.0,3.0,0.0,650.0,311.0,296.0,151.0,489.0,224.0,705.0,196.0,206.0,502.0,6.0
292,1.0,3.0,0.0,342.0,646.0,799.0,253.0,102.0,61.0,412.0,771.0,362.0,259.0,3.0
293,1.0,3.0,0.0,147.0,842.0,594.0,98.0,91.0,145.0,633.0,690.0,543.0,367.0,9.0
294,1.0,3.0,0.0,146.0,620.0,592.0,179.0,574.0,385.0,609.0,499.0,278.0,61.0,4.0
295,1.0,3.0,0.0,86.0,567.0,739.0,353.0,745.0,375.0,338.0,605.0,123.0,15.0,10.0
296,1.0,3.0,0.0,474.0,221.0,535.0,131.0,556.0,222.0,580.0,493.0,97.0,380.0,7.0
297,1.0,3.0,0.0,327.0,8.0,740.0,713.0,714.0,704.0,71.0,47.0,383.0,612.0,8.0
298,1.0,3.0,0.0,460.0,66.0,791.0,639.0,756.0,359.0,60.0,74.0,265.0,381.0,2.0
299,1.0,3.0,0.0,553.0,126.0,669.0,760.0,614.0,9.0,77.0,148.0,449.0,589.0,1.0
300,1.0,3.0,0.0,816.0,178.0,598.0,218.0,501.0,24.0,542.0,207.0,238.0,523.0,0.0
301,1.0,3.0,0.0,510.0,518.0,449.0,160.0,181.0,448.0,712.0,230.0,193.0,363.0,5.0
302,1.0,3.0,0.0,552.0,288.0,330.0,239.0,574.0,319.0,646.0,214.0,105.0,475.0,6.0
303,1.0,3.0,0.0,299.0,727.0,772.0,170.0,90.0,60.0,410.0,760.0,234.0,338.0,3.0
304,1.0,3.0,0.0,99.0,840.0,615.0,183.0,99.0,94.0,640.0,696.0,565.0,350.0,9.0
305,1.0,3.0,0.0,136.0,616.0,642.0,180.0,570.0,347.0,578.0,456.0,313.0,62.0,4.0
306,1.0,3.0,0.0,69.0,624.0,743.0,316.0,728.0,442.0,299.0,584.0,163.0,12.0,10.0
307,1.0,3.0,0.0,491.0,221.0,540.0,200.0,553.0,139.0,620.0,467.0,79.0,386.0,7.0
308,1.0,3.0,0.0,267.0,14.0,749.0,664.0,720.0,712.0,53.0,25.0,360.0,650.0,8.0
309,1.0,3.0,0.0,390.0,94.0,797.0,628.0,750.0,191.0,39.0,104.0,216.0,442.0,2.0
310,1.0,3.0,0.0,397.0,224.0,742.0,688.0,528.0,1.0,97.0,260.0,561.0,554.0,1.0
311,1.0,3.0,0.0,817.0,189.0,548.0,318.0,477.0,18.0,602.0,195.0,251.0,492.0,0.0
312,1.0,3.0,0.0,487.0,489.0,506.0,206.0,182.0,338.0,733.0,284.0,129.0,390.0,5.0
313,1.0,3.0,0.0,483.0,255.0,450.0,369.0,562.0,400.0,601.0,239.0,68.0,413.0,6.0
314,1.0,3.0,0.0,270.0,813.0,622.0,72.0,174.0,127.0,625.0,528.0,199.0,307.0,3.0
315,1.0,3.0,0.0,102.0,838.0,653.0,219.0,67.0,87.0,535.0,656.0,568.0,376.0,9.0
316,1.0,3.0,0.0,125.0,640.0,691.0,190.0,569.0,308.0,491.0,385.0,310.0,59.0,4.0
317,1.0,3.0,0.0,59.0,706.0,744.0,287.0,737.0,452.0,360.0,631.0,208.0,26.0,10.0
318,1.0,3.0,0.0,551.0,217.0,541.0,206.0,559.0,151.0,604.0,463.0,59.0,430.0,7.0
319,1.0,3.0,0.0,266.0,17.0,752.0,648.0,723.0,707.0,46.0,16.0,364.0,676.0,8.0
320,1.0,3.0,0.0,316.0,137.0,748.0,689.0,730.0,20.0,47.0,137.0,230.0,582.0,2.0
321,1.0,3.0,0.0,386.0,203.0,728.0,706.0,623.0,6.0,77.0,205.0,481.0,517.0,1.0
322,1.0,3.0,0.0,808.0,206.0,571.0,302.0,483.0,17.0,503.0,262.0,212.0,515.0,0.0
323,1.0,3.0,0.0,508.0,495.0,494.0,104.0,282.0,312.0,720.0,337.0,188.0,347.0,5.0
324,1.0,3.0,0.0,396.0,220.0,518.0,510.0,504.0,378.0,619.0,193.0,116.0,391.0,6.0
325,1.0,3.0,0.0,277.0,753.0,576.0,149.0,223.0,158.0,689.0,413.0,263.0,137.0,3.0
326,1.0,3.0,0.0,100.0,810.0,660.0,230.0,69.0,39.0,448.0,698.0,558.0,369.0,9.0
327,1.0,3.0,0.0,140.0,611.0,621.0,275.0,610.0,308.0,558.0,419.0,227.0,40.0,4.0
328,1.0,3.0,0.0,55.0,710.0,795.0,234.0,690.0,527.0,325.0,641.0,318.0,18.0,10.0
329,1.0,3.0,0.0,586.0,211.0,607.0,263.0,566.0,75.0,585.0,446.0,91.0,337.0,7.0
330,1.0,4.0,0.0,377.0,32.0,432.0,584.0,777.0,567.0,741.0,4.0,103.0,484.0,8.0
331,1.0,4.0,0.0,219.0,226.0,551.0,772.0,724.0,642.0,45.0,69.0,74.0,466.0,2.0
332,1.0,4.0,0.0,610.0,163.0,198.0,664.0,640.0,517.0,141.0,162.0,200.0,575.0,1.0
333,1.0,4.0,0.0,671.0,297.0,235.0,426.0,380.0,114.0,483.0,26.0,387.0,562.0,0.0
334,1.0,4.0,0.0,531.0,564.0,359.0,247.0,101.0,228.0,618.0,452.0,467.0,141.0,5.0
335,1.0,4.0,0.0,601.0,465.0,261.0,257.0,272.0,353.0,458.0,322.0,436.0,296.0,6.0
336,1.0,4.0,0.0,357.0,661.0,331.0,229.0,269.0,169.0,706.0,427.0,492.0,36.0,3.0
337,1.0,4.0,0.0,94.0,771.0,464.0,560.0,133.0,49.0,660.0,450.0,727.0,403.0,9.0
338,1.0,4.0,0.0,252.0,643.0,51.0,528.0,403.0,681.0,480.0,773.0,479.0,5.0,4.0
339,1.0,4.0,0.0,41.0,747.0,147.0,506.0,692.0,257.0,610.0,248.0,414.0,3.0,10.0
340,1.0,4.0,0.0,478.0,373.0,275.0,588.0,402.0,547.0,475.0,618.0,426.0,10.0,7.0
341,1.0,4.0,0.0,392.0,49.0,338.0,523.0,786.0,629.0,729.0,0.0,96.0,518.0,8.0
342,1.0,4.0,0.0,292.0,196.0,471.0,790.0,735.0,715.0,174.0,113.0,45.0,390.0,2.0
343,1.0,4.0,0.0,597.0,162.0,254.0,672.0,651.0,546.0,207.0,171.0,119.0,572.0,1.0
344,1.0,4.0,0.0,662.0,287.0,273.0,438.0,328.0,163.0,406.0,32.0,405.0,504.0,0.0
345,1.0,4.0,0.0,540.0,522.0,390.0,306.0,89.0,119.0,658.0,460.0,499.0,172.0,5.0
346,1.0,4.0,0.0,638.0,423.0,358.0,234.0,255.0,405.0,423.0,334.0,498.0,284.0,6.0
347,1.0,4.0,0.0,366.0,678.0,250.0,243.0,306.0,255.0,730.0,390.0,393.0,28.0,3.0
348,1.0,4.0,0.0,98.0,726.0,483.0,632.0,82.0,32.0,637.0,462.0,750.0,407.0,9.0
349,1.0,4.0,0.0,201.0,599.0,223.0,506.0,339.0,622.0,317.0,785.0,592.0,9.0,4.0
350,1.0,4.0,0.0,40.0,754.0,164.0,505.0,686.0,195.0,650.0,249.0,459.0,2.0,10.0
351,1.0,4.0,0.0,486.0,340.0,257.0,598.0,367.0,520.0,475.0,667.0,437.0,31.0,7.0
352,1.0,4.0,0.0,368.0,43.0,465.0,568.0,781.0,566.0,736.0,1.0,47.0,537.0,8.0
353,1.0,4.0,0.0,320.0,154.0,489.0,796.0,716.0,742.0,317.0,240.0,10.0,438.0,2.0
354,1.0,4.0,0.0,542.0,185.0,324.0,694.0,661.0,510.0,179.0,147.0,85.0,603.0,1.0
355,1.0,4.0,0.0,628.0,302.0,254.0,427.0,348.0,194.0,344.0,37.0,372.0,472.0,0.0
356,1.0,4.0,0.0,546.0,547.0,349.0,280.0,114.0,131.0,698.0,384.0,474.0,159.0,5.0
357,1.0,4.0,0.0,670.0,388.0,378.0,246.0,238.0,415.0,431.0,370.0,513.0,221.0,6.0
358,1.0,4.0,0.0,403.0,658.0,291.0,166.0,373.0,291.0,727.0,466.0,397.0,21.0,3.0
359,1.0,4.0,0.0,105.0,747.0,446.0,616.0,47.0,86.0,613.0,491.0,752.0,306.0,9.0
360,1.0,4.0,0.0,242.0,527.0,194.0,496.0,343.0,628.0,292.0,788.0,525.0,10.0,4.0
361,1.0,4.0,0.0,36.0,775.0,251.0,457.0,617.0,199.0,575.0,264.0,610.0,0.0,10.0
362,1.0,4.0,0.0,463.0,315.0,280.0,574.0,352.0,513.0,424.0,634.0,454.0,42.0,7.0
363,1.0,4.0,0.0,296.0,44.0,606.0,600.0,788.0,457.0,692.0,5.0,21.0,530.0,8.0
364,1.0,4.0,0.0,346.0,133.0,442.0,793.0,712.0,744.0,417.0,283.0,13.0,382.0,2.0
365,1.0,4.0,0.0,445.0,217.0,369.0,715.0,657.0,465.0,137.0,119.0,83.0,630.0,1.0
366,1.0,4.0,0.0,578.0,319.0,267.0,383.0,417.0,124.0,377.0,15.0,401.0,503.0,0.0
367,1.0,4.0,0.0,551.0,588.0,305.0,178.0,174.0,223.0,701.0,312.0,489.0,104.0,5.0
368,1.0,4.0,0.0,665.0,332.0,408.0,330.0,229.0,424.0,374.0,470.0,476.0,151.0,6.0
369,1.0,4.0,0.0,431.0,653.0,261.0,115.0,400.0,404.0,717.0,445.0,456.0,60.0,3.0
370,1.0,4.0,0.0,107.0,762.0,452.0,594.0,36.0,178.0,632.0,513.0,751.0,241.0,9.0
371,1.0,4.0,0.0,240.0,484.0,209.0,551.0,377.0,558.0,355.0,755.0,625.0,20.0,4.0
372,1.0,4.0,0.0,29.0,809.0,331.0,359.0,664.0,83.0,593.0,240.0,580.0,4.0,10.0
373,1.0,4.0,0.0,480.0,303.0,252.0,578.0,327.0,456.0,498.0,572.0,519.0,24.0,7.0
374,1.0,4.0,0.0,239.0,54.0,638.0,622.0,785.0,431.0,673.0,3.0,46.0,454.0,8.0
375,1.0,4.0,0.0,355.0,129.0,399.0,775.0,721.0,737.0,439.0,339.0,9.0,351.0,2.0
376,1.0,4.0,0.0,442.0,204.0,398.0,675.0,680.0,474.0,136.0,181.0,43.0,648.0,1.0
377,1.0,4.0,0.0,550.0,314.0,300.0,429.0,382.0,133.0,361.0,17.0,420.0,485.0,0.0
378,1.0,4.0,0.0,538.0,587.0,309.0,197.0,137.0,293.0,694.0,309.0,528.0,70.0,5.0
379,1.0,4.0,0.0,613.0,272.0,416.0,425.0,281.0,440.0,290.0,629.0,335.0,180.0,6.0
380,1.0,4.0,0.0,398.0,668.0,256.0,162.0,398.0,493.0,713.0,273.0,487.0,101.0,3.0
381,1.0,4.0,0.0,110.0,741.0,485.0,603.0,45.0,116.0,635.0,522.0,766.0,327.0,9.0
382,1.0,4.0,0.0,211.0,420.0,328.0,623.0,436.0,543.0,260.0,742.0,606.0,47.0,4.0
383,1.0,4.0,0.0,25.0,839.0,343.0,310.0,659.0,70.0,555.0,271.0,525.0,11.0,10.0
384,1.0,4.0,0.0,492.0,281.0,266.0,592.0,324.0,406.0,519.0,564.0,564.0,16.0,7.0
385,1.0,4.0,0.0,213.0,70.0,625.0,635.0,782.0,450.0,663.0,2.0,62.0,406.0,8.0
386,1.0,4.0,0.0,352.0,120.0,388.0,759.0,733.0,697.0,416.0,413.0,11.0,246.0,2.0
387,1.0,4.0,0.0,504.0,165.0,318.0,665.0,683.0,515.0,210.0,211.0,15.0,626.0,1.0
388,1.0,4.0,0.0,481.0,317.0,329.0,448.0,370.0,140.0,347.0,31.0,402.0,499.0,0.0
389,1.0,4.0,0.0,534.0,586.0,288.0,220.0,90.0,337.0,691.0,345.0,504.0,63.0,5.0
390,1.0,4.0,0.0,530.0,237.0,437.0,459.0,373.0,477.0,302.0,681.0,280.0,178.0,6.0
391,1.0,4.0,0.0,333.0,634.0,451.0,238.0,362.0,475.0,656.0,217.0,503.0,84.0,3.0
392,1.0,4.0,0.0,141.0,766.0,340.0,492.0,38.0,343.0,688.0,562.0,754.0,264.0,9.0
393,1.0,4.0,0.0,218.0,312.0,378.0,693.0,491.0,615.0,118.0,724.0,486.0,278.0,4.0
394,1.0,4.0,0.0,21.0,845.0,224.0,388.0,625.0,83.0,603.0,242.0,538.0,1.0,10.0
395,1.0,4.0,0.0,489.0,278.0,271.0,581.0,329.0,398.0,528.0,548.0,566.0,17.0,7.0
396,1.0,8.0,0.0,408.0,13.0,423.0,619.0,797.0,599.0,482.0,7.0,421.0,414.0,8.0
397,1.0,8.0,0.0,643.0,45.0,272.0,516.0,795.0,559.0,334.0,316.0,135.0,550.0,2.0
398,1.0,8.0,0.0,731.0,142.0,394.0,625.0,619.0,150.0,82.0,109.0,377.0,608.0,1.0
399,1.0,8.0,0.0,792.0,534.0,352.0,301.0,468.0,27.0,522.0,202.0,142.0,529.0,0.0
400,1.0,8.0,0.0,673.0,672.0,534.0,118.0,51.0,249.0,435.0,665.0,112.0,310.0,5.0
401,1.0,8.0,0.0,708.0,685.0,514.0,87.0,267.0,286.0,443.0,429.0,75.0,482.0,6.0
402,1.0,8.0,0.0,585.0,569.0,750.0,336.0,43.0,58.0,211.0,778.0,464.0,128.0,3.0
403,1.0,8.0,0.0,102.0,757.0,580.0,2.0,249.0,378.0,662.0,615.0,520.0,95.0,9.0
404,1.0,8.0,0.0,174.0,560.0,581.0,44.0,645.0,266.0,719.0,767.0,51.0,319.0,4.0
405,1.0,8.0,0.0,16.0,664.0,719.0,260.0,681.0,38.0,562.0,444.0,49.0,352.0,10.0
406,1.0,8.0,0.0,658.0,277.0,570.0,174.0,490.0,232.0,351.0,542.0,25.0,409.0,7.0
407,1.0,8.0,0.0,345.0,19.0,490.0,636.0,799.0,556.0,470.0,10.0,356.0,471.0,8.0
408,1.0,8.0,0.0,611.0,47.0,341.0,502.0,789.0,590.0,294.0,335.0,121.0,555.0,2.0
409,1.0,8.0,0.0,745.0,140.0,273.0,640.0,668.0,180.0,126.0,55.0,342.0,621.0,1.0
410,1.0,8.0,0.0,783.0,524.0,401.0,346.0,463.0,14.0,529.0,176.0,223.0,435.0,0.0
411,1.0,8.0,0.0,664.0,673.0,559.0,94.0,35.0,302.0,415.0,648.0,132.0,262.0,5.0
412,1.0,8.0,0.0,704.0,686.0,458.0,168.0,236.0,292.0,525.0,371.0,56.0,565.0,6.0
413,1.0,8.0,0.0,588.0,582.0,753.0,372.0,42.0,35.0,161.0,774.0,526.0,118.0,3.0
414,1.0,8.0,0.0,81.0,791.0,447.0,7.0,340.0,367.0,674.0,597.0,344.0,89.0,9.0
415,1.0,8.0,0.0,158.0,530.0,661.0,38.0,608.0,305.0,676.0,775.0,55.0,331.0,4.0
416,1.0,8.0,0.0,13.0,615.0,737.0,186.0,708.0,91.0,581.0,520.0,24.0,332.0,10.0
417,1.0,8.0,0.0,610.0,375.0,480.0,195.0,519.0,221.0,396.0,448.0,3.0,521.0,7.0
418,1.0,8.0,0.0,300.0,24.0,491.0,664.0,798.0,569.0,479.0,11.0,314.0,517.0,8.0
419,1.0,8.0,0.0,536.0,50.0,435.0,512.0,793.0,571.0,159.0,292.0,153.0,563.0,2.0
420,1.0,8.0,0.0,725.0,145.0,298.0,658.0,648.0,118.0,161.0,44.0,413.0,614.0,1.0
421,1.0,8.0,0.0,769.0,520.0,383.0,409.0,406.0,15.0,496.0,152.0,269.0,468.0,0.0
422,1.0,8.0,0.0,645.0,674.0,520.0,102.0,26.0,316.0,444.0,664.0,115.0,290.0,5.0
423,1.0,8.0,0.0,693.0,604.0,519.0,276.0,176.0,248.0,549.0,361.0,55.0,567.0,6.0
424,1.0,8.0,0.0,571.0,619.0,732.0,352.0,39.0,30.0,228.0,776.0,462.0,85.0,3.0
425,1.0,8.0,0.0,78.0,825.0,242.0,13.0,462.0,362.0,707.0,533.0,248.0,76.0,9.0
426,1.0,8.0,0.0,130.0,523.0,664.0,28.0,656.0,425.0,592.0,711.0,38.0,421.0,4.0
427,1.0,8.0,0.0,8.0,503.0,764.0,135.0,713.0,182.0,553.0,689.0,22.0,313.0,10.0
428,1.0,8.0,0.0,562.0,461.0,356.0,284.0,515.0,168.0,483.0,291.0,5.0,617.0,7.0
429,1.0,8.0,0.0,246.0,29.0,533.0,655.0,801.0,614.0,508.0,22.0,300.0,551.0,8.0
430,1.0,8.0,0.0,424.0,67.0,500.0,554.0,790.0,469.0,120.0,246.0,166.0,596.0,2.0
431,1.0,8.0,0.0,649.0,159.0,357.0,679.0,536.0,110.0,151.0,60.0,511.0,580.0,1.0
432,1.0,8.0,0.0,764.0,521.0,370.0,395.0,433.0,21.0,436.0,132.0,232.0,502.0,0.0
433,1.0,8.0,0.0,632.0,654.0,501.0,143.0,18.0,218.0,492.0,695.0,144.0,242.0,5.0
434,1.0,8.0,0.0,660.0,552.0,524.0,349.0,173.0,244.0,571.0,234.0,61.0,584.0,6.0
435,1.0,8.0,0.0,521.0,627.0,666.0,292.0,37.0,72.0,404.0,765.0,237.0,98.0,3.0
436,1.0,8.0,0.0,71.0,832.0,131.0,21.0,537.0,377.0,726.0,478.0,190.0,87.0,9.0
437,1.0,8.0,0.0,144.0,546.0,522.0,41.0,743.0,443.0,516.0,546.0,17.0,515.0,4.0
438,1.0,8.0,0.0,7.0,542.0,790.0,99.0,701.0,217.0,459.0,625.0,39.0,317.0,10.0
439,1.0,8.0,0.0,515.0,476.0,335.0,322.0,485.0,185.0,457.0,232.0,18.0,625.0,7.0
440,1.0,8.0,0.0,93.0,51.0,671.0,680.0,802.0,624.0,425.0,63.0,384.0,561.0,8.0
441,1.0,8.0,0.0,415.0,75.0,466.0,569.0,791.0,402.0,147.0,209.0,130.0,646.0,2.0
442,1.0,8.0,0.0,663.0,130.0,306.0,662.0,531.0,226.0,132.0,38.0,523.0,595.0,1.0
443,1.0,8.0,0.0,757.0,503.0,392.0,451.0,355.0,47.0,378.0,146.0,191.0,531.0,0.0
444,1.0,8.0,0.0,617.0,644.0,497.0,153.0,20.0,144.0,534.0,672.0,229.0,192.0,5.0
445,1.0,8.0,0.0,582.0,499.0,429.0,298.0,315.0,341.0,462.0,92.0,89.0,628.0,6.0
446,1.0,8.0,0.0,472.0,646.0,568.0,225.0,53.0,136.0,577.0,712.0,99.0,150.0,3.0
447,1.0,8.0,0.0,72.0,826.0,110.0,26.0,586.0,406.0,738.0,421.0,165.0,102.0,9.0
448,1.0,8.0,0.0,160.0,511.0,493.0,60.0,765.0,436.0,370.0,462.0,22.0,520.0,4.0
449,1.0,8.0,0.0,1.0,600.0,798.0,110.0,660.0,197.0,348.0,607.0,42.0,342.0,10.0
450,1.0,8.0,0.0,529.0,470.0,243.0,321.0,524.0,283.0,359.0,179.0,48.0,598.0,7.0
451,1.0,8.0,0.0,44.0,105.0,775.0,702.0,800.0,578.0,311.0,96.0,389.0,543.0,8.0
452,1.0,8.0,0.0,439.0,69.0,448.0,555.0,787.0,361.0,219.0,220.0,111.0,654.0,2.0
453,1.0,8.0,0.0,683.0,87.0,292.0,626.0,620.0,195.0,320.0,18.0,372.0,660.0,1.0
454,1.0,8.0,0.0,748.0,481.0,419.0,460.0,344.0,53.0,354.0,172.0,168.0,583.0,0.0
455,1.0,8.0,0.0,612.0,655.0,482.0,123.0,22.0,154.0,535.0,640.0,283.0,204.0,5.0
456,1.0,8.0,0.0,488.0,472.0,239.0,313.0,535.0,344.0,303.0,29.0,218.0,641.0,6.0
457,1.0,8.0,0.0,437.0,606.0,502.0,119.0,115.0,250.0,605.0,623.0,114.0,126.0,3.0
458,1.0,8.0,0.0,73.0,801.0,227.0,15.0,537.0,317.0,739.0,442.0,311.0,168.0,9.0
459,1.0,8.0,0.0,104.0,531.0,507.0,91.0,780.0,449.0,207.0,307.0,134.0,498.0,4.0
460,1.0,8.0,0.0,0.0,612.0,762.0,116.0,690.0,217.0,447.0,643.0,26.0,314.0,10.0
461,1.0,8.0,0.0,577.0,412.0,327.0,266.0,516.0,313.0,444.0,268.0,20.0,538.0,7.0
462,1.0,10.0,0.0,9.0,541.0,812.0,810.0,424.0,16.0,106.0,304.0,510.0,640.0,8.0
463,1.0,10.0,0.0,106.0,377.0,756.0,658.0,749.0,13.0,13.0,80.0,231.0,730.0,2.0
464,1.0,10.0,0.0,248.0,176.0,603.0,687.0,605.0,10.0,121.0,94.0,349.0,749.0,1.0
465,1.0,10.0,0.0,324.0,264.0,378.0,337.0,355.0,176.0,511.0,482.0,258.0,642.0,0.0
466,1.0,10.0,0.0,561.0,570.0,124.0,171.0,223.0,357.0,744.0,53.0,225.0,456.0,5.0
467,1.0,10.0,0.0,429.0,468.0,92.0,343.0,258.0,375.0,588.0,166.0,261.0,690.0,6.0
468,1.0,10.0,0.0,249.0,706.0,312.0,81.0,259.0,211.0,700.0,649.0,0.0,491.0,3.0
469,1.0,10.0,0.0,80.0,872.0,300.0,1.0,446.0,411.0,487.0,719.0,72.0,327.0,9.0
470,1.0,10.0,0.0,67.0,852.0,462.0,4.0,657.0,413.0,316.0,387.0,52.0,433.0,4.0
471,1.0,10.0,0.0,19.0,868.0,403.0,67.0,459.0,43.0,716.0,173.0,128.0,564.0,10.0
472,1.0,10.0,0.0,126.0,562.0,560.0,137.0,567.0,269.0,140.0,138.0,336.0,697.0,7.0
473,1.0,10.0,0.0,5.0,566.0,813.0,801.0,416.0,37.0,55.0,346.0,557.0,592.0,8.0
474,1.0,10.0,0.0,76.0,509.0,738.0,686.0,643.0,0.0,25.0,76.0,407.0,767.0,2.0
475,1.0,10.0,0.0,184.0,231.0,640.0,647.0,606.0,5.0,117.0,115.0,412.0,752.0,1.0
476,1.0,10.0,0.0,279.0,266.0,398.0,341.0,402.0,187.0,466.0,486.0,263.0,627.0,0.0
477,1.0,10.0,0.0,485.0,551.0,140.0,194.0,166.0,377.0,746.0,69.0,267.0,393.0,5.0
478,1.0,10.0,0.0,348.0,469.0,150.0,334.0,211.0,319.0,626.0,308.0,208.0,668.0,6.0
479,1.0,10.0,0.0,206.0,738.0,319.0,46.0,307.0,274.0,656.0,682.0,1.0,540.0,3.0
480,1.0,10.0,0.0,63.0,870.0,176.0,0.0,578.0,592.0,418.0,638.0,31.0,375.0,9.0
481,1.0,10.0,0.0,65.0,849.0,289.0,18.0,729.0,378.0,401.0,313.0,4.0,428.0,4.0
482,1.0,10.0,0.0,17.0,871.0,454.0,14.0,475.0,52.0,668.0,369.0,180.0,533.0,10.0
483,1.0,10.0,0.0,109.0,561.0,512.0,188.0,572.0,268.0,175.0,116.0,309.0,727.0,7.0
484,1.0,10.0,0.0,3.0,529.0,811.0,816.0,288.0,33.0,68.0,318.0,602.0,569.0,8.0
485,1.0,10.0,0.0,74.0,439.0,723.0,779.0,622.0,2.0,69.0,30.0,325.0,774.0,2.0
486,1.0,10.0,0.0,152.0,230.0,650.0,624.0,671.0,4.0,96.0,164.0,395.0,765.0,1.0
487,1.0,10.0,0.0,288.0,262.0,326.0,295.0,495.0,284.0,343.0,488.0,257.0,682.0,0.0
488,1.0,10.0,0.0,343.0,550.0,178.0,191.0,205.0,295.0,747.0,68.0,351.0,443.0,5.0
489,1.0,10.0,0.0,244.0,464.0,220.0,360.0,229.0,318.0,583.0,314.0,282.0,663.0,6.0
490,1.0,10.0,0.0,179.0,716.0,428.0,24.0,335.0,330.0,574.0,668.0,41.0,519.0,3.0
491,1.0,10.0,0.0,59.0,869.0,81.0,5.0,689.0,568.0,454.0,508.0,83.0,408.0,9.0
492,1.0,10.0,0.0,62.0,847.0,236.0,47.0,718.0,336.0,506.0,293.0,35.0,364.0,4.0
493,1.0,10.0,0.0,14.0,874.0,255.0,3.0,587.0,109.0,647.0,320.0,159.0,652.0,10.0
494,1.0,10.0,0.0,116.0,487.0,380.0,285.0,678.0,289.0,224.0,104.0,297.0,662.0,7.0
495,1.0,10.0,0.0,4.0,491.0,809.0,825.0,230.0,12.0,109.0,270.0,646.0,534.0,8.0
496,1.0,10.0,0.0,85.0,304.0,714.0,803.0,700.0,7.0,80.0,42.0,224.0,768.0,2.0
497,1.0,10.0,0.0,117.0,246.0,608.0,645.0,674.0,18.0,168.0,112.0,365.0,706.0,1.0
498,1.0,10.0,0.0,303.0,260.0,219.0,314.0,490.0,339.0,408.0,431.0,221.0,710.0,0.0
499,1.0,10.0,0.0,226.0,575.0,274.0,110.0,341.0,170.0,743.0,168.0,408.0,486.0,5.0
500,1.0,10.0,0.0,229.0,392.0,158.0,416.0,338.0,438.0,548.0,168.0,313.0,691.0,6.0
501,1.0,10.0,0.0,189.0,699.0,364.0,12.0,454.0,476.0,520.0,598.0,14.0,504.0,3.0
502,1.0,10.0,0.0,65.0,867.0,19.0,29.0,747.0,550.0,513.0,399.0,95.0,413.0,9.0
503,1.0,10.0,0.0,53.0,851.0,314.0,22.0,706.0,362.0,441.0,333.0,50.0,387.0,4.0
504,1.0,10.0,0.0,10.0,873.0,347.0,19.0,484.0,115.0,523.0,213.0,454.0,492.0,10.0
505,1.0,10.0,0.0,129.0,437.0,320.0,296.0,731.0,273.0,242.0,190.0,284.0,590.0,7.0
506,1.0,10.0,0.0,2.0,482.0,806.0,813.0,305.0,19.0,37.0,254.0,700.0,516.0,8.0
507,1.0,10.0,0.0,73.0,304.0,734.0,711.0,737.0,8.0,49.0,103.0,210.0,758.0,2.0
508,1.0,10.0,0.0,85.0,275.0,588.0,657.0,574.0,81.0,223.0,75.0,400.0,645.0,1.0
509,1.0,10.0,0.0,290.0,239.0,213.0,401.0,365.0,373.0,530.0,411.0,202.0,713.0,0.0
510,1.0,10.0,0.0,216.0,555.0,182.0,114.0,459.0,318.0,731.0,100.0,370.0,532.0,5.0
511,1.0,10.0,0.0,183.0,395.0,114.0,446.0,457.0,374.0,539.0,178.0,253.0,758.0,6.0
512,1.0,10.0,0.0,203.0,690.0,216.0,48.0,472.0,371.0,665.0,554.0,8.0,488.0,3.0
513,1.0,10.0,0.0,66.0,866.0,24.0,17.0,690.0,526.0,582.0,499.0,127.0,401.0,9.0
514,1.0,10.0,0.0,47.0,858.0,433.0,10.0,644.0,342.0,367.0,400.0,31.0,460.0,4.0
515,1.0,10.0,0.0,11.0,876.0,29.0,140.0,635.0,195.0,381.0,45.0,455.0,581.0,10.0
516,1.0,10.0,0.0,112.0,419.0,372.0,250.0,746.0,294.0,200.0,225.0,369.0,522.0,7.0
517,1.0,10.0,0.0,6.0,463.0,805.0,780.0,350.0,22.0,24.0,169.0,724.0,509.0,8.0
518,1.0,10.0,0.0,55.0,384.0,746.0,656.0,704.0,3.0,61.0,149.0,277.0,746.0,2.0
519,1.0,10.0,0.0,70.0,257.0,612.0,666.0,596.0,44.0,308.0,142.0,332.0,643.0,1.0
520,1.0,10.0,0.0,290.0,213.0,166.0,495.0,244.0,470.0,604.0,326.0,319.0,663.0,0.0
521,1.0,10.0,0.0,295.0,514.0,67.0,184.0,404.0,495.0,722.0,72.0,314.0,576.0,5.0
522,1.0,10.0,0.0,127.0,400.0,106.0,474.0,533.0,288.0,568.0,199.0,280.0,726.0,6.0
523,1.0,10.0,0.0,149.0,681.0,262.0,155.0,315.0,220.0,718.0,521.0,16.0,535.0,3.0
524,1.0,10.0,0.0,58.0,861.0,72.0,6.0,608.0,501.0,567.0,549.0,254.0,415.0,9.0
525,1.0,10.0,0.0,48.0,859.0,280.0,23.0,735.0,384.0,217.0,289.0,33.0,512.0,4.0
526,1.0,10.0,0.0,12.0,875.0,43.0,132.0,676.0,198.0,265.0,67.0,405.0,547.0,10.0
527,1.0,10.0,0.0,92.0,431.0,440.0,167.0,751.0,289.0,138.0,268.0,490.0,553.0,7.0
528,0.0,6.0,1.0,846.0,7.0,12.0,519.0,496.0,632.0,720.0,732.0,395.0,240.0,8.0
529,0.0,6.0,1.0,627.0,48.0,412.0,430.0,673.0,750.0,490.0,364.0,351.0,178.0,2.0
530,0.0,6.0,1.0,668.0,138.0,387.0,360.0,698.0,499.0,288.0,333.0,357.0,95.0,1.0
531,0.0,6.0,1.0,803.0,408.0,151.0,40.0,486.0,172.0,253.0,344.0,531.0,328.0,0.0
532,0.0,6.0,1.0,606.0,735.0,424.0,297.0,152.0,221.0,337.0,730.0,629.0,238.0,5.0
533,0.0,6.0,1.0,666.0,284.0,699.0,487.0,233.0,321.0,128.0,557.0,746.0,357.0,6.0
534,0.0,6.0,1.0,574.0,239.0,752.0,725.0,188.0,233.0,16.0,350.0,688.0,728.0,3.0
535,0.0,6.0,1.0,231.0,784.0,667.0,95.0,11.0,330.0,209.0,756.0,747.0,613.0,9.0
536,0.0,6.0,1.0,221.0,268.0,766.0,591.0,103.0,417.0,54.0,286.0,651.0,756.0,4.0
537,0.0,6.0,1.0,15.0,348.0,788.0,651.0,270.0,405.0,133.0,122.0,422.0,766.0,10.0
538,0.0,6.0,1.0,535.0,146.0,565.0,327.0,246.0,612.0,237.0,658.0,761.0,555.0,7.0
539,0.0,6.0,1.0,848.0,6.0,6.0,549.0,523.0,644.0,728.0,772.0,501.0,268.0,8.0
540,0.0,6.0,1.0,669.0,72.0,282.0,374.0,658.0,745.0,517.0,546.0,502.0,180.0,2.0
541,0.0,6.0,1.0,621.0,144.0,487.0,414.0,686.0,538.0,166.0,227.0,355.0,107.0,1.0
542,0.0,6.0,1.0,809.0,379.0,196.0,57.0,407.0,246.0,229.0,447.0,554.0,360.0,0.0
543,0.0,6.0,1.0,595.0,728.0,420.0,356.0,145.0,123.0,340.0,714.0,668.0,271.0,5.0
544,0.0,6.0,1.0,637.0,371.0,676.0,392.0,212.0,356.0,268.0,565.0,734.0,266.0,6.0
545,0.0,6.0,1.0,581.0,233.0,759.0,774.0,196.0,254.0,18.0,367.0,672.0,736.0,3.0
546,0.0,6.0,1.0,224.0,767.0,683.0,189.0,16.0,204.0,183.0,754.0,715.0,696.0,9.0
547,0.0,6.0,1.0,196.0,519.0,760.0,479.0,134.0,412.0,59.0,372.0,676.0,672.0,4.0
548,0.0,6.0,1.0,24.0,240.0,781.0,755.0,289.0,407.0,148.0,109.0,326.0,773.0,10.0
549,0.0,6.0,1.0,488.0,125.0,582.0,381.0,261.0,610.0,216.0,630.0,745.0,558.0,7.0
550,0.0,6.0,1.0,802.0,2.0,38.0,668.0,642.0,661.0,735.0,750.0,364.0,213.0,8.0
551,0.0,6.0,1.0,791.0,79.0,145.0,251.0,500.0,725.0,536.0,718.0,670.0,341.0,2.0
552,0.0,6.0,1.0,604.0,115.0,596.0,441.0,612.0,605.0,157.0,203.0,353.0,233.0,1.0
553,0.0,6.0,1.0,806.0,259.0,289.0,71.0,390.0,252.0,164.0,539.0,600.0,354.0,0.0
554,0.0,6.0,1.0,572.0,689.0,550.0,375.0,154.0,156.0,245.0,691.0,736.0,298.0,5.0
555,0.0,6.0,1.0,624.0,351.0,687.0,368.0,123.0,464.0,415.0,511.0,659.0,261.0,6.0
556,0.0,6.0,1.0,622.0,187.0,751.0,799.0,224.0,274.0,12.0,331.0,657.0,764.0,3.0
557,0.0,6.0,1.0,205.0,722.0,713.0,299.0,31.0,95.0,127.0,707.0,712.0,720.0,9.0
558,0.0,6.0,1.0,227.0,432.0,804.0,602.0,111.0,391.0,203.0,381.0,581.0,731.0,4.0
559,0.0,6.0,1.0,27.0,224.0,773.0,768.0,314.0,465.0,123.0,81.0,338.0,770.0,10.0
560,0.0,6.0,1.0,494.0,114.0,549.0,367.0,276.0,552.0,208.0,586.0,725.0,585.0,7.0
561,0.0,6.0,1.0,594.0,3.0,228.0,798.0,675.0,671.0,721.0,587.0,161.0,146.0,8.0
562,0.0,6.0,1.0,838.0,73.0,171.0,181.0,283.0,701.0,459.0,721.0,704.0,487.0,2.0
563,0.0,6.0,1.0,636.0,136.0,516.0,444.0,628.0,631.0,202.0,365.0,374.0,219.0,1.0
564,0.0,6.0,1.0,800.0,201.0,319.0,89.0,444.0,273.0,165.0,512.0,608.0,340.0,0.0
565,0.0,6.0,1.0,522.0,642.0,577.0,417.0,187.0,102.0,215.0,636.0,741.0,316.0,5.0
566,0.0,6.0,1.0,595.0,271.0,713.0,485.0,92.0,491.0,412.0,498.0,604.0,299.0,6.0
567,0.0,6.0,1.0,674.0,131.0,745.0,817.0,266.0,302.0,17.0,263.0,621.0,772.0,3.0
568,0.0,6.0,1.0,171.0,711.0,689.0,324.0,65.0,63.0,57.0,632.0,724.0,755.0,9.0
569,0.0,6.0,1.0,241.0,406.0,780.0,513.0,90.0,478.0,373.0,530.0,626.0,745.0,4.0
570,0.0,6.0,1.0,38.0,177.0,769.0,822.0,309.0,444.0,153.0,86.0,236.0,771.0,10.0
571,0.0,6.0,1.0,435.0,202.0,477.0,342.0,345.0,496.0,257.0,608.0,680.0,546.0,7.0
572,0.0,6.0,1.0,364.0,9.0,470.0,764.0,719.0,639.0,641.0,376.0,150.0,144.0,8.0
573,0.0,6.0,1.0,823.0,55.0,237.0,264.0,301.0,726.0,445.0,715.0,656.0,446.0,2.0
574,0.0,6.0,1.0,796.0,131.0,295.0,334.0,524.0,635.0,289.0,600.0,538.0,279.0,1.0
575,0.0,6.0,1.0,772.0,179.0,353.0,137.0,532.0,311.0,150.0,475.0,558.0,296.0,0.0
576,0.0,6.0,1.0,465.0,598.0,617.0,437.0,228.0,87.0,190.0,552.0,736.0,356.0,5.0
577,0.0,6.0,1.0,536.0,309.0,708.0,473.0,136.0,570.0,382.0,468.0,524.0,303.0,6.0
578,0.0,6.0,1.0,587.0,173.0,758.0,814.0,219.0,300.0,14.0,324.0,684.0,762.0,3.0
579,0.0,6.0,1.0,169.0,768.0,654.0,277.0,70.0,59.0,41.0,619.0,714.0,721.0,9.0
580,0.0,6.0,1.0,234.0,449.0,729.0,428.0,149.0,553.0,226.0,559.0,705.0,686.0,4.0
581,0.0,6.0,1.0,45.0,164.0,774.0,833.0,302.0,309.0,167.0,127.0,160.0,763.0,10.0
582,0.0,6.0,1.0,361.0,413.0,281.0,393.0,513.0,509.0,445.0,581.0,616.0,297.0,7.0
583,0.0,6.0,1.0,380.0,11.0,430.0,682.0,768.0,648.0,505.0,387.0,203.0,94.0,8.0
584,0.0,6.0,1.0,750.0,68.0,322.0,357.0,411.0,752.0,466.0,706.0,645.0,372.0,2.0
585,0.0,6.0,1.0,842.0,118.0,329.0,240.0,397.0,607.0,295.0,583.0,680.0,408.0,1.0
586,0.0,6.0,1.0,721.0,188.0,374.0,221.0,580.0,300.0,93.0,397.0,489.0,275.0,0.0
587,0.0,6.0,1.0,496.0,516.0,645.0,491.0,207.0,169.0,125.0,580.0,743.0,330.0,5.0
588,0.0,6.0,1.0,570.0,313.0,647.0,362.0,162.0,674.0,388.0,504.0,518.0,329.0,6.0
589,0.0,6.0,1.0,449.0,344.0,784.0,726.0,119.0,242.0,26.0,431.0,740.0,719.0,3.0
590,0.0,6.0,1.0,186.0,853.0,590.0,169.0,84.0,85.0,67.0,733.0,693.0,609.0,9.0
591,0.0,6.0,1.0,190.0,498.0,690.0,423.0,218.0,586.0,85.0,569.0,662.0,534.0,4.0
592,0.0,6.0,1.0,33.0,210.0,787.0,832.0,319.0,340.0,162.0,110.0,148.0,751.0,10.0
593,0.0,6.0,1.0,364.0,460.0,246.0,347.0,638.0,503.0,543.0,542.0,691.0,242.0,7.0
594,0.0,7.0,1.0,428.0,65.0,146.0,747.0,603.0,766.0,474.0,537.0,96.0,160.0,8.0
595,0.0,7.0,1.0,395.0,209.0,301.0,721.0,511.0,565.0,311.0,458.0,106.0,168.0,2.0
596,0.0,7.0,1.0,755.0,175.0,78.0,482.0,243.0,287.0,328.0,593.0,266.0,432.0,1.0
597,0.0,7.0,1.0,768.0,396.0,158.0,454.0,73.0,354.0,497.0,227.0,400.0,204.0,0.0
598,0.0,7.0,1.0,573.0,671.0,9.0,325.0,215.0,514.0,522.0,160.0,444.0,397.0,5.0
599,0.0,7.0,1.0,652.0,581.0,155.0,279.0,157.0,214.0,410.0,561.0,272.0,357.0,6.0
600,0.0,7.0,1.0,385.0,682.0,260.0,126.0,135.0,490.0,541.0,627.0,285.0,147.0,3.0
601,0.0,7.0,1.0,157.0,841.0,460.0,301.0,61.0,207.0,555.0,476.0,732.0,389.0,9.0
602,0.0,7.0,1.0,133.0,677.0,294.0,267.0,231.0,662.0,297.0,427.0,553.0,176.0,4.0
603,0.0,7.0,1.0,42.0,733.0,573.0,463.0,232.0,594.0,320.0,238.0,745.0,364.0,10.0
604,0.0,7.0,1.0,256.0,442.0,295.0,453.0,357.0,486.0,488.0,526.0,193.0,284.0,7.0
605,0.0,7.0,1.0,475.0,61.0,118.0,712.0,588.0,781.0,477.0,623.0,64.0,204.0,8.0
606,0.0,7.0,1.0,370.0,214.0,316.0,714.0,493.0,574.0,368.0,412.0,183.0,60.0,2.0
607,0.0,7.0,1.0,765.0,166.0,68.0,483.0,248.0,264.0,330.0,628.0,293.0,416.0,1.0
608,0.0,7.0,1.0,777.0,387.0,190.0,462.0,88.0,282.0,561.0,197.0,445.0,177.0,0.0
609,0.0,7.0,1.0,569.0,667.0,17.0,329.0,146.0,602.0,417.0,218.0,418.0,383.0,5.0
610,0.0,7.0,1.0,655.0,573.0,192.0,300.0,166.0,206.0,345.0,617.0,204.0,407.0,6.0
611,0.0,7.0,1.0,405.0,702.0,145.0,121.0,201.0,522.0,554.0,538.0,268.0,130.0,3.0
612,0.0,7.0,1.0,161.0,848.0,391.0,294.0,41.0,419.0,489.0,556.0,703.0,313.0,9.0
613,0.0,7.0,1.0,124.0,725.0,152.0,311.0,326.0,670.0,169.0,536.0,369.0,134.0,4.0
614,0.0,7.0,1.0,37.0,755.0,546.0,481.0,179.0,686.0,71.0,500.0,619.0,312.0,10.0
615,0.0,7.0,1.0,264.0,433.0,350.0,415.0,374.0,529.0,476.0,506.0,220.0,265.0,7.0
616,0.0,7.0,1.0,492.0,56.0,117.0,718.0,598.0,777.0,451.0,615.0,65.0,205.0,8.0
617,0.0,7.0,1.0,327.0,235.0,351.0,685.0,506.0,587.0,350.0,415.0,189.0,48.0,2.0
618,0.0,7.0,1.0,781.0,165.0,87.0,467.0,295.0,213.0,343.0,565.0,373.0,347.0,1.0
619,0.0,7.0,1.0,782.0,360.0,206.0,489.0,59.0,302.0,520.0,251.0,460.0,158.0,0.0
620,0.0,7.0,1.0,557.0,657.0,10.0,334.0,168.0,606.0,429.0,167.0,472.0,400.0,5.0
621,0.0,7.0,1.0,660.0,557.0,221.0,333.0,169.0,229.0,325.0,616.0,208.0,398.0,6.0
622,0.0,7.0,1.0,418.0,737.0,62.0,101.0,353.0,563.0,478.0,489.0,172.0,203.0,3.0
623,0.0,7.0,1.0,155.0,846.0,406.0,268.0,17.0,580.0,406.0,696.0,500.0,326.0,9.0
624,0.0,7.0,1.0,124.0,758.0,86.0,379.0,419.0,659.0,144.0,517.0,286.0,125.0,4.0
625,0.0,7.0,1.0,35.0,782.0,552.0,484.0,147.0,693.0,73.0,483.0,579.0,303.0,10.0
626,0.0,7.0,1.0,257.0,447.0,321.0,412.0,380.0,591.0,443.0,422.0,219.0,275.0,7.0
627,0.0,7.0,1.0,486.0,58.0,127.0,722.0,595.0,785.0,437.0,578.0,60.0,161.0,8.0
628,0.0,7.0,1.0,299.0,261.0,375.0,671.0,510.0,606.0,336.0,409.0,154.0,93.0,2.0
629,0.0,7.0,1.0,789.0,159.0,95.0,478.0,279.0,225.0,357.0,549.0,411.0,294.0,1.0
630,0.0,7.0,1.0,784.0,337.0,205.0,477.0,62.0,210.0,587.0,249.0,474.0,165.0,0.0
631,0.0,7.0,1.0,565.0,645.0,16.0,301.0,167.0,641.0,332.0,245.0,438.0,411.0,5.0
632,0.0,7.0,1.0,647.0,528.0,220.0,326.0,193.0,304.0,331.0,568.0,249.0,362.0,6.0
633,0.0,7.0,1.0,424.0,739.0,54.0,163.0,332.0,457.0,553.0,527.0,143.0,186.0,3.0
634,0.0,7.0,1.0,150.0,850.0,411.0,254.0,21.0,537.0,436.0,652.0,554.0,305.0,9.0
635,0.0,7.0,1.0,120.0,772.0,77.0,422.0,494.0,590.0,296.0,329.0,485.0,66.0,4.0
636,0.0,7.0,1.0,30.0,763.0,591.0,487.0,171.0,576.0,357.0,200.0,706.0,359.0,10.0
637,0.0,7.0,1.0,255.0,453.0,333.0,418.0,378.0,623.0,405.0,393.0,242.0,300.0,7.0
638,0.0,7.0,1.0,455.0,68.0,133.0,737.0,594.0,789.0,411.0,524.0,76.0,98.0,8.0
639,0.0,7.0,1.0,259.0,296.0,393.0,692.0,505.0,597.0,306.0,396.0,82.0,194.0,2.0
640,0.0,7.0,1.0,783.0,147.0,83.0,511.0,290.0,240.0,352.0,558.0,423.0,325.0,1.0
641,0.0,7.0,1.0,778.0,347.0,196.0,449.0,71.0,199.0,614.0,247.0,454.0,190.0,0.0
642,0.0,7.0,1.0,564.0,625.0,27.0,258.0,159.0,587.0,486.0,266.0,461.0,348.0,5.0
643,0.0,7.0,1.0,598.0,501.0,177.0,307.0,265.0,328.0,368.0,529.0,302.0,322.0,6.0
644,0.0,7.0,1.0,413.0,723.0,39.0,172.0,354.0,500.0,531.0,460.0,151.0,216.0,3.0
645,0.0,7.0,1.0,142.0,855.0,408.0,262.0,25.0,459.0,343.0,683.0,627.0,341.0,9.0
646,0.0,7.0,1.0,108.0,794.0,84.0,406.0,633.0,541.0,312.0,133.0,464.0,124.0,4.0
647,0.0,7.0,1.0,26.0,777.0,583.0,468.0,234.0,462.0,427.0,153.0,713.0,407.0,10.0
648,0.0,7.0,1.0,254.0,496.0,284.0,424.0,439.0,621.0,392.0,348.0,192.0,304.0,7.0
649,0.0,7.0,1.0,434.0,74.0,129.0,762.0,613.0,784.0,398.0,496.0,67.0,93.0,8.0
650,0.0,7.0,1.0,208.0,389.0,379.0,692.0,539.0,508.0,370.0,305.0,54.0,200.0,2.0
651,0.0,7.0,1.0,759.0,149.0,71.0,537.0,250.0,322.0,387.0,573.0,395.0,346.0,1.0
652,0.0,7.0,1.0,767.0,325.0,200.0,442.0,68.0,310.0,532.0,319.0,382.0,228.0,0.0
653,0.0,7.0,1.0,525.0,610.0,55.0,270.0,122.0,633.0,383.0,375.0,378.0,296.0,5.0
654,0.0,7.0,1.0,512.0,526.0,113.0,378.0,378.0,397.0,404.0,433.0,207.0,335.0,6.0
655,0.0,7.0,1.0,401.0,691.0,89.0,80.0,347.0,636.0,421.0,414.0,182.0,261.0,3.0
656,0.0,7.0,1.0,145.0,856.0,377.0,214.0,40.0,348.0,584.0,504.0,684.0,336.0,9.0
657,0.0,7.0,1.0,96.0,833.0,51.0,538.0,641.0,491.0,104.0,139.0,339.0,199.0,4.0
658,0.0,7.0,1.0,22.0,808.0,523.0,433.0,256.0,487.0,375.0,184.0,717.0,368.0,10.0
659,0.0,7.0,1.0,247.0,533.0,329.0,445.0,412.0,613.0,391.0,306.0,181.0,272.0,7.0
660,0.0,9.0,1.0,148.0,104.0,482.0,771.0,571.0,730.0,631.0,121.0,433.0,64.0,8.0
661,0.0,9.0,1.0,498.0,141.0,181.0,675.0,582.0,692.0,489.0,661.0,324.0,158.0,2.0
662,0.0,9.0,1.0,596.0,242.0,208.0,305.0,699.0,298.0,426.0,519.0,200.0,337.0,1.0
663,0.0,9.0,1.0,676.0,445.0,115.0,286.0,639.0,161.0,391.0,615.0,373.0,95.0,0.0
664,0.0,9.0,1.0,580.0,651.0,574.0,74.0,298.0,521.0,417.0,582.0,555.0,45.0,5.0
665,0.0,9.0,1.0,690.0,688.0,105.0,88.0,667.0,507.0,364.0,398.0,579.0,103.0,6.0
666,0.0,9.0,1.0,492.0,795.0,472.0,42.0,257.0,544.0,544.0,694.0,590.0,19.0,3.0
667,0.0,9.0,1.0,131.0,834.0,674.0,199.0,143.0,162.0,198.0,793.0,539.0,255.0,9.0
668,0.0,9.0,1.0,210.0,750.0,207.0,431.0,391.0,202.0,652.0,759.0,601.0,307.0,4.0
669,0.0,9.0,1.0,51.0,696.0,262.0,633.0,281.0,345.0,470.0,551.0,673.0,54.0,10.0
670,0.0,9.0,1.0,313.0,369.0,265.0,389.0,586.0,267.0,616.0,633.0,72.0,299.0,7.0
671,0.0,9.0,1.0,154.0,97.0,503.0,783.0,575.0,740.0,634.0,105.0,359.0,69.0,8.0
672,0.0,9.0,1.0,466.0,148.0,199.0,698.0,583.0,704.0,478.0,692.0,280.0,196.0,2.0
673,0.0,9.0,1.0,608.0,247.0,183.0,333.0,709.0,287.0,471.0,484.0,215.0,320.0,1.0
674,0.0,9.0,1.0,695.0,455.0,65.0,387.0,547.0,117.0,463.0,604.0,306.0,142.0,0.0
675,0.0,9.0,1.0,576.0,676.0,521.0,82.0,332.0,484.0,443.0,592.0,541.0,43.0,5.0
676,0.0,9.0,1.0,678.0,660.0,211.0,54.0,584.0,591.0,297.0,340.0,624.0,105.0,6.0
677,0.0,9.0,1.0,464.0,759.0,656.0,58.0,133.0,545.0,573.0,646.0,669.0,65.0,3.0
678,0.0,9.0,1.0,135.0,824.0,694.0,217.0,164.0,122.0,194.0,790.0,622.0,316.0,9.0
679,0.0,9.0,1.0,171.0,797.0,168.0,389.0,474.0,253.0,683.0,675.0,541.0,235.0,4.0
680,0.0,9.0,1.0,52.0,709.0,218.0,542.0,403.0,265.0,599.0,497.0,680.0,171.0,10.0
681,0.0,9.0,1.0,261.0,321.0,435.0,403.0,592.0,201.0,509.0,697.0,152.0,265.0,7.0
682,0.0,9.0,1.0,203.0,71.0,469.0,820.0,538.0,762.0,594.0,204.0,328.0,29.0,8.0
683,0.0,9.0,1.0,457.0,154.0,193.0,690.0,593.0,703.0,526.0,684.0,330.0,118.0,2.0
684,0.0,9.0,1.0,626.0,258.0,144.0,398.0,694.0,282.0,548.0,434.0,245.0,312.0,1.0
685,0.0,9.0,1.0,718.0,461.0,66.0,361.0,541.0,141.0,393.0,650.0,289.0,154.0,0.0
686,0.0,9.0,1.0,567.0,637.0,619.0,84.0,284.0,494.0,433.0,561.0,587.0,58.0,5.0
687,0.0,9.0,1.0,686.0,639.0,286.0,39.0,551.0,611.0,346.0,257.0,637.0,115.0,6.0
688,0.0,9.0,1.0,473.0,752.0,697.0,62.0,85.0,524.0,651.0,580.0,682.0,145.0,3.0
689,0.0,9.0,1.0,175.0,819.0,637.0,116.0,140.0,192.0,318.0,789.0,634.0,349.0,9.0
690,0.0,9.0,1.0,185.0,774.0,128.0,303.0,534.0,437.0,652.0,620.0,480.0,308.0,4.0
691,0.0,9.0,1.0,50.0,707.0,240.0,470.0,394.0,426.0,545.0,472.0,703.0,198.0,10.0
692,0.0,9.0,1.0,237.0,310.0,487.0,456.0,573.0,200.0,421.0,693.0,199.0,275.0,7.0
693,0.0,9.0,1.0,271.0,42.0,404.0,835.0,561.0,760.0,550.0,378.0,359.0,8.0,8.0
694,0.0,9.0,1.0,467.0,150.0,173.0,654.0,599.0,696.0,555.0,670.0,379.0,77.0,2.0
695,0.0,9.0,1.0,633.0,265.0,109.0,464.0,649.0,296.0,608.0,403.0,274.0,309.0,1.0
696,0.0,9.0,1.0,711.0,474.0,102.0,309.0,604.0,149.0,399.0,605.0,374.0,100.0,0.0
697,0.0,9.0,1.0,593.0,640.0,602.0,69.0,275.0,540.0,472.0,527.0,572.0,46.0,5.0
698,0.0,9.0,1.0,687.0,607.0,439.0,27.0,467.0,655.0,420.0,222.0,641.0,157.0,6.0
699,0.0,9.0,1.0,495.0,727.0,724.0,75.0,50.0,451.0,682.0,537.0,701.0,210.0,3.0
700,0.0,9.0,1.0,207.0,835.0,564.0,50.0,76.0,379.0,391.0,792.0,522.0,324.0,9.0
701,0.0,9.0,1.0,202.0,662.0,286.0,235.0,473.0,191.0,552.0,734.0,624.0,388.0,4.0
702,0.0,9.0,1.0,38.0,713.0,345.0,447.0,334.0,460.0,475.0,455.0,744.0,237.0,10.0
703,0.0,9.0,1.0,267.0,294.0,477.0,390.0,577.0,280.0,467.0,695.0,250.0,202.0,7.0
704,0.0,9.0,1.0,282.0,39.0,396.0,834.0,540.0,773.0,537.0,370.0,281.0,7.0,8.0
705,0.0,9.0,1.0,466.0,112.0,226.0,572.0,576.0,712.0,457.0,663.0,495.0,38.0,2.0
706,0.0,9.0,1.0,559.0,274.0,161.0,509.0,677.0,314.0,542.0,389.0,213.0,281.0,1.0
707,0.0,9.0,1.0,698.0,469.0,170.0,199.0,666.0,208.0,307.0,574.0,477.0,41.0,0.0
708,0.0,9.0,1.0,654.0,692.0,484.0,38.0,302.0,567.0,550.0,481.0,582.0,41.0,5.0
709,0.0,9.0,1.0,668.0,574.0,553.0,30.0,398.0,678.0,549.0,191.0,614.0,167.0,6.0
710,0.0,9.0,1.0,505.0,632.0,767.0,93.0,34.0,242.0,702.0,480.0,738.0,269.0,3.0
711,0.0,9.0,1.0,177.0,812.0,655.0,61.0,44.0,396.0,384.0,791.0,571.0,381.0,9.0
712,0.0,9.0,1.0,137.0,565.0,485.0,443.0,513.0,62.0,281.0,702.0,680.0,504.0,4.0
713,0.0,9.0,1.0,28.0,746.0,431.0,469.0,316.0,463.0,428.0,428.0,760.0,259.0,10.0
714,0.0,9.0,1.0,277.0,279.0,458.0,373.0,563.0,295.0,518.0,654.0,336.0,221.0,7.0
715,0.0,9.0,1.0,372.0,25.0,302.0,829.0,497.0,790.0,546.0,360.0,216.0,6.0,8.0
716,0.0,9.0,1.0,486.0,82.0,263.0,534.0,517.0,756.0,373.0,704.0,512.0,25.0,2.0
717,0.0,9.0,1.0,462.0,273.0,297.0,436.0,707.0,366.0,403.0,383.0,197.0,254.0,1.0
718,0.0,9.0,1.0,684.0,471.0,172.0,203.0,665.0,271.0,286.0,544.0,453.0,30.0,0.0
719,0.0,9.0,1.0,653.0,649.0,593.0,33.0,175.0,562.0,641.0,390.0,638.0,80.0,5.0
720,0.0,9.0,1.0,591.0,485.0,663.0,55.0,393.0,640.0,593.0,231.0,625.0,132.0,6.0
721,0.0,9.0,1.0,477.0,536.0,793.0,80.0,32.0,134.0,720.0,441.0,748.0,296.0,3.0
722,0.0,9.0,1.0,127.0,740.0,730.0,173.0,55.0,177.0,227.0,763.0,699.0,434.0,9.0
723,0.0,9.0,1.0,157.0,628.0,385.0,540.0,420.0,135.0,408.0,639.0,666.0,358.0,4.0
724,0.0,9.0,1.0,20.0,773.0,443.0,450.0,396.0,360.0,529.0,442.0,757.0,382.0,10.0
725,0.0,9.0,1.0,276.0,242.0,445.0,429.0,554.0,215.0,481.0,631.0,427.0,261.0,7.0
726,0.0,13.0,1.0,679.0,41.0,119.0,627.0,616.0,758.0,414.0,567.0,29.0,225.0,8.0
727,0.0,13.0,1.0,526.0,160.0,283.0,650.0,682.0,625.0,410.0,396.0,113.0,174.0,2.0
728,0.0,13.0,1.0,763.0,248.0,192.0,321.0,734.0,292.0,611.0,410.0,118.0,175.0,1.0
729,0.0,13.0,1.0,746.0,327.0,501.0,105.0,530.0,170.0,470.0,216.0,494.0,270.0,0.0
730,0.0,13.0,1.0,644.0,441.0,526.0,312.0,262.0,238.0,207.0,335.0,664.0,218.0,5.0
731,0.0,13.0,1.0,706.0,366.0,520.0,396.0,362.0,239.0,142.0,416.0,628.0,223.0,6.0
732,0.0,13.0,1.0,479.0,683.0,244.0,326.0,301.0,65.0,607.0,384.0,686.0,317.0,3.0
733,0.0,13.0,1.0,228.0,793.0,7.0,339.0,351.0,614.0,697.0,480.0,533.0,155.0,9.0
734,0.0,13.0,1.0,164.0,792.0,180.0,166.0,310.0,675.0,572.0,610.0,145.0,253.0,4.0
735,0.0,13.0,1.0,163.0,205.0,371.0,701.0,527.0,768.0,335.0,438.0,279.0,355.0,10.0
736,0.0,13.0,1.0,407.0,436.0,474.0,453.0,684.0,264.0,415.0,281.0,463.0,44.0,7.0
737,0.0,13.0,1.0,700.0,36.0,100.0,618.0,621.0,759.0,438.0,550.0,50.0,169.0,8.0
738,0.0,13.0,1.0,501.0,161.0,296.0,583.0,731.0,576.0,570.0,241.0,331.0,104.0,2.0
739,0.0,13.0,1.0,732.0,234.0,369.0,249.0,776.0,435.0,515.0,402.0,209.0,56.0,1.0
740,0.0,13.0,1.0,740.0,322.0,509.0,136.0,525.0,146.0,463.0,259.0,480.0,305.0,0.0
741,0.0,13.0,1.0,635.0,440.0,544.0,323.0,297.0,183.0,262.0,299.0,682.0,207.0,5.0
742,0.0,13.0,1.0,699.0,358.0,531.0,404.0,356.0,218.0,221.0,379.0,674.0,217.0,6.0
743,0.0,13.0,1.0,434.0,681.0,317.0,219.0,357.0,94.0,609.0,384.0,720.0,229.0,3.0
744,0.0,13.0,1.0,197.0,821.0,13.0,296.0,445.0,549.0,708.0,456.0,473.0,215.0,9.0
745,0.0,13.0,1.0,123.0,811.0,315.0,212.0,208.0,616.0,627.0,591.0,140.0,292.0,4.0
746,0.0,13.0,1.0,162.0,212.0,363.0,704.0,499.0,791.0,296.0,440.0,228.0,363.0,10.0
747,0.0,13.0,1.0,394.0,456.0,502.0,469.0,687.0,276.0,407.0,310.0,465.0,34.0,7.0
748,0.0,13.0,1.0,698.0,34.0,93.0,609.0,607.0,767.0,464.0,528.0,44.0,177.0,8.0
749,0.0,13.0,1.0,509.0,152.0,263.0,562.0,727.0,545.0,617.0,253.0,367.0,184.0,2.0
750,0.0,13.0,1.0,715.0,232.0,389.0,282.0,778.0,461.0,499.0,372.0,218.0,57.0,1.0
751,0.0,13.0,1.0,736.0,345.0,527.0,130.0,507.0,173.0,473.0,236.0,412.0,331.0,0.0
752,0.0,13.0,1.0,618.0,444.0,477.0,320.0,300.0,160.0,251.0,373.0,690.0,179.0,5.0
753,0.0,13.0,1.0,681.0,361.0,491.0,390.0,431.0,179.0,287.0,380.0,695.0,123.0,6.0
754,0.0,13.0,1.0,399.0,687.0,368.0,117.0,360.0,217.0,645.0,313.0,742.0,172.0,3.0
755,0.0,13.0,1.0,178.0,815.0,125.0,104.0,440.0,409.0,703.0,509.0,562.0,341.0,9.0
756,0.0,13.0,1.0,134.0,798.0,270.0,229.0,313.0,560.0,685.0,525.0,338.0,235.0,4.0
757,0.0,13.0,1.0,121.0,245.0,383.0,733.0,513.0,787.0,279.0,366.0,276.0,288.0,10.0
758,0.0,13.0,1.0,399.0,421.0,440.0,504.0,683.0,277.0,440.0,370.0,441.0,22.0,7.0
759,0.0,13.0,1.0,682.0,29.0,101.0,605.0,589.0,779.0,468.0,505.0,40.0,185.0,8.0
760,0.0,13.0,1.0,503.0,134.0,311.0,559.0,715.0,504.0,647.0,263.0,429.0,189.0,2.0
761,0.0,13.0,1.0,723.0,238.0,286.0,331.0,769.0,416.0,565.0,380.0,157.0,75.0,1.0
762,0.0,13.0,1.0,735.0,374.0,498.0,164.0,463.0,225.0,479.0,206.0,363.0,332.0,0.0
763,0.0,13.0,1.0,584.0,467.0,367.0,372.0,253.0,186.0,201.0,449.0,678.0,111.0,5.0
764,0.0,13.0,1.0,640.0,368.0,506.0,351.0,468.0,234.0,342.0,327.0,655.0,135.0,6.0
765,0.0,13.0,1.0,381.0,695.0,290.0,127.0,346.0,271.0,636.0,317.0,718.0,117.0,3.0
766,0.0,13.0,1.0,154.0,829.0,126.0,128.0,358.0,540.0,638.0,558.0,439.0,386.0,9.0
767,0.0,13.0,1.0,159.0,790.0,217.0,259.0,367.0,564.0,679.0,532.0,437.0,302.0,4.0
768,0.0,13.0,1.0,84.0,286.0,410.0,770.0,531.0,771.0,255.0,323.0,315.0,251.0,10.0
769,0.0,13.0,1.0,374.0,416.0,422.0,466.0,703.0,245.0,444.0,330.0,466.0,35.0,7.0
770,0.0,13.0,1.0,680.0,27.0,91.0,571.0,572.0,788.0,533.0,477.0,78.0,92.0,8.0
771,0.0,13.0,1.0,532.0,113.0,360.0,544.0,722.0,491.0,655.0,265.0,489.0,173.0,2.0
772,0.0,13.0,1.0,710.0,236.0,277.0,348.0,763.0,405.0,592.0,395.0,155.0,90.0,1.0
773,0.0,13.0,1.0,738.0,381.0,493.0,207.0,448.0,256.0,461.0,210.0,386.0,311.0,0.0
774,0.0,13.0,1.0,581.0,479.0,331.0,391.0,214.0,249.0,139.0,549.0,611.0,108.0,5.0
775,0.0,13.0,1.0,582.0,364.0,566.0,304.0,526.0,299.0,422.0,228.0,597.0,142.0,6.0
776,0.0,13.0,1.0,371.0,707.0,139.0,138.0,383.0,382.0,624.0,316.0,669.0,50.0,3.0
777,0.0,13.0,1.0,156.0,831.0,149.0,160.0,317.0,523.0,605.0,558.0,482.0,495.0,9.0
778,0.0,13.0,1.0,119.0,787.0,361.0,350.0,286.0,488.0,653.0,470.0,487.0,301.0,4.0
779,0.0,13.0,1.0,68.0,333.0,424.0,788.0,546.0,761.0,206.0,336.0,290.0,260.0,10.0
780,0.0,13.0,1.0,350.0,429.0,350.0,524.0,626.0,345.0,327.0,392.0,348.0,39.0,7.0
781,0.0,13.0,1.0,696.0,25.0,73.0,548.0,557.0,783.0,596.0,460.0,149.0,37.0,8.0
782,0.0,13.0,1.0,523.0,114.0,329.0,582.0,727.0,502.0,628.0,267.0,479.0,157.0,2.0
783,0.0,13.0,1.0,697.0,217.0,313.0,386.0,760.0,346.0,595.0,388.0,171.0,140.0,1.0
784,0.0,13.0,1.0,744.0,365.0,513.0,211.0,456.0,250.0,465.0,208.0,398.0,285.0,0.0
785,0.0,13.0,1.0,589.0,488.0,339.0,363.0,225.0,237.0,160.0,510.0,667.0,121.0,5.0
786,0.0,13.0,1.0,547.0,362.0,605.0,319.0,585.0,336.0,495.0,220.0,529.0,122.0,6.0
787,0.0,13.0,1.0,370.0,704.0,119.0,110.0,475.0,362.0,664.0,282.0,615.0,80.0,3.0
788,0.0,13.0,1.0,159.0,817.0,199.0,185.0,312.0,404.0,644.0,439.0,606.0,504.0,9.0
789,0.0,13.0,1.0,110.0,718.0,304.0,440.0,274.0,573.0,642.0,426.0,496.0,244.0,4.0
790,0.0,13.0,1.0,60.0,346.0,434.0,778.0,539.0,763.0,184.0,407.0,262.0,323.0,10.0
791,0.0,13.0,1.0,389.0,350.0,247.0,565.0,575.0,313.0,372.0,460.0,273.0,119.0,7.0
792,0.0,11.0,0.0,349.0,18.0,669.0,827.0,725.0,582.0,62.0,35.0,334.0,674.0,8.0
793,0.0,11.0,0.0,342.0,215.0,616.0,709.0,758.0,231.0,51.0,129.0,206.0,664.0,2.0
794,0.0,11.0,0.0,560.0,335.0,587.0,466.0,505.0,48.0,149.0,297.0,477.0,639.0,1.0
795,0.0,11.0,0.0,760.0,518.0,513.0,159.0,420.0,155.0,279.0,165.0,405.0,542.0,0.0
796,0.0,11.0,0.0,727.0,769.0,143.0,56.0,463.0,547.0,450.0,115.0,180.0,549.0,5.0
797,0.0,11.0,0.0,636.0,622.0,488.0,70.0,453.0,369.0,301.0,290.0,197.0,463.0,6.0
798,0.0,11.0,0.0,592.0,800.0,402.0,9.0,239.0,575.0,593.0,423.0,100.0,434.0,3.0
799,0.0,11.0,0.0,341.0,744.0,336.0,20.0,312.0,708.0,734.0,440.0,452.0,53.0,9.0
800,0.0,11.0,0.0,184.0,854.0,232.0,204.0,281.0,483.0,559.0,334.0,305.0,116.0,4.0
801,0.0,11.0,0.0,65.0,742.0,561.0,288.0,396.0,314.0,269.0,656.0,202.0,49.0,10.0
802,0.0,11.0,0.0,478.0,545.0,291.0,395.0,478.0,429.0,207.0,391.0,271.0,527.0,7.0
803,0.0,11.0,0.0,263.0,40.0,679.0,739.0,774.0,679.0,28.0,28.0,464.0,620.0,8.0
804,0.0,11.0,0.0,383.0,151.0,543.0,759.0,762.0,251.0,114.0,158.0,201.0,670.0,2.0
805,0.0,11.0,0.0,617.0,283.0,579.0,553.0,530.0,33.0,157.0,285.0,428.0,674.0,1.0
806,0.0,11.0,0.0,778.0,512.0,592.0,159.0,434.0,235.0,232.0,145.0,367.0,497.0,0.0
807,0.0,11.0,0.0,729.0,781.0,250.0,25.0,404.0,478.0,481.0,143.0,174.0,452.0,5.0
808,0.0,11.0,0.0,672.0,583.0,455.0,103.0,492.0,376.0,385.0,300.0,244.0,366.0,6.0
809,0.0,11.0,0.0,571.0,795.0,457.0,8.0,299.0,652.0,504.0,377.0,108.0,421.0,3.0
810,0.0,11.0,0.0,365.0,748.0,361.0,16.0,260.0,689.0,730.0,418.0,475.0,113.0,9.0
811,0.0,11.0,0.0,198.0,814.0,363.0,278.0,382.0,205.0,600.0,398.0,530.0,339.0,4.0
812,0.0,11.0,0.0,77.0,712.0,629.0,232.0,354.0,393.0,222.0,666.0,264.0,31.0,10.0
813,0.0,11.0,0.0,450.0,614.0,264.0,435.0,539.0,400.0,180.0,315.0,252.0,514.0,7.0
814,0.0,11.0,0.0,265.0,38.0,677.0,744.0,767.0,682.0,34.0,23.0,448.0,610.0,8.0
815,0.0,11.0,0.0,393.0,132.0,529.0,707.0,771.0,259.0,128.0,243.0,243.0,703.0,2.0
816,0.0,11.0,0.0,605.0,305.0,584.0,607.0,503.0,80.0,107.0,233.0,446.0,651.0,1.0
817,0.0,11.0,0.0,788.0,508.0,636.0,196.0,469.0,154.0,339.0,199.0,340.0,395.0,0.0
818,0.0,11.0,0.0,716.0,805.0,134.0,52.0,405.0,479.0,489.0,129.0,158.0,513.0,5.0
819,0.0,11.0,0.0,672.0,579.0,418.0,176.0,452.0,314.0,490.0,271.0,260.0,337.0,6.0
820,0.0,11.0,0.0,534.0,778.0,468.0,11.0,291.0,668.0,514.0,353.0,86.0,396.0,3.0
821,0.0,11.0,0.0,360.0,764.0,299.0,22.0,250.0,630.0,714.0,359.0,396.0,170.0,9.0
822,0.0,11.0,0.0,226.0,741.0,478.0,265.0,451.0,104.0,630.0,371.0,653.0,480.0,4.0
823,0.0,11.0,0.0,88.0,674.0,686.0,277.0,311.0,364.0,211.0,688.0,368.0,14.0,10.0
824,0.0,11.0,0.0,414.0,626.0,276.0,416.0,523.0,335.0,196.0,305.0,247.0,469.0,7.0
825,0.0,11.0,0.0,326.0,21.0,659.0,786.0,752.0,663.0,43.0,14.0,434.0,576.0,8.0
826,0.0,11.0,0.0,423.0,135.0,519.0,659.0,773.0,277.0,83.0,275.0,293.0,707.0,2.0
827,0.0,11.0,0.0,575.0,331.0,569.0,630.0,426.0,131.0,76.0,118.0,484.0,682.0,1.0
828,0.0,11.0,0.0,773.0,559.0,586.0,141.0,514.0,123.0,251.0,219.0,412.0,429.0,0.0
829,0.0,11.0,0.0,703.0,827.0,94.0,106.0,387.0,572.0,496.0,106.0,93.0,658.0,5.0
830,0.0,11.0,0.0,641.0,594.0,483.0,307.0,363.0,303.0,485.0,292.0,304.0,404.0,6.0
831,0.0,11.0,0.0,523.0,788.0,280.0,35.0,362.0,590.0,671.0,332.0,62.0,489.0,3.0
832,0.0,11.0,0.0,358.0,756.0,316.0,45.0,177.0,530.0,723.0,436.0,320.0,159.0,9.0
833,0.0,11.0,0.0,230.0,736.0,512.0,215.0,391.0,203.0,667.0,343.0,716.0,431.0,4.0
834,0.0,11.0,0.0,87.0,663.0,670.0,308.0,354.0,233.0,214.0,726.0,432.0,13.0,10.0
835,0.0,11.0,0.0,391.0,601.0,310.0,376.0,483.0,329.0,232.0,358.0,288.0,441.0,7.0
836,0.0,11.0,0.0,548.0,10.0,504.0,738.0,741.0,702.0,70.0,8.0,406.0,599.0,8.0
837,0.0,11.0,0.0,359.0,207.0,597.0,703.0,710.0,138.0,66.0,202.0,341.0,708.0,2.0
838,0.0,11.0,0.0,554.0,357.0,589.0,646.0,408.0,101.0,182.0,98.0,453.0,692.0,1.0
839,0.0,11.0,0.0,762.0,602.0,463.0,194.0,560.0,103.0,168.0,212.0,477.0,462.0,0.0
840,0.0,11.0,0.0,694.0,836.0,90.0,125.0,368.0,599.0,500.0,126.0,77.0,740.0,5.0
841,0.0,11.0,0.0,588.0,617.0,456.0,368.0,391.0,326.0,429.0,229.0,329.0,558.0,6.0
842,0.0,11.0,0.0,539.0,796.0,137.0,64.0,460.0,563.0,704.0,233.0,98.0,560.0,3.0
843,0.0,11.0,0.0,356.0,783.0,327.0,51.0,184.0,484.0,737.0,488.0,307.0,114.0,9.0
844,0.0,11.0,0.0,180.0,749.0,279.0,271.0,277.0,565.0,643.0,457.0,447.0,58.0,4.0
845,0.0,11.0,0.0,58.0,720.0,628.0,261.0,333.0,279.0,239.0,747.0,292.0,23.0,10.0
846,0.0,11.0,0.0,387.0,623.0,397.0,407.0,435.0,306.0,248.0,425.0,279.0,430.0,7.0
847,0.0,11.0,0.0,659.0,5.0,401.0,754.0,726.0,640.0,65.0,12.0,361.0,628.0,8.0
848,0.0,11.0,0.0,323.0,383.0,630.0,723.0,669.0,79.0,44.0,155.0,389.0,744.0,2.0
849,0.0,11.0,0.0,549.0,306.0,553.0,656.0,520.0,76.0,281.0,88.0,389.0,700.0,1.0
850,0.0,11.0,0.0,761.0,589.0,467.0,268.0,613.0,106.0,158.0,244.0,390.0,559.0,0.0
851,0.0,11.0,0.0,680.0,823.0,111.0,112.0,331.0,614.0,483.0,154.0,86.0,714.0,5.0
852,0.0,11.0,0.0,541.0,635.0,400.0,410.0,430.0,212.0,476.0,130.0,342.0,622.0,6.0
853,0.0,11.0,0.0,558.0,816.0,88.0,65.0,529.0,523.0,690.0,181.0,120.0,539.0,3.0
854,0.0,11.0,0.0,354.0,837.0,192.0,59.0,298.0,481.0,745.0,351.0,223.0,197.0,9.0
855,0.0,11.0,0.0,199.0,734.0,121.0,360.0,441.0,594.0,661.0,405.0,292.0,65.0,4.0
856,0.0,11.0,0.0,54.0,769.0,610.0,202.0,309.0,351.0,284.0,727.0,268.0,27.0,10.0
857,0.0,11.0,0.0,367.0,647.0,441.0,402.0,447.0,227.0,259.0,475.0,359.0,399.0,7.0
858,0.0,12.0,0.0,39.0,256.0,808.0,785.0,649.0,42.0,64.0,184.0,403.0,735.0,8.0
859,0.0,12.0,0.0,153.0,451.0,727.0,669.0,634.0,73.0,186.0,34.0,296.0,655.0,2.0
860,0.0,12.0,0.0,438.0,298.0,558.0,683.0,280.0,77.0,369.0,50.0,509.0,757.0,1.0
861,0.0,12.0,0.0,514.0,436.0,248.0,495.0,142.0,365.0,498.0,131.0,443.0,619.0,0.0
862,0.0,12.0,0.0,508.0,633.0,133.0,394.0,143.0,702.0,453.0,77.0,316.0,631.0,5.0
863,0.0,12.0,0.0,451.0,414.0,239.0,503.0,590.0,435.0,329.0,111.0,184.0,716.0,6.0
864,0.0,12.0,0.0,379.0,779.0,31.0,521.0,442.0,690.0,379.0,161.0,37.0,448.0,3.0
865,0.0,12.0,0.0,250.0,862.0,21.0,150.0,669.0,528.0,349.0,135.0,186.0,389.0,9.0
866,0.0,12.0,0.0,159.0,483.0,325.0,557.0,647.0,320.0,177.0,159.0,247.0,576.0,4.0
867,0.0,12.0,0.0,138.0,543.0,522.0,808.0,748.0,46.0,116.0,59.0,226.0,528.0,10.0
868,0.0,12.0,0.0,328.0,629.0,481.0,547.0,601.0,165.0,288.0,56.0,173.0,734.0,7.0
869,0.0,12.0,0.0,43.0,218.0,810.0,800.0,650.0,26.0,71.0,295.0,378.0,689.0,8.0
870,0.0,12.0,0.0,165.0,497.0,685.0,660.0,691.0,107.0,105.0,49.0,366.0,647.0,2.0
871,0.0,12.0,0.0,493.0,251.0,515.0,751.0,233.0,174.0,328.0,13.0,548.0,749.0,1.0
872,0.0,12.0,0.0,470.0,403.0,245.0,490.0,126.0,390.0,493.0,174.0,427.0,637.0,0.0
873,0.0,12.0,0.0,518.0,638.0,125.0,399.0,132.0,716.0,409.0,48.0,375.0,619.0,5.0
874,0.0,12.0,0.0,447.0,430.0,242.0,514.0,583.0,414.0,334.0,105.0,194.0,693.0,6.0
875,0.0,12.0,0.0,353.0,785.0,22.0,538.0,460.0,694.0,316.0,70.0,57.0,420.0,3.0
876,0.0,12.0,0.0,235.0,865.0,50.0,77.0,539.0,536.0,449.0,182.0,233.0,307.0,9.0
877,0.0,12.0,0.0,137.0,530.0,436.0,500.0,624.0,323.0,108.0,190.0,284.0,568.0,4.0
878,0.0,12.0,0.0,158.0,578.0,511.0,824.0,764.0,69.0,52.0,91.0,177.0,500.0,10.0
879,0.0,12.0,0.0,337.0,618.0,461.0,552.0,654.0,142.0,278.0,71.0,178.0,716.0,7.0
880,0.0,12.0,0.0,33.0,263.0,814.0,725.0,630.0,50.0,56.0,279.0,416.0,701.0,8.0
881,0.0,12.0,0.0,168.0,510.0,685.0,617.0,744.0,82.0,79.0,94.0,298.0,694.0,2.0
882,0.0,12.0,0.0,500.0,253.0,486.0,716.0,293.0,184.0,371.0,6.0,515.0,761.0,1.0
883,0.0,12.0,0.0,457.0,338.0,323.0,542.0,74.0,363.0,559.0,185.0,415.0,665.0,0.0
884,0.0,12.0,0.0,497.0,665.0,116.0,377.0,160.0,710.0,376.0,89.0,270.0,659.0,5.0
885,0.0,12.0,0.0,409.0,446.0,233.0,517.0,629.0,392.0,258.0,114.0,220.0,669.0,6.0
886,0.0,12.0,0.0,325.0,786.0,25.0,507.0,436.0,673.0,430.0,24.0,69.0,418.0,3.0
887,0.0,12.0,0.0,217.0,863.0,59.0,78.0,436.0,598.0,366.0,250.0,264.0,220.0,9.0
888,0.0,12.0,0.0,154.0,571.0,464.0,516.0,616.0,325.0,130.0,151.0,246.0,557.0,4.0
889,0.0,12.0,0.0,167.0,558.0,489.0,828.0,784.0,105.0,40.0,101.0,133.0,479.0,10.0
890,0.0,12.0,0.0,339.0,592.0,488.0,570.0,597.0,181.0,323.0,54.0,137.0,724.0,7.0
891,0.0,12.0,0.0,31.0,282.0,807.0,729.0,648.0,74.0,48.0,189.0,493.0,705.0,8.0
892,0.0,12.0,0.0,170.0,475.0,723.0,550.0,757.0,84.0,78.0,129.0,195.0,702.0,2.0
893,0.0,12.0,0.0,499.0,243.0,496.0,743.0,259.0,175.0,363.0,9.0,483.0,754.0,1.0
894,0.0,12.0,0.0,455.0,301.0,342.0,585.0,58.0,383.0,564.0,123.0,457.0,644.0,0.0
895,0.0,12.0,0.0,500.0,669.0,108.0,368.0,210.0,680.0,447.0,108.0,220.0,600.0,5.0
896,0.0,12.0,0.0,362.0,474.0,238.0,548.0,611.0,379.0,211.0,107.0,301.0,634.0,6.0
897,0.0,12.0,0.0,311.0,776.0,33.0,453.0,491.0,600.0,512.0,41.0,87.0,371.0,3.0
898,0.0,12.0,0.0,215.0,857.0,56.0,113.0,401.0,617.0,293.0,356.0,124.0,250.0,9.0
899,0.0,12.0,0.0,182.0,553.0,413.0,589.0,653.0,368.0,187.0,85.0,204.0,576.0,4.0
900,0.0,12.0,0.0,173.0,529.0,459.0,830.0,796.0,120.0,36.0,73.0,150.0,449.0,10.0
901,0.0,12.0,0.0,321.0,608.0,530.0,579.0,491.0,188.0,314.0,36.0,175.0,709.0,7.0
902,0.0,12.0,0.0,34.0,285.0,803.0,789.0,609.0,64.0,50.0,175.0,541.0,692.0,8.0
903,0.0,12.0,0.0,181.0,473.0,705.0,604.0,732.0,66.0,146.0,97.0,187.0,719.0,2.0
904,0.0,12.0,0.0,502.0,227.0,495.0,784.0,190.0,281.0,181.0,21.0,552.0,683.0,1.0
905,0.0,12.0,0.0,411.0,363.0,307.0,538.0,113.0,418.0,502.0,80.0,535.0,606.0,0.0
906,0.0,12.0,0.0,516.0,675.0,103.0,367.0,227.0,690.0,380.0,170.0,118.0,623.0,5.0
907,0.0,12.0,0.0,336.0,480.0,258.0,556.0,637.0,331.0,215.0,102.0,255.0,659.0,6.0
908,0.0,12.0,0.0,319.0,761.0,20.0,498.0,631.0,498.0,456.0,43.0,81.0,470.0,3.0
909,0.0,12.0,0.0,222.0,860.0,46.0,156.0,414.0,518.0,466.0,309.0,122.0,245.0,9.0
910,0.0,12.0,0.0,214.0,507.0,395.0,596.0,702.0,430.0,225.0,73.0,109.0,624.0,4.0
911,0.0,12.0,0.0,151.0,574.0,507.0,812.0,792.0,136.0,33.0,61.0,110.0,410.0,10.0
912,0.0,12.0,0.0,298.0,664.0,510.0,536.0,517.0,108.0,234.0,51.0,176.0,715.0,7.0
913,0.0,12.0,0.0,44.0,252.0,802.0,815.0,602.0,45.0,63.0,198.0,472.0,704.0,8.0
914,0.0,12.0,0.0,195.0,451.0,676.0,676.0,693.0,67.0,247.0,40.0,245.0,737.0,2.0
915,0.0,12.0,0.0,482.0,234.0,499.0,766.0,252.0,251.0,218.0,27.0,471.0,653.0,1.0
916,0.0,12.0,0.0,369.0,394.0,308.0,526.0,148.0,423.0,421.0,83.0,502.0,623.0,0.0
917,0.0,12.0,0.0,533.0,668.0,136.0,334.0,198.0,648.0,527.0,215.0,80.0,579.0,5.0
918,0.0,12.0,0.0,307.0,492.0,396.0,550.0,574.0,302.0,277.0,66.0,156.0,725.0,6.0
919,0.0,12.0,0.0,306.0,780.0,53.0,455.0,521.0,472.0,540.0,74.0,23.0,616.0,3.0
920,0.0,12.0,0.0,236.0,864.0,58.0,190.0,400.0,422.0,558.0,223.0,117.0,316.0,9.0
921,0.0,12.0,0.0,211.0,500.0,362.0,595.0,749.0,427.0,221.0,62.0,90.0,635.0,4.0
922,0.0,12.0,0.0,128.0,611.0,547.0,756.0,794.0,92.0,58.0,58.0,126.0,394.0,10.0
923,0.0,12.0,0.0,285.0,648.0,557.0,488.0,564.0,88.0,205.0,110.0,92.0,721.0,7.0
924,0.0,14.0,0.0,157.0,195.0,755.0,705.0,627.0,209.0,15.0,87.0,371.0,723.0,8.0
925,0.0,14.0,0.0,233.0,504.0,681.0,732.0,755.0,358.0,95.0,84.0,107.0,634.0,2.0
926,0.0,14.0,0.0,340.0,467.0,473.0,602.0,498.0,73.0,149.0,328.0,218.0,738.0,1.0
927,0.0,14.0,0.0,639.0,495.0,80.0,558.0,343.0,250.0,263.0,141.0,476.0,769.0,0.0
928,0.0,14.0,0.0,432.0,731.0,76.0,108.0,509.0,468.0,458.0,148.0,350.0,657.0,5.0
929,0.0,14.0,0.0,543.0,729.0,112.0,242.0,410.0,352.0,524.0,113.0,247.0,687.0,6.0
930,0.0,14.0,0.0,453.0,684.0,268.0,104.0,333.0,581.0,629.0,461.0,196.0,467.0,3.0
931,0.0,14.0,0.0,283.0,797.0,191.0,34.0,540.0,647.0,715.0,465.0,417.0,249.0,9.0
932,0.0,14.0,0.0,178.0,697.0,692.0,142.0,530.0,496.0,211.0,454.0,222.0,148.0,4.0
933,0.0,14.0,0.0,166.0,511.0,556.0,606.0,741.0,454.0,32.0,157.0,88.0,203.0,10.0
934,0.0,14.0,0.0,338.0,549.0,270.0,411.0,697.0,237.0,261.0,251.0,84.0,667.0,7.0
935,0.0,14.0,0.0,223.0,121.0,747.0,781.0,636.0,260.0,31.0,48.0,240.0,735.0,8.0
936,0.0,14.0,0.0,260.0,382.0,646.0,731.0,782.0,544.0,171.0,146.0,66.0,661.0,2.0
937,0.0,14.0,0.0,363.0,415.0,381.0,663.0,522.0,99.0,143.0,243.0,259.0,742.0,1.0
938,0.0,14.0,0.0,623.0,494.0,82.0,575.0,278.0,327.0,213.0,156.0,547.0,712.0,0.0
939,0.0,14.0,0.0,448.0,714.0,74.0,97.0,615.0,485.0,322.0,186.0,346.0,611.0,5.0
940,0.0,14.0,0.0,533.0,698.0,148.0,266.0,336.0,421.0,565.0,108.0,214.0,678.0,6.0
941,0.0,14.0,0.0,471.0,688.0,297.0,81.0,325.0,589.0,687.0,451.0,182.0,412.0,3.0
942,0.0,14.0,0.0,287.0,799.0,174.0,43.0,545.0,593.0,724.0,518.0,491.0,252.0,9.0
943,0.0,14.0,0.0,193.0,650.0,709.0,177.0,512.0,532.0,274.0,485.0,297.0,171.0,4.0
944,0.0,14.0,0.0,155.0,537.0,589.0,571.0,742.0,460.0,29.0,182.0,83.0,187.0,10.0
945,0.0,14.0,0.0,344.0,540.0,314.0,380.0,685.0,324.0,271.0,255.0,63.0,679.0,7.0
946,0.0,14.0,0.0,277.0,91.0,731.0,802.0,655.0,335.0,35.0,20.0,169.0,730.0,8.0
947,0.0,14.0,0.0,273.0,334.0,620.0,750.0,775.0,590.0,285.0,124.0,73.0,618.0,2.0
948,0.0,14.0,0.0,399.0,370.0,279.0,747.0,558.0,138.0,126.0,154.0,295.0,731.0,1.0
949,0.0,14.0,0.0,620.0,490.0,107.0,545.0,308.0,251.0,280.0,156.0,536.0,681.0,0.0
950,0.0,14.0,0.0,458.0,713.0,36.0,161.0,695.0,458.0,250.0,168.0,385.0,577.0,5.0
951,0.0,14.0,0.0,524.0,686.0,176.0,208.0,423.0,387.0,555.0,120.0,182.0,677.0,6.0
952,0.0,14.0,0.0,461.0,671.0,334.0,89.0,271.0,542.0,686.0,545.0,250.0,416.0,3.0
953,0.0,14.0,0.0,278.0,804.0,185.0,36.0,552.0,579.0,732.0,516.0,541.0,248.0,9.0
954,0.0,14.0,0.0,194.0,621.0,718.0,213.0,502.0,525.0,305.0,515.0,299.0,208.0,4.0
955,0.0,14.0,0.0,134.0,603.0,567.0,599.0,739.0,377.0,20.0,188.0,70.0,258.0,10.0
956,0.0,14.0,0.0,354.0,549.0,382.0,404.0,603.0,297.0,415.0,266.0,32.0,699.0,7.0
957,0.0,14.0,0.0,305.0,83.0,726.0,797.0,670.0,399.0,26.0,19.0,119.0,732.0,8.0
958,0.0,14.0,0.0,301.0,269.0,595.0,765.0,761.0,618.0,432.0,125.0,71.0,593.0,2.0
959,0.0,14.0,0.0,404.0,351.0,277.0,769.0,502.0,256.0,110.0,82.0,337.0,717.0,1.0
960,0.0,14.0,0.0,616.0,477.0,118.0,522.0,351.0,188.0,358.0,180.0,462.0,695.0,0.0
961,0.0,14.0,0.0,459.0,712.0,49.0,193.0,581.0,471.0,442.0,97.0,345.0,594.0,5.0
962,0.0,14.0,0.0,511.0,666.0,165.0,209.0,520.0,402.0,522.0,94.0,185.0,689.0,6.0
963,0.0,14.0,0.0,440.0,679.0,286.0,89.0,285.0,603.0,654.0,570.0,220.0,455.0,3.0
964,0.0,14.0,0.0,262.0,806.0,249.0,32.0,482.0,637.0,710.0,493.0,559.0,247.0,9.0
965,0.0,14.0,0.0,191.0,613.0,715.0,237.0,538.0,484.0,321.0,541.0,235.0,206.0,4.0
966,0.0,14.0,0.0,118.0,655.0,578.0,563.0,736.0,350.0,10.0,144.0,138.0,287.0,10.0
967,0.0,14.0,0.0,376.0,511.0,415.0,414.0,564.0,270.0,501.0,311.0,27.0,664.0,7.0
968,0.0,14.0,0.0,334.0,57.0,735.0,806.0,672.0,395.0,21.0,39.0,94.0,743.0,8.0
969,0.0,14.0,0.0,314.0,228.0,609.0,699.0,766.0,611.0,419.0,235.0,40.0,608.0,2.0
970,0.0,14.0,0.0,378.0,352.0,391.0,773.0,422.0,307.0,138.0,76.0,289.0,711.0,1.0
971,0.0,14.0,0.0,587.0,458.0,123.0,527.0,393.0,167.0,342.0,264.0,381.0,734.0,0.0
972,0.0,14.0,0.0,476.0,705.0,70.0,198.0,472.0,549.0,507.0,75.0,275.0,620.0,5.0
973,0.0,14.0,0.0,532.0,656.0,163.0,245.0,548.0,432.0,498.0,78.0,167.0,666.0,6.0
974,0.0,14.0,0.0,417.0,700.0,169.0,100.0,361.0,666.0,621.0,443.0,168.0,481.0,3.0
975,0.0,14.0,0.0,251.0,807.0,253.0,31.0,400.0,753.0,687.0,495.0,290.0,232.0,9.0
976,0.0,14.0,0.0,187.0,601.0,682.0,244.0,579.0,531.0,328.0,516.0,217.0,166.0,4.0
977,0.0,14.0,0.0,101.0,669.0,615.0,532.0,705.0,360.0,9.0,145.0,170.0,274.0,10.0
978,0.0,14.0,0.0,382.0,548.0,376.0,384.0,624.0,333.0,385.0,301.0,53.0,647.0,7.0
979,0.0,14.0,0.0,322.0,64.0,733.0,808.0,663.0,380.0,22.0,33.0,102.0,753.0,8.0
980,0.0,14.0,0.0,291.0,229.0,651.0,684.0,772.0,577.0,327.0,288.0,36.0,615.0,2.0
981,0.0,14.0,0.0,332.0,424.0,476.0,730.0,487.0,111.0,134.0,148.0,198.0,718.0,1.0
982,0.0,14.0,0.0,566.0,462.0,121.0,530.0,418.0,152.0,313.0,250.0,388.0,759.0,0.0
983,0.0,14.0,0.0,484.0,694.0,97.0,170.0,472.0,557.0,569.0,99.0,205.0,627.0,5.0
984,0.0,14.0,0.0,519.0,652.0,154.0,269.0,565.0,443.0,470.0,95.0,141.0,685.0,6.0
985,0.0,14.0,0.0,401.0,721.0,85.0,165.0,413.0,687.0,660.0,276.0,125.0,497.0,3.0
986,0.0,14.0,0.0,248.0,802.0,245.0,37.0,366.0,754.0,675.0,575.0,162.0,316.0,9.0
987,0.0,14.0,0.0,176.0,596.0,628.0,248.0,618.0,583.0,273.0,471.0,185.0,224.0,4.0
988,0.0,14.0,0.0,91.0,692.0,627.0,531.0,652.0,369.0,5.0,183.0,147.0,276.0,10.0
989,0.0,14.0,0.0,388.0,568.0,346.0,355.0,688.0,389.0,256.0,298.0,93.0,649.0,7.0
